/* fleet-glyph-set: 5d9cc6d04166 - generated by scripts/gen_icon_font.py. Do not edit. */
/*******************************************************************************
 * Size: 30 px
 * Bpp: 4
 * Opts: --font C:\Users\Marge\Documents\PlatformIO\Projects\ESP32 Voice Assistant Fleet\assets\fonts\materialdesignicons-webfont-7.4.47.ttf -r 0xF0004,0xF0012,0xF0026,0xF0028,0xF0079,0xF007A,0xF007C,0xF007E,0xF0080,0xF0082,0xF0083,0xF0084,0xF008E,0xF00DE,0xF0142,0xF0150,0xF0159,0xF01D8,0xF0210,0xF0238,0xF0241,0xF029A,0xF02D7,0xF0319,0xF0335,0xF0336,0xF033E,0xF035B,0xF0392,0xF0393,0xF03D8,0xF03E5,0xF040C,0xF0425,0xF04C5,0xF04E6,0xF04E7,0xF050F,0xF0521,0xF0522,0xF0565,0xF057E,0xF058E,0xF0590,0xF0591,0xF0594,0xF0595,0xF0596,0xF0597,0xF0598,0xF0599,0xF059D,0xF05A9,0xF05AA,0xF05AE,0xF05B1,0xF05E0,0xF06A5,0xF06A6,0xF06B5,0xF06D9,0xF06DA,0xF0717,0xF0769,0xF07D1,0xF07E4,0xF081B,0xF081C,0xF081D,0xF0A60,0xF0BC2,0xF0D43,0xF0D91,0xF0ECC,0xF0FC6,0xF0FCE,0xF1020,0xF1051,0xF10C2,0xF10C3,0xF1253,0xF1254,0xF12A8,0xF140B,0xF1435,0xF1502,0xF179B,0xF17C7,0xF18D6 --size 30 --bpp 4 --format lvgl --no-compress --lv-include lvgl.h -o C:\Users\Marge\Documents\PlatformIO\Projects\ESP32 Voice Assistant Fleet\src\UI\fonts\fleet_icons_30.c
 ******************************************************************************/

#ifdef LV_LVGL_H_INCLUDE_SIMPLE
#include "lvgl.h"
#else
#include "lvgl.h"
#endif

#ifndef FLEET_ICONS_30
#define FLEET_ICONS_30 1
#endif

#if FLEET_ICONS_30

/*-----------------
 *    BITMAPS
 *----------------*/

/*Store the image of the glyphs*/
static LV_ATTRIBUTE_LARGE_CONST const uint8_t glyph_bitmap[] = {
    /* U+F0004 "󰀄" */
    0x0, 0x0, 0x0, 0x0, 0x0, 0x11, 0x0, 0x0,
    0x0, 0x0, 0x0, 0x0, 0x0, 0x0, 0x0, 0x7e,
    0xff, 0xe7, 0x0, 0x0, 0x0, 0x0, 0x0, 0x0,
    0x0, 0xa, 0xff, 0xff, 0xff, 0xa0, 0x0, 0x0,
    0x0, 0x0, 0x0, 0x0, 0x6f, 0xff, 0xff, 0xff,
    0xf6, 0x0, 0x0, 0x0, 0x0, 0x0, 0x0, 0xcf,
    0xff, 0xff, 0xff, 0xfc, 0x0, 0x0, 0x0, 0x0,
    0x0, 0x0, 0xff, 0xff, 0xff, 0xff, 0xff, 0x0,
    0x0, 0x0, 0x0, 0x0, 0x0, 0xef, 0xff, 0xff,
    0xff, 0xfe, 0x0, 0x0, 0x0, 0x0, 0x0, 0x0,
    0xbf, 0xff, 0xff, 0xff, 0xfb, 0x0, 0x0, 0x0,
    0x0, 0x0, 0x0, 0x3f, 0xff, 0xff, 0xff, 0xf3,
    0x0, 0x0, 0x0, 0x0, 0x0, 0x0, 0x6, 0xff,
    0xff, 0xff, 0x60, 0x0, 0x0, 0x0, 0x0, 0x0,
    0x0, 0x0, 0x29, 0xdd, 0x92, 0x0, 0x0, 0x0,
    0x0, 0x0, 0x0, 0x0, 0x0, 0x0, 0x0, 0x0,
    0x0, 0x0, 0x0, 0x0, 0x0, 0x0, 0x0, 0x0,
    0x0, 0x0, 0x0, 0x0, 0x0, 0x0, 0x0, 0x0,
    0x0, 0x0, 0x3, 0x57, 0x88, 0x75, 0x30, 0x0,
    0x0, 0x0, 0x0, 0x0, 0x4b, 0xff, 0xff, 0xff,
    0xff, 0xff, 0xb4, 0x0, 0x0, 0x0, 0x2c, 0xff,
    0xff, 0xff, 0xff, 0xff, 0xff, 0xff, 0xc2, 0x0,
    0x3, 0xff, 0xff, 0xff, 0xff, 0xff, 0xff, 0xff,
    0xff, 0xff, 0x30, 0xc, 0xff, 0xff, 0xff, 0xff,
    0xff, 0xff, 0xff, 0xff, 0xff, 0xc0, 0xf, 0xff,
    0xff, 0xff, 0xff, 0xff, 0xff, 0xff, 0xff, 0xff,
    0xf0, 0xf, 0xff, 0xff, 0xff, 0xff, 0xff, 0xff,
    0xff, 0xff, 0xff, 0xf0, 0xf, 0xff, 0xff, 0xff,
    0xff, 0xff, 0xff, 0xff, 0xff, 0xff, 0xf0,

    /* U+F0012 "󰀒" */
    0x0, 0x0, 0x0, 0x0, 0x0, 0x0, 0x0, 0x0,
    0x0, 0x0, 0x0, 0x0, 0x0, 0x0, 0x0, 0x0,
    0x5d, 0xff, 0xd5, 0x0, 0x0, 0x0, 0x0, 0x0,
    0x0, 0x0, 0x0, 0x9f, 0xff, 0xff, 0xf9, 0x0,
    0x0, 0x0, 0x0, 0x56, 0x0, 0x0, 0x5f, 0xff,
    0xff, 0xff, 0xf5, 0x0, 0x0, 0x0, 0x4f, 0xf6,
    0x0, 0xc, 0xff, 0xff, 0xff, 0xff, 0xc0, 0x0,
    0x0, 0x0, 0xbf, 0xf6, 0x0, 0x7f, 0xff, 0xff,
    0xff, 0xff, 0x0, 0x0, 0x0, 0x0, 0xbf, 0xf6,
    0x0, 0x7f, 0xff, 0xff, 0xff, 0xe0, 0x0, 0x0,
    0x0, 0x0, 0xbf, 0xf6, 0x0, 0x7f, 0xff, 0xff,
    0xfb, 0x0, 0x0, 0x0, 0x0, 0x0, 0xbf, 0xf6,
    0x0, 0x7f, 0xff, 0xff, 0x40, 0x0, 0x0, 0x0,
    0x0, 0x0, 0xbf, 0xf6, 0x0, 0x7f, 0xff, 0x70,
    0x0, 0x0, 0x0, 0x0, 0x0, 0x0, 0xbf, 0xf6,
    0x0, 0x7b, 0x40, 0x0, 0x0, 0x0, 0x0, 0x0,
    0x0, 0x0, 0xbf, 0xf6, 0x0, 0x0, 0x0, 0x0,
    0x0, 0x0, 0x0, 0x0, 0x0, 0x0, 0xbf, 0xf6,
    0x0, 0x0, 0x0, 0x0, 0x0, 0x0, 0x0, 0x0,
    0x0, 0x4, 0xef, 0xf6, 0x0, 0x0, 0x0, 0x0,
    0x0, 0x0, 0x0, 0x5, 0xbf, 0xff, 0xff, 0xf6,
    0x0, 0x5b, 0x50, 0x0, 0x0, 0x0, 0x3d, 0xff,
    0xff, 0xff, 0xff, 0xf6, 0x0, 0x6f, 0xd3, 0x0,
    0x0, 0x3f, 0xff, 0xff, 0xff, 0xff, 0xff, 0xf6,
    0x0, 0x6f, 0xf3, 0x0, 0xc, 0xff, 0xff, 0xff,
    0xff, 0xff, 0xff, 0xf6, 0x0, 0x6f, 0xc0, 0x0,
    0xff, 0xff, 0xff, 0xff, 0xff, 0xff, 0xff, 0xf6,
    0x0, 0x6f, 0x0, 0xf, 0xff, 0xff, 0xff, 0xff,
    0xff, 0xff, 0xff, 0xf6, 0x0, 0x60, 0x0, 0xff,
    0xff, 0xff, 0xff, 0xff, 0xff, 0xff, 0xff, 0xf6,
    0x0, 0x0, 0x0, 0x0, 0x0, 0x0, 0x0, 0x0,
    0x0, 0x0, 0xbf, 0xf6, 0x0, 0x0, 0x0, 0x0,
    0x0, 0x0, 0x0, 0x0, 0x0, 0x0, 0xbf, 0xf7,
    0x0, 0x0, 0x0, 0x0, 0x0, 0x0, 0x0, 0x0,
    0x0, 0x0, 0xbf, 0x90, 0x0, 0x0, 0x0, 0x0,
    0x0, 0x0, 0x0, 0x0, 0x0, 0x0, 0x70, 0x0,

    /* U+F0026 "󰀦" */
    0x0, 0x0, 0x0, 0x0, 0x0, 0x0, 0x1, 0x10,
    0x0, 0x0, 0x0, 0x0, 0x0, 0x0, 0x0, 0x0,
    0x0, 0x0, 0x0, 0x0, 0x9, 0x90, 0x0, 0x0,
    0x0, 0x0, 0x0, 0x0, 0x0, 0x0, 0x0, 0x0,
    0x0, 0x0, 0x3f, 0xf3, 0x0, 0x0, 0x0, 0x0,
    0x0, 0x0, 0x0, 0x0, 0x0, 0x0, 0x0, 0x0,
    0xcf, 0xfc, 0x0, 0x0, 0x0, 0x0, 0x0, 0x0,
    0x0, 0x0, 0x0, 0x0, 0x0, 0x5, 0xff, 0xff,
    0x50, 0x0, 0x0, 0x0, 0x0, 0x0, 0x0, 0x0,
    0x0, 0x0, 0x0, 0xe, 0xff, 0xff, 0xe0, 0x0,
    0x0, 0x0, 0x0, 0x0, 0x0, 0x0, 0x0, 0x0,
    0x0, 0x8f, 0xff, 0xff, 0xf8, 0x0, 0x0, 0x0,
    0x0, 0x0, 0x0, 0x0, 0x0, 0x0, 0x2, 0xff,
    0xff, 0xff, 0xff, 0x20, 0x0, 0x0, 0x0, 0x0,
    0x0, 0x0, 0x0, 0x0, 0xb, 0xff, 0xff, 0xff,
    0xff, 0xb0, 0x0, 0x0, 0x0, 0x0, 0x0, 0x0,
    0x0, 0x0, 0x4f, 0xff, 0xd3, 0x3d, 0xff, 0xf4,
    0x0, 0x0, 0x0, 0x0, 0x0, 0x0, 0x0, 0x0,
    0xdf, 0xff, 0xc0, 0xc, 0xff, 0xfd, 0x0, 0x0,
    0x0, 0x0, 0x0, 0x0, 0x0, 0x7, 0xff, 0xff,
    0xc0, 0xc, 0xff, 0xff, 0x70, 0x0, 0x0, 0x0,
    0x0, 0x0, 0x0, 0x1f, 0xff, 0xff, 0xc0, 0xc,
    0xff, 0xff, 0xf1, 0x0, 0x0, 0x0, 0x0, 0x0,
    0x0, 0x9f, 0xff, 0xff, 0xc0, 0xc, 0xff, 0xff,
    0xf9, 0x0, 0x0, 0x0, 0x0, 0x0, 0x3, 0xff,
    0xff, 0xff, 0xc0, 0xc, 0xff, 0xff, 0xff, 0x30,
    0x0, 0x0, 0x0, 0x0, 0xc, 0xff, 0xff, 0xff,
    0xe8, 0x8e, 0xff, 0xff, 0xff, 0xc0, 0x0, 0x0,
    0x0, 0x0, 0x6f, 0xff, 0xff, 0xff, 0xff, 0xff,
    0xff, 0xff, 0xff, 0xf5, 0x0, 0x0, 0x0, 0x0,
    0xef, 0xff, 0xff, 0xff, 0xff, 0xff, 0xff, 0xff,
    0xff, 0xfe, 0x0, 0x0, 0x0, 0x8, 0xff, 0xff,
    0xff, 0xff, 0xc0, 0xc, 0xff, 0xff, 0xff, 0xff,
    0x80, 0x0, 0x0, 0x2f, 0xff, 0xff, 0xff, 0xff,
    0xc0, 0xc, 0xff, 0xff, 0xff, 0xff, 0xf2, 0x0,
    0x0, 0xbf, 0xff, 0xff, 0xff, 0xff, 0xfb, 0xbf,
    0xff, 0xff, 0xff, 0xff, 0xfb, 0x0, 0x4, 0xff,
    0xff, 0xff, 0xff, 0xff, 0xff, 0xff, 0xff, 0xff,
    0xff, 0xff, 0xff, 0x40, 0xd, 0xff, 0xff, 0xff,
    0xff, 0xff, 0xff, 0xff, 0xff, 0xff, 0xff, 0xff,
    0xff, 0xd0, 0x7f, 0xff, 0xff, 0xff, 0xff, 0xff,
    0xff, 0xff, 0xff, 0xff, 0xff, 0xff, 0xff, 0xf7,

    /* U+F0028 "󰀨" */
    0x0, 0x0, 0x0, 0x0, 0x5, 0x9c, 0xee, 0xdb,
    0x72, 0x0, 0x0, 0x0, 0x0, 0x0, 0x0, 0x0,
    0x8, 0xff, 0xff, 0xff, 0xff, 0xff, 0xc4, 0x0,
    0x0, 0x0, 0x0, 0x0, 0x4, 0xef, 0xff, 0xff,
    0xff, 0xff, 0xff, 0xff, 0xa0, 0x0, 0x0, 0x0,
    0x0, 0x6f, 0xff, 0xff, 0xff, 0xff, 0xff, 0xff,
    0xff, 0xfc, 0x10, 0x0, 0x0, 0x5, 0xff, 0xff,
    0xff, 0xff, 0xff, 0xff, 0xff, 0xff, 0xff, 0xc0,
    0x0, 0x0, 0x2f, 0xff, 0xff, 0xff, 0xff, 0xff,
    0xff, 0xff, 0xff, 0xff, 0xfa, 0x0, 0x0, 0xbf,
    0xff, 0xff, 0xff, 0xff, 0x44, 0x8f, 0xff, 0xff,
    0xff, 0xff, 0x30, 0x3, 0xff, 0xff, 0xff, 0xff,
    0xfe, 0x0, 0x6f, 0xff, 0xff, 0xff, 0xff, 0xb0,
    0x9, 0xff, 0xff, 0xff, 0xff, 0xfe, 0x0, 0x6f,
    0xff, 0xff, 0xff, 0xff, 0xf1, 0xe, 0xff, 0xff,
    0xff, 0xff, 0xfe, 0x0, 0x6f, 0xff, 0xff, 0xff,
    0xff, 0xf6, 0x1f, 0xff, 0xff, 0xff, 0xff, 0xfe,
    0x0, 0x6f, 0xff, 0xff, 0xff, 0xff, 0xfa, 0x3f,
    0xff, 0xff, 0xff, 0xff, 0xfe, 0x0, 0x6f, 0xff,
    0xff, 0xff, 0xff, 0xfb, 0x4f, 0xff, 0xff, 0xff,
    0xff, 0xfe, 0x0, 0x6f, 0xff, 0xff, 0xff, 0xff,
    0xfd, 0x3f, 0xff, 0xff, 0xff, 0xff, 0xfe, 0x0,
    0x6f, 0xff, 0xff, 0xff, 0xff, 0xfc, 0x2f, 0xff,
    0xff, 0xff, 0xff, 0xff, 0xff, 0xff, 0xff, 0xff,
    0xff, 0xff, 0xfa, 0xf, 0xff, 0xff, 0xff, 0xff,
    0xff, 0xff, 0xff, 0xff, 0xff, 0xff, 0xff, 0xf7,
    0xa, 0xff, 0xff, 0xff, 0xff, 0xff, 0x77, 0xbf,
    0xff, 0xff, 0xff, 0xff, 0xf3, 0x5, 0xff, 0xff,
    0xff, 0xff, 0xfe, 0x0, 0x6f, 0xff, 0xff, 0xff,
    0xff, 0xd0, 0x0, 0xdf, 0xff, 0xff, 0xff, 0xfe,
    0x0, 0x6f, 0xff, 0xff, 0xff, 0xff, 0x50, 0x0,
    0x4f, 0xff, 0xff, 0xff, 0xff, 0xff, 0xff, 0xff,
    0xff, 0xff, 0xfd, 0x0, 0x0, 0x8, 0xff, 0xff,
    0xff, 0xff, 0xff, 0xff, 0xff, 0xff, 0xff, 0xe2,
    0x0, 0x0, 0x0, 0xaf, 0xff, 0xff, 0xff, 0xff,
    0xff, 0xff, 0xff, 0xff, 0x40, 0x0, 0x0, 0x0,
    0x8, 0xff, 0xff, 0xff, 0xff, 0xff, 0xff, 0xff,
    0xe2, 0x0, 0x0, 0x0, 0x0, 0x0, 0x4c, 0xff,
    0xff, 0xff, 0xff, 0xff, 0xf8, 0x10, 0x0, 0x0,
    0x0, 0x0, 0x0, 0x0, 0x49, 0xef, 0xff, 0xff,
    0xc7, 0x10, 0x0, 0x0, 0x0, 0x0, 0x0, 0x0,
    0x0, 0x0, 0x1, 0x23, 0x10, 0x0, 0x0, 0x0,
    0x0, 0x0,

    /* U+F0079 "󰁹" */
    0x0, 0x0, 0xee, 0xee, 0xee, 0xe7, 0x0, 0x0,
    0x0, 0x0, 0xff, 0xff, 0xff, 0xf8, 0x0, 0x0,
    0x5, 0x77, 0xff, 0xff, 0xff, 0xfb, 0x77, 0x20,
    0x7f, 0xff, 0xff, 0xff, 0xff, 0xff, 0xff, 0xf1,
    0xbf, 0xff, 0xff, 0xff, 0xff, 0xff, 0xff, 0xf4,
    0xbf, 0xff, 0xff, 0xff, 0xff, 0xff, 0xff, 0xf4,
    0xbf, 0xff, 0xff, 0xff, 0xff, 0xff, 0xff, 0xf4,
    0xbf, 0xff, 0xff, 0xff, 0xff, 0xff, 0xff, 0xf4,
    0xbf, 0xff, 0xff, 0xff, 0xff, 0xff, 0xff, 0xf4,
    0xbf, 0xff, 0xff, 0xff, 0xff, 0xff, 0xff, 0xf4,
    0xbf, 0xff, 0xff, 0xff, 0xff, 0xff, 0xff, 0xf4,
    0xbf, 0xff, 0xff, 0xff, 0xff, 0xff, 0xff, 0xf4,
    0xbf, 0xff, 0xff, 0xff, 0xff, 0xff, 0xff, 0xf4,
    0xbf, 0xff, 0xff, 0xff, 0xff, 0xff, 0xff, 0xf4,
    0xbf, 0xff, 0xff, 0xff, 0xff, 0xff, 0xff, 0xf4,
    0xbf, 0xff, 0xff, 0xff, 0xff, 0xff, 0xff, 0xf4,
    0xbf, 0xff, 0xff, 0xff, 0xff, 0xff, 0xff, 0xf4,
    0xbf, 0xff, 0xff, 0xff, 0xff, 0xff, 0xff, 0xf4,
    0xbf, 0xff, 0xff, 0xff, 0xff, 0xff, 0xff, 0xf4,
    0xbf, 0xff, 0xff, 0xff, 0xff, 0xff, 0xff, 0xf4,
    0xbf, 0xff, 0xff, 0xff, 0xff, 0xff, 0xff, 0xf4,
    0xbf, 0xff, 0xff, 0xff, 0xff, 0xff, 0xff, 0xf4,
    0xbf, 0xff, 0xff, 0xff, 0xff, 0xff, 0xff, 0xf4,
    0xaf, 0xff, 0xff, 0xff, 0xff, 0xff, 0xff, 0xf3,
    0x4e, 0xff, 0xff, 0xff, 0xff, 0xff, 0xff, 0xb0,
    0x0, 0x0, 0x0, 0x0, 0x0, 0x0, 0x0, 0x0,

    /* U+F007A "󰁺" */
    0x0, 0x0, 0xde, 0xee, 0xee, 0xe8, 0x0, 0x0,
    0x0, 0x0, 0xef, 0xff, 0xff, 0xf9, 0x0, 0x0,
    0x4, 0x77, 0xff, 0xff, 0xff, 0xfc, 0x77, 0x30,
    0x4f, 0xff, 0xff, 0xff, 0xff, 0xff, 0xff, 0xf4,
    0x7f, 0xff, 0xff, 0xff, 0xff, 0xff, 0xff, 0xf7,
    0x7f, 0xf0, 0x0, 0x0, 0x0, 0x0, 0xf, 0xf7,
    0x7f, 0xf0, 0x0, 0x0, 0x0, 0x0, 0xf, 0xf7,
    0x7f, 0xf0, 0x0, 0x0, 0x0, 0x0, 0xf, 0xf7,
    0x7f, 0xf0, 0x0, 0x0, 0x0, 0x0, 0xf, 0xf7,
    0x7f, 0xf0, 0x0, 0x0, 0x0, 0x0, 0xf, 0xf7,
    0x7f, 0xf0, 0x0, 0x0, 0x0, 0x0, 0xf, 0xf7,
    0x7f, 0xf0, 0x0, 0x0, 0x0, 0x0, 0xf, 0xf7,
    0x7f, 0xf0, 0x0, 0x0, 0x0, 0x0, 0xf, 0xf7,
    0x7f, 0xf0, 0x0, 0x0, 0x0, 0x0, 0xf, 0xf7,
    0x7f, 0xf0, 0x0, 0x0, 0x0, 0x0, 0xf, 0xf7,
    0x7f, 0xf0, 0x0, 0x0, 0x0, 0x0, 0xf, 0xf7,
    0x7f, 0xf0, 0x0, 0x0, 0x0, 0x0, 0xf, 0xf7,
    0x7f, 0xf0, 0x0, 0x0, 0x0, 0x0, 0xf, 0xf7,
    0x7f, 0xf0, 0x0, 0x0, 0x0, 0x0, 0xf, 0xf7,
    0x7f, 0xf0, 0x0, 0x0, 0x0, 0x0, 0xf, 0xf7,
    0x7f, 0xff, 0xee, 0xee, 0xee, 0xee, 0xff, 0xf7,
    0x7f, 0xff, 0xff, 0xff, 0xff, 0xff, 0xff, 0xf7,
    0x7f, 0xff, 0xff, 0xff, 0xff, 0xff, 0xff, 0xf7,
    0x7f, 0xff, 0xff, 0xff, 0xff, 0xff, 0xff, 0xf7,
    0x1d, 0xff, 0xff, 0xff, 0xff, 0xff, 0xff, 0xd1,
    0x0, 0x0, 0x0, 0x0, 0x0, 0x0, 0x0, 0x0,

    /* U+F007C "󰁼" */
    0x0, 0x0, 0xde, 0xee, 0xee, 0xe8, 0x0, 0x0,
    0x0, 0x0, 0xef, 0xff, 0xff, 0xf9, 0x0, 0x0,
    0x4, 0x77, 0xff, 0xff, 0xff, 0xfc, 0x77, 0x30,
    0x4f, 0xff, 0xff, 0xff, 0xff, 0xff, 0xff, 0xf4,
    0x7f, 0xff, 0xff, 0xff, 0xff, 0xff, 0xff, 0xf7,
    0x7f, 0xf0, 0x0, 0x0, 0x0, 0x0, 0xf, 0xf7,
    0x7f, 0xf0, 0x0, 0x0, 0x0, 0x0, 0xf, 0xf7,
    0x7f, 0xf0, 0x0, 0x0, 0x0, 0x0, 0xf, 0xf7,
    0x7f, 0xf0, 0x0, 0x0, 0x0, 0x0, 0xf, 0xf7,
    0x7f, 0xf0, 0x0, 0x0, 0x0, 0x0, 0xf, 0xf7,
    0x7f, 0xf0, 0x0, 0x0, 0x0, 0x0, 0xf, 0xf7,
    0x7f, 0xf0, 0x0, 0x0, 0x0, 0x0, 0xf, 0xf7,
    0x7f, 0xf0, 0x0, 0x0, 0x0, 0x0, 0xf, 0xf7,
    0x7f, 0xf0, 0x0, 0x0, 0x0, 0x0, 0xf, 0xf7,
    0x7f, 0xf0, 0x0, 0x0, 0x0, 0x0, 0xf, 0xf7,
    0x7f, 0xf0, 0x0, 0x0, 0x0, 0x0, 0xf, 0xf7,
    0x7f, 0xfb, 0xaa, 0xaa, 0xaa, 0xaa, 0xbf, 0xf7,
    0x7f, 0xff, 0xff, 0xff, 0xff, 0xff, 0xff, 0xf7,
    0x7f, 0xff, 0xff, 0xff, 0xff, 0xff, 0xff, 0xf7,
    0x7f, 0xff, 0xff, 0xff, 0xff, 0xff, 0xff, 0xf7,
    0x7f, 0xff, 0xff, 0xff, 0xff, 0xff, 0xff, 0xf7,
    0x7f, 0xff, 0xff, 0xff, 0xff, 0xff, 0xff, 0xf7,
    0x7f, 0xff, 0xff, 0xff, 0xff, 0xff, 0xff, 0xf7,
    0x7f, 0xff, 0xff, 0xff, 0xff, 0xff, 0xff, 0xf7,
    0x1d, 0xff, 0xff, 0xff, 0xff, 0xff, 0xff, 0xd1,
    0x0, 0x0, 0x0, 0x0, 0x0, 0x0, 0x0, 0x0,

    /* U+F007E "󰁾" */
    0x0, 0x0, 0xde, 0xee, 0xee, 0xe8, 0x0, 0x0,
    0x0, 0x0, 0xef, 0xff, 0xff, 0xf9, 0x0, 0x0,
    0x4, 0x77, 0xff, 0xff, 0xff, 0xfc, 0x77, 0x30,
    0x4f, 0xff, 0xff, 0xff, 0xff, 0xff, 0xff, 0xf4,
    0x7f, 0xff, 0xff, 0xff, 0xff, 0xff, 0xff, 0xf7,
    0x7f, 0xf0, 0x0, 0x0, 0x0, 0x0, 0xf, 0xf7,
    0x7f, 0xf0, 0x0, 0x0, 0x0, 0x0, 0xf, 0xf7,
    0x7f, 0xf0, 0x0, 0x0, 0x0, 0x0, 0xf, 0xf7,
    0x7f, 0xf0, 0x0, 0x0, 0x0, 0x0, 0xf, 0xf7,
    0x7f, 0xf0, 0x0, 0x0, 0x0, 0x0, 0xf, 0xf7,
    0x7f, 0xf0, 0x0, 0x0, 0x0, 0x0, 0xf, 0xf7,
    0x7f, 0xf0, 0x0, 0x0, 0x0, 0x0, 0xf, 0xf7,
    0x7f, 0xf0, 0x0, 0x0, 0x0, 0x0, 0xf, 0xf7,
    0x7f, 0xf0, 0x0, 0x0, 0x0, 0x0, 0xf, 0xf7,
    0x7f, 0xff, 0xff, 0xff, 0xff, 0xff, 0xff, 0xf7,
    0x7f, 0xff, 0xff, 0xff, 0xff, 0xff, 0xff, 0xf7,
    0x7f, 0xff, 0xff, 0xff, 0xff, 0xff, 0xff, 0xf7,
    0x7f, 0xff, 0xff, 0xff, 0xff, 0xff, 0xff, 0xf7,
    0x7f, 0xff, 0xff, 0xff, 0xff, 0xff, 0xff, 0xf7,
    0x7f, 0xff, 0xff, 0xff, 0xff, 0xff, 0xff, 0xf7,
    0x7f, 0xff, 0xff, 0xff, 0xff, 0xff, 0xff, 0xf7,
    0x7f, 0xff, 0xff, 0xff, 0xff, 0xff, 0xff, 0xf7,
    0x7f, 0xff, 0xff, 0xff, 0xff, 0xff, 0xff, 0xf7,
    0x7f, 0xff, 0xff, 0xff, 0xff, 0xff, 0xff, 0xf7,
    0x3f, 0xff, 0xff, 0xff, 0xff, 0xff, 0xff, 0xf3,
    0x1, 0x33, 0x33, 0x33, 0x33, 0x33, 0x33, 0x10,

    /* U+F0080 "󰂀" */
    0x0, 0x0, 0xde, 0xee, 0xee, 0xe8, 0x0, 0x0,
    0x0, 0x0, 0xef, 0xff, 0xff, 0xf9, 0x0, 0x0,
    0x4, 0x77, 0xff, 0xff, 0xff, 0xfc, 0x77, 0x30,
    0x4f, 0xff, 0xff, 0xff, 0xff, 0xff, 0xff, 0xf4,
    0x7f, 0xff, 0xff, 0xff, 0xff, 0xff, 0xff, 0xf7,
    0x7f, 0xf0, 0x0, 0x0, 0x0, 0x0, 0xf, 0xf7,
    0x7f, 0xf0, 0x0, 0x0, 0x0, 0x0, 0xf, 0xf7,
    0x7f, 0xf0, 0x0, 0x0, 0x0, 0x0, 0xf, 0xf7,
    0x7f, 0xf0, 0x0, 0x0, 0x0, 0x0, 0xf, 0xf7,
    0x7f, 0xf0, 0x0, 0x0, 0x0, 0x0, 0xf, 0xf7,
    0x7f, 0xff, 0xff, 0xff, 0xff, 0xff, 0xff, 0xf7,
    0x7f, 0xff, 0xff, 0xff, 0xff, 0xff, 0xff, 0xf7,
    0x7f, 0xff, 0xff, 0xff, 0xff, 0xff, 0xff, 0xf7,
    0x7f, 0xff, 0xff, 0xff, 0xff, 0xff, 0xff, 0xf7,
    0x7f, 0xff, 0xff, 0xff, 0xff, 0xff, 0xff, 0xf7,
    0x7f, 0xff, 0xff, 0xff, 0xff, 0xff, 0xff, 0xf7,
    0x7f, 0xff, 0xff, 0xff, 0xff, 0xff, 0xff, 0xf7,
    0x7f, 0xff, 0xff, 0xff, 0xff, 0xff, 0xff, 0xf7,
    0x7f, 0xff, 0xff, 0xff, 0xff, 0xff, 0xff, 0xf7,
    0x7f, 0xff, 0xff, 0xff, 0xff, 0xff, 0xff, 0xf7,
    0x7f, 0xff, 0xff, 0xff, 0xff, 0xff, 0xff, 0xf7,
    0x7f, 0xff, 0xff, 0xff, 0xff, 0xff, 0xff, 0xf7,
    0x7f, 0xff, 0xff, 0xff, 0xff, 0xff, 0xff, 0xf7,
    0x7f, 0xff, 0xff, 0xff, 0xff, 0xff, 0xff, 0xf7,
    0x1d, 0xff, 0xff, 0xff, 0xff, 0xff, 0xff, 0xd1,
    0x0, 0x0, 0x0, 0x0, 0x0, 0x0, 0x0, 0x0,

    /* U+F0082 "󰂂" */
    0x0, 0x0, 0xde, 0xee, 0xee, 0xe8, 0x0, 0x0,
    0x0, 0x0, 0xef, 0xff, 0xff, 0xf9, 0x0, 0x0,
    0x4, 0x77, 0xff, 0xff, 0xff, 0xfc, 0x77, 0x30,
    0x4f, 0xff, 0xff, 0xff, 0xff, 0xff, 0xff, 0xf4,
    0x7f, 0xff, 0xff, 0xff, 0xff, 0xff, 0xff, 0xf7,
    0x7f, 0xf0, 0x0, 0x0, 0x0, 0x0, 0xf, 0xf7,
    0x7f, 0xf0, 0x0, 0x0, 0x0, 0x0, 0xf, 0xf7,
    0x7f, 0xf3, 0x33, 0x33, 0x33, 0x33, 0x3f, 0xf7,
    0x7f, 0xff, 0xff, 0xff, 0xff, 0xff, 0xff, 0xf7,
    0x7f, 0xff, 0xff, 0xff, 0xff, 0xff, 0xff, 0xf7,
    0x7f, 0xff, 0xff, 0xff, 0xff, 0xff, 0xff, 0xf7,
    0x7f, 0xff, 0xff, 0xff, 0xff, 0xff, 0xff, 0xf7,
    0x7f, 0xff, 0xff, 0xff, 0xff, 0xff, 0xff, 0xf7,
    0x7f, 0xff, 0xff, 0xff, 0xff, 0xff, 0xff, 0xf7,
    0x7f, 0xff, 0xff, 0xff, 0xff, 0xff, 0xff, 0xf7,
    0x7f, 0xff, 0xff, 0xff, 0xff, 0xff, 0xff, 0xf7,
    0x7f, 0xff, 0xff, 0xff, 0xff, 0xff, 0xff, 0xf7,
    0x7f, 0xff, 0xff, 0xff, 0xff, 0xff, 0xff, 0xf7,
    0x7f, 0xff, 0xff, 0xff, 0xff, 0xff, 0xff, 0xf7,
    0x7f, 0xff, 0xff, 0xff, 0xff, 0xff, 0xff, 0xf7,
    0x7f, 0xff, 0xff, 0xff, 0xff, 0xff, 0xff, 0xf7,
    0x7f, 0xff, 0xff, 0xff, 0xff, 0xff, 0xff, 0xf7,
    0x7f, 0xff, 0xff, 0xff, 0xff, 0xff, 0xff, 0xf7,
    0x7f, 0xff, 0xff, 0xff, 0xff, 0xff, 0xff, 0xf7,
    0x3f, 0xff, 0xff, 0xff, 0xff, 0xff, 0xff, 0xf3,
    0x1, 0x33, 0x33, 0x33, 0x33, 0x33, 0x33, 0x10,

    /* U+F0083 "󰂃" */
    0x0, 0x0, 0x58, 0x88, 0x88, 0x86, 0x0, 0x0,
    0x0, 0x0, 0x9f, 0xff, 0xff, 0xfa, 0x0, 0x0,
    0x0, 0x11, 0xaf, 0xff, 0xff, 0xfb, 0x11, 0x0,
    0xc, 0xff, 0xff, 0xff, 0xff, 0xff, 0xff, 0xd1,
    0x5f, 0xff, 0xff, 0xff, 0xff, 0xff, 0xff, 0xf4,
    0x5f, 0xff, 0xff, 0xff, 0xff, 0xff, 0xff, 0xf5,
    0x5f, 0xff, 0xff, 0xff, 0xff, 0xff, 0xff, 0xf5,
    0x5f, 0xff, 0xff, 0xff, 0xff, 0xff, 0xff, 0xf5,
    0x5f, 0xff, 0xff, 0xe0, 0xd, 0xff, 0xff, 0xf5,
    0x5f, 0xff, 0xff, 0xe0, 0xd, 0xff, 0xff, 0xf5,
    0x5f, 0xff, 0xff, 0xe0, 0xd, 0xff, 0xff, 0xf5,
    0x5f, 0xff, 0xff, 0xe0, 0xd, 0xff, 0xff, 0xf5,
    0x5f, 0xff, 0xff, 0xe0, 0xd, 0xff, 0xff, 0xf5,
    0x5f, 0xff, 0xff, 0xe0, 0xd, 0xff, 0xff, 0xf5,
    0x5f, 0xff, 0xff, 0xe0, 0xd, 0xff, 0xff, 0xf5,
    0x5f, 0xff, 0xff, 0xf8, 0x8e, 0xff, 0xff, 0xf5,
    0x5f, 0xff, 0xff, 0xff, 0xff, 0xff, 0xff, 0xf5,
    0x5f, 0xff, 0xff, 0xff, 0xff, 0xff, 0xff, 0xf5,
    0x5f, 0xff, 0xff, 0xe0, 0xd, 0xff, 0xff, 0xf5,
    0x5f, 0xff, 0xff, 0xe0, 0xd, 0xff, 0xff, 0xf5,
    0x5f, 0xff, 0xff, 0xfe, 0xef, 0xff, 0xff, 0xf5,
    0x5f, 0xff, 0xff, 0xff, 0xff, 0xff, 0xff, 0xf5,
    0x5f, 0xff, 0xff, 0xff, 0xff, 0xff, 0xff, 0xf5,
    0x4f, 0xff, 0xff, 0xff, 0xff, 0xff, 0xff, 0xf4,
    0xc, 0xff, 0xff, 0xff, 0xff, 0xff, 0xff, 0xc0,
    0x0, 0x0, 0x0, 0x0, 0x0, 0x0, 0x0, 0x0,

    /* U+F0084 "󰂄" */
    0x0, 0x0, 0x9f, 0xff, 0xff, 0xff, 0x10, 0x0,
    0x0, 0x0, 0x9f, 0xff, 0xff, 0xff, 0x10, 0x0,
    0x1, 0x44, 0xbf, 0xff, 0xff, 0xff, 0x54, 0x30,
    0x1e, 0xff, 0xff, 0xff, 0xff, 0xff, 0xff, 0xf8,
    0x5f, 0xff, 0xff, 0xff, 0xff, 0xff, 0xff, 0xfd,
    0x5f, 0xff, 0xff, 0xff, 0xff, 0xff, 0xff, 0xfd,
    0x5f, 0xff, 0xff, 0xff, 0xfe, 0xff, 0xff, 0xfd,
    0x5f, 0xff, 0xff, 0xff, 0xe7, 0xff, 0xff, 0xfd,
    0x5f, 0xff, 0xff, 0xff, 0x76, 0xff, 0xff, 0xfd,
    0x5f, 0xff, 0xff, 0xfe, 0x6, 0xff, 0xff, 0xfd,
    0x5f, 0xff, 0xff, 0xf5, 0x6, 0xff, 0xff, 0xfd,
    0x5f, 0xff, 0xff, 0xc0, 0x6, 0xff, 0xff, 0xfd,
    0x5f, 0xff, 0xff, 0x40, 0x6, 0xff, 0xff, 0xfd,
    0x5f, 0xff, 0xfb, 0x0, 0x1, 0x24, 0xff, 0xfd,
    0x5f, 0xff, 0xf2, 0x0, 0x0, 0x9, 0xff, 0xfd,
    0x5f, 0xff, 0xb2, 0x20, 0x0, 0x2f, 0xff, 0xfd,
    0x5f, 0xff, 0xff, 0xe0, 0x0, 0xaf, 0xff, 0xfd,
    0x5f, 0xff, 0xff, 0xe0, 0x3, 0xff, 0xff, 0xfd,
    0x5f, 0xff, 0xff, 0xe0, 0xc, 0xff, 0xff, 0xfd,
    0x5f, 0xff, 0xff, 0xe0, 0x4f, 0xff, 0xff, 0xfd,
    0x5f, 0xff, 0xff, 0xe0, 0xdf, 0xff, 0xff, 0xfd,
    0x5f, 0xff, 0xff, 0xe6, 0xff, 0xff, 0xff, 0xfd,
    0x5f, 0xff, 0xff, 0xfe, 0xff, 0xff, 0xff, 0xfd,
    0x5f, 0xff, 0xff, 0xff, 0xff, 0xff, 0xff, 0xfd,
    0x1e, 0xff, 0xff, 0xff, 0xff, 0xff, 0xff, 0xf8,
    0x0, 0x33, 0x33, 0x33, 0x33, 0x33, 0x33, 0x20,

    /* U+F008E "󰂎" */
    0x0, 0x0, 0xde, 0xee, 0xee, 0xe8, 0x0, 0x0,
    0x0, 0x0, 0xef, 0xff, 0xff, 0xf9, 0x0, 0x0,
    0x4, 0x77, 0xff, 0xff, 0xff, 0xfc, 0x77, 0x30,
    0x4f, 0xff, 0xff, 0xff, 0xff, 0xff, 0xff, 0xf4,
    0x7f, 0xff, 0xff, 0xff, 0xff, 0xff, 0xff, 0xf7,
    0x7f, 0xf0, 0x0, 0x0, 0x0, 0x0, 0xf, 0xf7,
    0x7f, 0xf0, 0x0, 0x0, 0x0, 0x0, 0xf, 0xf7,
    0x7f, 0xf0, 0x0, 0x0, 0x0, 0x0, 0xf, 0xf7,
    0x7f, 0xf0, 0x0, 0x0, 0x0, 0x0, 0xf, 0xf7,
    0x7f, 0xf0, 0x0, 0x0, 0x0, 0x0, 0xf, 0xf7,
    0x7f, 0xf0, 0x0, 0x0, 0x0, 0x0, 0xf, 0xf7,
    0x7f, 0xf0, 0x0, 0x0, 0x0, 0x0, 0xf, 0xf7,
    0x7f, 0xf0, 0x0, 0x0, 0x0, 0x0, 0xf, 0xf7,
    0x7f, 0xf0, 0x0, 0x0, 0x0, 0x0, 0xf, 0xf7,
    0x7f, 0xf0, 0x0, 0x0, 0x0, 0x0, 0xf, 0xf7,
    0x7f, 0xf0, 0x0, 0x0, 0x0, 0x0, 0xf, 0xf7,
    0x7f, 0xf0, 0x0, 0x0, 0x0, 0x0, 0xf, 0xf7,
    0x7f, 0xf0, 0x0, 0x0, 0x0, 0x0, 0xf, 0xf7,
    0x7f, 0xf0, 0x0, 0x0, 0x0, 0x0, 0xf, 0xf7,
    0x7f, 0xf0, 0x0, 0x0, 0x0, 0x0, 0xf, 0xf7,
    0x7f, 0xf0, 0x0, 0x0, 0x0, 0x0, 0xf, 0xf7,
    0x7f, 0xf0, 0x0, 0x0, 0x0, 0x0, 0xf, 0xf7,
    0x7f, 0xf3, 0x33, 0x33, 0x33, 0x33, 0x3f, 0xf7,
    0x7f, 0xff, 0xff, 0xff, 0xff, 0xff, 0xff, 0xf7,
    0x3f, 0xff, 0xff, 0xff, 0xff, 0xff, 0xff, 0xf3,
    0x1, 0x33, 0x33, 0x33, 0x33, 0x33, 0x33, 0x10,

    /* U+F00DE "󰃞" */
    0x0, 0x0, 0x0, 0x0, 0x0, 0x0, 0x0, 0x0,
    0x0, 0x0, 0x0, 0x0, 0x0, 0x0, 0x0, 0x0,
    0x0, 0x0, 0x0, 0x0, 0x0, 0x0, 0xaa, 0x0,
    0x0, 0x0, 0x0, 0x0, 0x0, 0x0, 0x0, 0x0,
    0x0, 0x0, 0x0, 0x0, 0xa, 0xff, 0xa0, 0x0,
    0x0, 0x0, 0x0, 0x0, 0x0, 0x0, 0x0, 0x0,
    0x0, 0x0, 0x0, 0xbf, 0xff, 0xfb, 0x0, 0x0,
    0x0, 0x0, 0x0, 0x0, 0x0, 0x0, 0x1, 0x11,
    0x11, 0x1b, 0xff, 0xff, 0xff, 0xb1, 0x11, 0x11,
    0x10, 0x0, 0x0, 0x0, 0x0, 0xf, 0xff, 0xff,
    0xff, 0xff, 0xff, 0xff, 0xff, 0xff, 0xff, 0xf0,
    0x0, 0x0, 0x0, 0x0, 0xf, 0xff, 0xff, 0xff,
    0xff, 0xff, 0xff, 0xff, 0xff, 0xff, 0xf0, 0x0,
    0x0, 0x0, 0x0, 0xf, 0xff, 0xff, 0xff, 0xea,
    0x88, 0xae, 0xff, 0xff, 0xff, 0xf0, 0x0, 0x0,
    0x0, 0x0, 0xf, 0xff, 0xff, 0xe5, 0x0, 0x0,
    0x0, 0x5e, 0xff, 0xff, 0xf0, 0x0, 0x0, 0x0,
    0x0, 0xf, 0xff, 0xfc, 0x10, 0x0, 0x0, 0x0,
    0x1, 0xcf, 0xff, 0xf0, 0x0, 0x0, 0x0, 0x0,
    0xf, 0xff, 0xe1, 0x0, 0x0, 0x0, 0x0, 0x0,
    0x1e, 0xff, 0xf0, 0x0, 0x0, 0x0, 0x0, 0xbf,
    0xff, 0x50, 0x0, 0x0, 0x0, 0x0, 0x0, 0x5,
    0xff, 0xfb, 0x0, 0x0, 0x0, 0xb, 0xff, 0xfe,
    0x0, 0x0, 0x0, 0x0, 0x0, 0x0, 0x0, 0xef,
    0xff, 0xb0, 0x0, 0x0, 0xaf, 0xff, 0xfa, 0x0,
    0x0, 0x0, 0x0, 0x0, 0x0, 0x0, 0xaf, 0xff,
    0xfa, 0x0, 0xa, 0xff, 0xff, 0xf8, 0x0, 0x0,
    0x0, 0x0, 0x0, 0x0, 0x0, 0x8f, 0xff, 0xff,
    0xa0, 0x9, 0xff, 0xff, 0xf9, 0x0, 0x0, 0x0,
    0x0, 0x0, 0x0, 0x0, 0x9f, 0xff, 0xff, 0x90,
    0x0, 0x9f, 0xff, 0xfb, 0x0, 0x0, 0x0, 0x0,
    0x0, 0x0, 0x0, 0xbf, 0xff, 0xf9, 0x0, 0x0,
    0x9, 0xff, 0xff, 0x0, 0x0, 0x0, 0x0, 0x0,
    0x0, 0x0, 0xff, 0xff, 0x90, 0x0, 0x0, 0x0,
    0x9f, 0xff, 0x60, 0x0, 0x0, 0x0, 0x0, 0x0,
    0x6, 0xff, 0xf9, 0x0, 0x0, 0x0, 0x0, 0xf,
    0xff, 0xf2, 0x0, 0x0, 0x0, 0x0, 0x0, 0x2f,
    0xff, 0xf0, 0x0, 0x0, 0x0, 0x0, 0xf, 0xff,
    0xfd, 0x20, 0x0, 0x0, 0x0, 0x2, 0xdf, 0xff,
    0xf0, 0x0, 0x0, 0x0, 0x0, 0xf, 0xff, 0xff,
    0xf7, 0x10, 0x0, 0x1, 0x7f, 0xff, 0xff, 0xf0,
    0x0, 0x0, 0x0, 0x0, 0xf, 0xff, 0xff, 0xff,
    0xfc, 0x99, 0xcf, 0xff, 0xff, 0xff, 0xf0, 0x0,
    0x0, 0x0, 0x0, 0xf, 0xff, 0xff, 0xff, 0xff,
    0xff, 0xff, 0xff, 0xff, 0xff, 0xf0, 0x0, 0x0,
    0x0, 0x0, 0xf, 0xff, 0xff, 0xff, 0xff, 0xff,
    0xff, 0xff, 0xff, 0xff, 0xf0, 0x0, 0x0, 0x0,
    0x0, 0x0, 0x0, 0x0, 0x9, 0xff, 0xff, 0xff,
    0x90, 0x0, 0x0, 0x0, 0x0, 0x0, 0x0, 0x0,
    0x0, 0x0, 0x0, 0x0, 0x9f, 0xff, 0xf9, 0x0,
    0x0, 0x0, 0x0, 0x0, 0x0, 0x0, 0x0, 0x0,
    0x0, 0x0, 0x0, 0x9, 0xff, 0x90, 0x0, 0x0,
    0x0, 0x0, 0x0, 0x0, 0x0, 0x0, 0x0, 0x0,
    0x0, 0x0, 0x0, 0x99, 0x0, 0x0, 0x0, 0x0,
    0x0, 0x0, 0x0, 0x0, 0x0, 0x0, 0x0, 0x0,
    0x0, 0x0, 0x0, 0x0, 0x0, 0x0, 0x0, 0x0,
    0x0, 0x0,

    /* U+F0142 "󰅂" */
    0x0, 0x70, 0x0, 0x0, 0x0, 0xb, 0xfb, 0x0,
    0x0, 0x0, 0xb, 0xff, 0xb0, 0x0, 0x0, 0x0,
    0xbf, 0xfb, 0x0, 0x0, 0x0, 0xb, 0xff, 0xb0,
    0x0, 0x0, 0x0, 0xbf, 0xfb, 0x0, 0x0, 0x0,
    0xb, 0xff, 0xb0, 0x0, 0x0, 0x0, 0xcf, 0xfa,
    0x0, 0x0, 0x4, 0xff, 0xf4, 0x0, 0x0, 0x4f,
    0xff, 0x40, 0x0, 0x4, 0xff, 0xf4, 0x0, 0x0,
    0x5f, 0xff, 0x40, 0x0, 0x5, 0xff, 0xf4, 0x0,
    0x0, 0x1f, 0xff, 0x40, 0x0, 0x0, 0x4, 0xf4,
    0x0, 0x0, 0x0, 0x0, 0x10, 0x0, 0x0, 0x0,

    /* U+F0150 "󰅐" */
    0x0, 0x0, 0x0, 0x0, 0x0, 0x47, 0x89, 0x75,
    0x10, 0x0, 0x0, 0x0, 0x0, 0x0, 0x0, 0x0,
    0x4, 0xbf, 0xff, 0xff, 0xff, 0xfd, 0x60, 0x0,
    0x0, 0x0, 0x0, 0x0, 0x2, 0xbf, 0xff, 0xff,
    0xee, 0xff, 0xff, 0xfe, 0x40, 0x0, 0x0, 0x0,
    0x0, 0x4e, 0xff, 0xe8, 0x30, 0x0, 0x2, 0x6d,
    0xff, 0xf7, 0x0, 0x0, 0x0, 0x3, 0xff, 0xfa,
    0x0, 0x0, 0x0, 0x0, 0x0, 0x6f, 0xff, 0x80,
    0x0, 0x0, 0x2e, 0xff, 0x50, 0x0, 0x0, 0x0,
    0x0, 0x0, 0x2, 0xdf, 0xf5, 0x0, 0x0, 0xbf,
    0xf6, 0x0, 0x0, 0x0, 0x86, 0x0, 0x0, 0x0,
    0x2f, 0xfe, 0x10, 0x3, 0xff, 0x90, 0x0, 0x0,
    0x1, 0xfc, 0x0, 0x0, 0x0, 0x4, 0xff, 0x80,
    0xa, 0xff, 0x10, 0x0, 0x0, 0x1, 0xfc, 0x0,
    0x0, 0x0, 0x0, 0xbf, 0xf0, 0xf, 0xf9, 0x0,
    0x0, 0x0, 0x1, 0xfc, 0x0, 0x0, 0x0, 0x0,
    0x4f, 0xf4, 0x3f, 0xf4, 0x0, 0x0, 0x0, 0x1,
    0xfc, 0x0, 0x0, 0x0, 0x0, 0xf, 0xf8, 0x5f,
    0xf1, 0x0, 0x0, 0x0, 0x1, 0xfc, 0x0, 0x0,
    0x0, 0x0, 0xc, 0xfa, 0x7f, 0xf0, 0x0, 0x0,
    0x0, 0x1, 0xfc, 0x0, 0x0, 0x0, 0x0, 0xb,
    0xfc, 0x7f, 0xf0, 0x0, 0x0, 0x0, 0x1, 0xff,
    0x80, 0x0, 0x0, 0x0, 0xb, 0xfb, 0x5f, 0xf2,
    0x0, 0x0, 0x0, 0x0, 0x5e, 0xfe, 0x60, 0x0,
    0x0, 0xd, 0xfa, 0x2f, 0xf5, 0x0, 0x0, 0x0,
    0x0, 0x0, 0x8f, 0xfc, 0x30, 0x0, 0x1f, 0xf7,
    0xe, 0xfb, 0x0, 0x0, 0x0, 0x0, 0x0, 0x2,
    0xbf, 0xf4, 0x0, 0x6f, 0xf2, 0x8, 0xff, 0x30,
    0x0, 0x0, 0x0, 0x0, 0x0, 0x5, 0xb0, 0x0,
    0xdf, 0xd0, 0x1, 0xff, 0xd0, 0x0, 0x0, 0x0,
    0x0, 0x0, 0x0, 0x0, 0x9, 0xff, 0x50, 0x0,
    0x7f, 0xfa, 0x0, 0x0, 0x0, 0x0, 0x0, 0x0,
    0x0, 0x6f, 0xfc, 0x0, 0x0, 0xc, 0xff, 0xb1,
    0x0, 0x0, 0x0, 0x0, 0x0, 0x8, 0xff, 0xe2,
    0x0, 0x0, 0x1, 0xcf, 0xfe, 0x50, 0x0, 0x0,
    0x0, 0x3, 0xbf, 0xff, 0x30, 0x0, 0x0, 0x0,
    0xb, 0xff, 0xfe, 0x96, 0x44, 0x58, 0xcf, 0xff,
    0xd2, 0x0, 0x0, 0x0, 0x0, 0x0, 0x5e, 0xff,
    0xff, 0xff, 0xff, 0xff, 0xf8, 0x10, 0x0, 0x0,
    0x0, 0x0, 0x0, 0x0, 0x5b, 0xff, 0xff, 0xff,
    0xc7, 0x10, 0x0, 0x0, 0x0, 0x0, 0x0, 0x0,
    0x0, 0x0, 0x1, 0x33, 0x10, 0x0, 0x0, 0x0,
    0x0, 0x0,

    /* U+F0159 "󰅙" */
    0x0, 0x0, 0x0, 0x0, 0x4, 0x8b, 0xcc, 0xb9,
    0x61, 0x0, 0x0, 0x0, 0x0, 0x0, 0x0, 0x0,
    0x6, 0xef, 0xff, 0xff, 0xff, 0xff, 0xa2, 0x0,
    0x0, 0x0, 0x0, 0x0, 0x3, 0xdf, 0xff, 0xff,
    0xff, 0xff, 0xff, 0xff, 0x70, 0x0, 0x0, 0x0,
    0x0, 0x4f, 0xff, 0xff, 0xff, 0xff, 0xff, 0xff,
    0xff, 0xfa, 0x0, 0x0, 0x0, 0x3, 0xff, 0xff,
    0xff, 0xff, 0xff, 0xff, 0xff, 0xff, 0xff, 0xa0,
    0x0, 0x0, 0x1e, 0xff, 0xff, 0xff, 0xff, 0xff,
    0xff, 0xff, 0xff, 0xff, 0xf6, 0x0, 0x0, 0xaf,
    0xff, 0xff, 0xaf, 0xff, 0xff, 0xff, 0xfa, 0xff,
    0xff, 0xff, 0x10, 0x2, 0xff, 0xff, 0xf9, 0x3,
    0xff, 0xff, 0xff, 0x90, 0x3f, 0xff, 0xff, 0x90,
    0x8, 0xff, 0xff, 0xf5, 0x0, 0x3f, 0xff, 0xf9,
    0x0, 0x1d, 0xff, 0xff, 0xf0, 0xd, 0xff, 0xff,
    0xff, 0x50, 0x3, 0xff, 0x90, 0x1, 0xcf, 0xff,
    0xff, 0xf4, 0x1f, 0xff, 0xff, 0xff, 0xf5, 0x0,
    0x39, 0x0, 0x1c, 0xff, 0xff, 0xff, 0xf8, 0x3f,
    0xff, 0xff, 0xff, 0xff, 0x50, 0x0, 0x1, 0xcf,
    0xff, 0xff, 0xff, 0xfa, 0x3f, 0xff, 0xff, 0xff,
    0xff, 0xf3, 0x0, 0xb, 0xff, 0xff, 0xff, 0xff,
    0xfa, 0x3f, 0xff, 0xff, 0xff, 0xff, 0x90, 0x0,
    0x3, 0xff, 0xff, 0xff, 0xff, 0xfa, 0x1f, 0xff,
    0xff, 0xff, 0xf9, 0x0, 0x14, 0x0, 0x3f, 0xff,
    0xff, 0xff, 0xf8, 0xe, 0xff, 0xff, 0xff, 0x90,
    0x1, 0xcf, 0x50, 0x3, 0xff, 0xff, 0xff, 0xf5,
    0xa, 0xff, 0xff, 0xf9, 0x0, 0x1c, 0xff, 0xf5,
    0x0, 0x3f, 0xff, 0xff, 0xf1, 0x4, 0xff, 0xff,
    0xf4, 0x1, 0xcf, 0xff, 0xff, 0x50, 0xd, 0xff,
    0xff, 0xb0, 0x0, 0xcf, 0xff, 0xff, 0x5c, 0xff,
    0xff, 0xff, 0xf6, 0xcf, 0xff, 0xff, 0x30, 0x0,
    0x3f, 0xff, 0xff, 0xff, 0xff, 0xff, 0xff, 0xff,
    0xff, 0xff, 0xfa, 0x0, 0x0, 0x7, 0xff, 0xff,
    0xff, 0xff, 0xff, 0xff, 0xff, 0xff, 0xff, 0xd1,
    0x0, 0x0, 0x0, 0x9f, 0xff, 0xff, 0xff, 0xff,
    0xff, 0xff, 0xff, 0xfe, 0x20, 0x0, 0x0, 0x0,
    0x7, 0xff, 0xff, 0xff, 0xff, 0xff, 0xff, 0xff,
    0xc1, 0x0, 0x0, 0x0, 0x0, 0x0, 0x2b, 0xff,
    0xff, 0xff, 0xff, 0xff, 0xe7, 0x0, 0x0, 0x0,
    0x0, 0x0, 0x0, 0x0, 0x39, 0xdf, 0xff, 0xfe,
    0xb6, 0x0, 0x0, 0x0, 0x0, 0x0, 0x0, 0x0,
    0x0, 0x0, 0x0, 0x11, 0x0, 0x0, 0x0, 0x0,
    0x0, 0x0,

    /* U+F01D8 "󰇘" */
    0x1, 0x9c, 0x91, 0x0, 0x7, 0xcb, 0x20, 0x0,
    0x4b, 0xc5, 0x0, 0xaf, 0xff, 0xa0, 0x6, 0xff,
    0xfe, 0x0, 0x2f, 0xff, 0xf3, 0xf, 0xff, 0xff,
    0x0, 0xaf, 0xff, 0xf3, 0x6, 0xff, 0xff, 0x80,
    0xdf, 0xff, 0xd0, 0x8, 0xff, 0xff, 0x10, 0x4f,
    0xff, 0xf6, 0x3, 0xef, 0xe3, 0x0, 0x1c, 0xff,
    0x60, 0x0, 0x8f, 0xfa, 0x0, 0x0, 0x20, 0x0,
    0x0, 0x1, 0x0, 0x0, 0x0, 0x11, 0x0,

    /* U+F0210 "󰈐" */
    0x0, 0x0, 0x0, 0x0, 0x0, 0x5, 0xbd, 0xca,
    0x40, 0x0, 0x0, 0x0, 0x0, 0x0, 0x0, 0x0,
    0x0, 0x0, 0x8f, 0xff, 0xff, 0xf9, 0x0, 0x0,
    0x0, 0x0, 0x0, 0x0, 0x0, 0x0, 0x3, 0xff,
    0xff, 0xff, 0xff, 0x20, 0x0, 0x0, 0x0, 0x0,
    0x0, 0x0, 0x0, 0x8, 0xff, 0xff, 0xff, 0xff,
    0x40, 0x0, 0x0, 0x0, 0x0, 0x0, 0x0, 0x0,
    0xa, 0xff, 0xff, 0xff, 0xfe, 0x0, 0x0, 0x0,
    0x0, 0x0, 0x0, 0x0, 0x0, 0xa, 0xff, 0xff,
    0xff, 0xe4, 0x0, 0x0, 0x0, 0x0, 0x0, 0x0,
    0x0, 0x0, 0x8, 0xff, 0xff, 0xfc, 0x10, 0x0,
    0x0, 0x0, 0x0, 0x0, 0x6a, 0x81, 0x0, 0x4,
    0xff, 0xff, 0xf1, 0x0, 0x0, 0x0, 0x0, 0x0,
    0x8, 0xff, 0xfd, 0x0, 0x0, 0xef, 0xff, 0x90,
    0x0, 0x0, 0x0, 0x0, 0x0, 0x1f, 0xff, 0xff,
    0xa0, 0x0, 0x8f, 0xff, 0xd3, 0x6, 0xbe, 0xff,
    0xc6, 0x0, 0x5f, 0xff, 0xff, 0xf9, 0x11, 0xef,
    0xff, 0xff, 0xef, 0xff, 0xff, 0xff, 0x90, 0x7f,
    0xff, 0xff, 0xff, 0xfe, 0xff, 0x89, 0xff, 0xff,
    0xff, 0xff, 0xff, 0xf3, 0x7f, 0xff, 0xff, 0xff,
    0xff, 0xfd, 0x0, 0xdf, 0xff, 0xff, 0xff, 0xff,
    0xf7, 0x4f, 0xff, 0xff, 0xff, 0xff, 0xff, 0x22,
    0xff, 0xff, 0xff, 0xff, 0xff, 0xf8, 0xc, 0xff,
    0xff, 0xff, 0xff, 0xff, 0xff, 0xff, 0x67, 0xef,
    0xff, 0xff, 0xf6, 0x1, 0xbf, 0xff, 0xff, 0xc5,
    0x8f, 0xff, 0xf9, 0x0, 0x1d, 0xff, 0xff, 0xf4,
    0x0, 0x2, 0x56, 0x51, 0x0, 0x8, 0xff, 0xfb,
    0x0, 0x2, 0xff, 0xff, 0xd0, 0x0, 0x0, 0x0,
    0x0, 0x0, 0xc, 0xff, 0xff, 0x20, 0x0, 0x4d,
    0xfc, 0x20, 0x0, 0x0, 0x0, 0x0, 0x0, 0x6f,
    0xff, 0xff, 0x60, 0x0, 0x0, 0x0, 0x0, 0x0,
    0x0, 0x0, 0x0, 0x9, 0xff, 0xff, 0xff, 0x90,
    0x0, 0x0, 0x0, 0x0, 0x0, 0x0, 0x0, 0x0,
    0xbf, 0xff, 0xff, 0xff, 0xa0, 0x0, 0x0, 0x0,
    0x0, 0x0, 0x0, 0x0, 0x3, 0xff, 0xff, 0xff,
    0xff, 0x90, 0x0, 0x0, 0x0, 0x0, 0x0, 0x0,
    0x0, 0x3, 0xff, 0xff, 0xff, 0xff, 0x50, 0x0,
    0x0, 0x0, 0x0, 0x0, 0x0, 0x0, 0x0, 0xdf,
    0xff, 0xff, 0xfd, 0x0, 0x0, 0x0, 0x0, 0x0,
    0x0, 0x0, 0x0, 0x0, 0x1a, 0xff, 0xff, 0xb1,
    0x0, 0x0, 0x0, 0x0, 0x0, 0x0, 0x0, 0x0,
    0x0, 0x0, 0x2, 0x31, 0x0, 0x0, 0x0, 0x0,
    0x0, 0x0,

    /* U+F0238 "󰈸" */
    0x0, 0x0, 0x0, 0x0, 0x0, 0x22, 0x0, 0x0,
    0x0, 0x0, 0x0, 0x0, 0x0, 0x1, 0xaf, 0x10,
    0x0, 0x0, 0x0, 0x0, 0x0, 0x0, 0x2, 0xef,
    0xd0, 0x0, 0x0, 0x0, 0x0, 0x0, 0x0, 0x1,
    0xef, 0xfc, 0x0, 0x0, 0x0, 0x0, 0x0, 0x0,
    0x0, 0xbf, 0xff, 0xd0, 0x0, 0x0, 0x0, 0x0,
    0x0, 0x0, 0x4f, 0xff, 0xff, 0x20, 0x0, 0x0,
    0x0, 0x0, 0x0, 0xb, 0xff, 0xff, 0xf9, 0x0,
    0x0, 0x0, 0x0, 0x0, 0x0, 0xff, 0xff, 0xff,
    0xf6, 0x0, 0x0, 0x0, 0x0, 0x80, 0x3f, 0xff,
    0xff, 0xff, 0xf8, 0x0, 0x0, 0x0, 0x4d, 0x4,
    0xff, 0xff, 0xff, 0xff, 0xfb, 0x10, 0x0, 0xd,
    0xc0, 0x4f, 0xff, 0xfd, 0xff, 0xff, 0xfc, 0x0,
    0x3, 0xfe, 0x2, 0xff, 0xff, 0x6b, 0xff, 0xff,
    0xf9, 0x0, 0x8f, 0xf3, 0xe, 0xff, 0xf6, 0x1c,
    0xff, 0xff, 0xf2, 0xa, 0xff, 0xb0, 0xaf, 0xff,
    0x80, 0xc, 0xff, 0xff, 0x70, 0xbf, 0xff, 0xbe,
    0xff, 0xfb, 0x0, 0x1f, 0xff, 0xfa, 0xa, 0xff,
    0xff, 0xff, 0xff, 0xc0, 0x0, 0xcf, 0xff, 0xb0,
    0x6f, 0xff, 0xff, 0xff, 0xf7, 0x0, 0xc, 0xff,
    0xfa, 0x2, 0xff, 0xff, 0xff, 0xfa, 0x0, 0x1,
    0xff, 0xff, 0x60, 0xa, 0xff, 0xff, 0xf8, 0x0,
    0x1, 0xcf, 0xff, 0xf1, 0x0, 0x1e, 0xff, 0xff,
    0xfb, 0x89, 0xef, 0xff, 0xf7, 0x0, 0x0, 0x3e,
    0xff, 0xff, 0xff, 0xff, 0xff, 0xfa, 0x0, 0x0,
    0x0, 0x1b, 0xff, 0xff, 0xff, 0xff, 0xf6, 0x0,
    0x0, 0x0, 0x0, 0x3, 0x9d, 0xef, 0xeb, 0x61,
    0x0, 0x0, 0x0, 0x0, 0x0, 0x0, 0x0, 0x0,
    0x0, 0x0, 0x0, 0x0,

    /* U+F0241 "󰉁" */
    0x3b, 0xbb, 0xbb, 0xbb, 0xbb, 0xbb, 0xb1, 0x4f,
    0xff, 0xff, 0xff, 0xff, 0xff, 0xa0, 0x4f, 0xff,
    0xff, 0xff, 0xff, 0xff, 0x20, 0x4f, 0xff, 0xff,
    0xff, 0xff, 0xfa, 0x0, 0x4f, 0xff, 0xff, 0xff,
    0xff, 0xf2, 0x0, 0x4f, 0xff, 0xff, 0xff, 0xff,
    0x90, 0x0, 0x4f, 0xff, 0xff, 0xff, 0xff, 0x20,
    0x0, 0x4f, 0xff, 0xff, 0xff, 0xf9, 0x0, 0x0,
    0x4f, 0xff, 0xff, 0xff, 0xf2, 0x0, 0x0, 0x4f,
    0xff, 0xff, 0xff, 0x90, 0x0, 0x0, 0x4f, 0xff,
    0xff, 0xff, 0xdc, 0xcc, 0xb0, 0x4f, 0xff, 0xff,
    0xff, 0xff, 0xff, 0x80, 0x4f, 0xff, 0xff, 0xff,
    0xff, 0xfe, 0x0, 0x4f, 0xff, 0xff, 0xff, 0xff,
    0xf5, 0x0, 0x0, 0x0, 0x8f, 0xff, 0xff, 0xc0,
    0x0, 0x0, 0x0, 0x8f, 0xff, 0xff, 0x30, 0x0,
    0x0, 0x0, 0x8f, 0xff, 0xf9, 0x0, 0x0, 0x0,
    0x0, 0x8f, 0xff, 0xe1, 0x0, 0x0, 0x0, 0x0,
    0x8f, 0xff, 0x60, 0x0, 0x0, 0x0, 0x0, 0x8f,
    0xfd, 0x0, 0x0, 0x0, 0x0, 0x0, 0x8f, 0xf4,
    0x0, 0x0, 0x0, 0x0, 0x0, 0x8f, 0xa0, 0x0,
    0x0, 0x0, 0x0, 0x0, 0x8f, 0x10, 0x0, 0x0,
    0x0, 0x0, 0x0, 0x87, 0x0, 0x0, 0x0, 0x0,
    0x0, 0x0, 0x60, 0x0, 0x0, 0x0, 0x0, 0x0,
    0x0, 0x0, 0x0, 0x0, 0x0, 0x0,

    /* U+F029A "󰊚" */
    0x0, 0x0, 0x0, 0x0, 0x1, 0x57, 0x88, 0x75,
    0x10, 0x0, 0x0, 0x0, 0x0, 0x0, 0x0, 0x0,
    0x4, 0xbf, 0xff, 0xff, 0xff, 0xfb, 0x40, 0x0,
    0x0, 0x0, 0x0, 0x0, 0x2, 0xcf, 0xff, 0xff,
    0xee, 0xff, 0xff, 0xfc, 0x20, 0x0, 0x0, 0x0,
    0x0, 0x4f, 0xff, 0xe7, 0x20, 0x0, 0x2, 0x7e,
    0xff, 0xf4, 0x0, 0x0, 0x0, 0x4, 0xff, 0xf8,
    0x0, 0x0, 0x0, 0x0, 0x0, 0x8f, 0xff, 0x40,
    0x0, 0x0, 0x2f, 0xff, 0x50, 0x3, 0x93, 0x0,
    0x5e, 0x70, 0x5, 0xff, 0xe2, 0x0, 0x0, 0xbf,
    0xf5, 0x0, 0xb, 0xfb, 0x0, 0xef, 0xb0, 0x0,
    0x5f, 0xfb, 0x0, 0x4, 0xff, 0x90, 0x0, 0x5,
    0xc5, 0x4, 0xff, 0x60, 0x0, 0x9, 0xff, 0x40,
    0xb, 0xfe, 0x0, 0x0, 0x0, 0x0, 0xa, 0xff,
    0x0, 0x0, 0x0, 0xef, 0xb0, 0xf, 0xf8, 0x3,
    0xea, 0x0, 0x0, 0x1f, 0xf9, 0x0, 0xae, 0x30,
    0x8f, 0xf0, 0x4f, 0xf4, 0x6, 0xfe, 0x0, 0x3,
    0xcf, 0xf3, 0x0, 0xef, 0x60, 0x4f, 0xf4, 0x5f,
    0xf1, 0x0, 0x73, 0x0, 0x2f, 0xff, 0xf2, 0x0,
    0x37, 0x0, 0x1f, 0xf5, 0x7f, 0xf0, 0x0, 0x0,
    0x0, 0x7f, 0xff, 0xf7, 0x0, 0x0, 0x0, 0xf,
    0xf7, 0x6f, 0xf0, 0x0, 0x0, 0x0, 0x5f, 0xff,
    0xf5, 0x0, 0x0, 0x0, 0x1f, 0xf6, 0x5f, 0xf2,
    0x0, 0x0, 0x0, 0xa, 0xff, 0xa0, 0x0, 0x0,
    0x0, 0x2f, 0xf5, 0x2f, 0xf6, 0x0, 0x0, 0x0,
    0x0, 0x22, 0x0, 0x0, 0x0, 0x0, 0x6f, 0xf2,
    0xd, 0xfb, 0x0, 0x0, 0x0, 0x0, 0x0, 0x0,
    0x0, 0x0, 0x0, 0xbf, 0xd0, 0x8, 0xff, 0x30,
    0x0, 0x0, 0x3, 0x45, 0x30, 0x0, 0x0, 0x3,
    0xff, 0x80, 0x1, 0xff, 0xd0, 0x0, 0x3b, 0xff,
    0xff, 0xff, 0xb4, 0x0, 0xd, 0xff, 0x10, 0x0,
    0x7f, 0xfb, 0x1a, 0xff, 0xff, 0xff, 0xff, 0xff,
    0xb1, 0xbf, 0xf7, 0x0, 0x0, 0xb, 0xff, 0xff,
    0xff, 0xff, 0xff, 0xff, 0xff, 0xff, 0xff, 0xb0,
    0x0, 0x0, 0x0, 0xcf, 0xff, 0xff, 0xff, 0xff,
    0xff, 0xff, 0xff, 0xfc, 0x0, 0x0, 0x0, 0x0,
    0xa, 0xff, 0xff, 0xff, 0xff, 0xff, 0xff, 0xff,
    0xa0, 0x0, 0x0, 0x0, 0x0, 0x0, 0x5d, 0xff,
    0xff, 0xff, 0xff, 0xff, 0xd5, 0x0, 0x0, 0x0,
    0x0, 0x0, 0x0, 0x0, 0x49, 0xdf, 0xff, 0xfd,
    0x94, 0x0, 0x0, 0x0, 0x0, 0x0, 0x0, 0x0,
    0x0, 0x0, 0x0, 0x11, 0x0, 0x0, 0x0, 0x0,
    0x0, 0x0,

    /* U+F02D7 "󰋗" */
    0x0, 0x0, 0x0, 0x0, 0x2, 0x79, 0xab, 0xa7,
    0x30, 0x0, 0x0, 0x0, 0x0, 0x0, 0x0, 0x0,
    0x6, 0xdf, 0xff, 0xff, 0xff, 0xfe, 0x70, 0x0,
    0x0, 0x0, 0x0, 0x0, 0x3, 0xef, 0xff, 0xff,
    0xff, 0xff, 0xff, 0xfd, 0x40, 0x0, 0x0, 0x0,
    0x0, 0x6f, 0xff, 0xff, 0xff, 0xff, 0xff, 0xff,
    0xff, 0xf6, 0x0, 0x0, 0x0, 0x6, 0xff, 0xff,
    0xff, 0xb4, 0x11, 0x4b, 0xff, 0xff, 0xff, 0x60,
    0x0, 0x0, 0x3f, 0xff, 0xff, 0xf8, 0x0, 0x0,
    0x0, 0x8f, 0xff, 0xff, 0xf3, 0x0, 0x0, 0xcf,
    0xff, 0xff, 0xb0, 0x1, 0x66, 0x10, 0xb, 0xff,
    0xff, 0xfd, 0x0, 0x5, 0xff, 0xff, 0xff, 0x40,
    0x1e, 0xff, 0xe1, 0x4, 0xff, 0xff, 0xff, 0x50,
    0xb, 0xff, 0xff, 0xff, 0x0, 0x6f, 0xff, 0xf6,
    0x1, 0xff, 0xff, 0xff, 0xb0, 0xf, 0xff, 0xff,
    0xff, 0xff, 0xff, 0xff, 0xf6, 0x1, 0xff, 0xff,
    0xff, 0xf1, 0x4f, 0xff, 0xff, 0xff, 0xff, 0xff,
    0xff, 0xd1, 0x5, 0xff, 0xff, 0xff, 0xf4, 0x5f,
    0xff, 0xff, 0xff, 0xff, 0xff, 0xfe, 0x20, 0x1d,
    0xff, 0xff, 0xff, 0xf6, 0x7f, 0xff, 0xff, 0xff,
    0xff, 0xff, 0xf2, 0x0, 0xcf, 0xff, 0xff, 0xff,
    0xf7, 0x6f, 0xff, 0xff, 0xff, 0xff, 0xff, 0x60,
    0xb, 0xff, 0xff, 0xff, 0xff, 0xf6, 0x4f, 0xff,
    0xff, 0xff, 0xff, 0xff, 0x0, 0x5f, 0xff, 0xff,
    0xff, 0xff, 0xf4, 0x1f, 0xff, 0xff, 0xff, 0xff,
    0xfc, 0x0, 0xaf, 0xff, 0xff, 0xff, 0xff, 0xf1,
    0xd, 0xff, 0xff, 0xff, 0xff, 0xfe, 0x77, 0xdf,
    0xff, 0xff, 0xff, 0xff, 0xd0, 0x7, 0xff, 0xff,
    0xff, 0xff, 0xff, 0xff, 0xff, 0xff, 0xff, 0xff,
    0xff, 0x70, 0x0, 0xef, 0xff, 0xff, 0xff, 0xff,
    0xff, 0xff, 0xff, 0xff, 0xff, 0xfe, 0x0, 0x0,
    0x6f, 0xff, 0xff, 0xff, 0xfc, 0x0, 0xcf, 0xff,
    0xff, 0xff, 0xf6, 0x0, 0x0, 0xa, 0xff, 0xff,
    0xff, 0xfc, 0x0, 0xcf, 0xff, 0xff, 0xff, 0xa0,
    0x0, 0x0, 0x0, 0xbf, 0xff, 0xff, 0xfe, 0xbb,
    0xef, 0xff, 0xff, 0xfb, 0x0, 0x0, 0x0, 0x0,
    0x8, 0xff, 0xff, 0xff, 0xff, 0xff, 0xff, 0xff,
    0x80, 0x0, 0x0, 0x0, 0x0, 0x0, 0x3c, 0xff,
    0xff, 0xff, 0xff, 0xff, 0xb3, 0x0, 0x0, 0x0,
    0x0, 0x0, 0x0, 0x0, 0x38, 0xce, 0xff, 0xec,
    0x83, 0x0, 0x0, 0x0, 0x0, 0x0, 0x0, 0x0,
    0x0, 0x0, 0x0, 0x0, 0x0, 0x0, 0x0, 0x0,
    0x0, 0x0,

    /* U+F0319 "󰌙" */
    0x0, 0x0, 0x0, 0x0, 0x0, 0x0, 0x0, 0x0,
    0x0, 0x0, 0x0, 0x0, 0x0, 0x0, 0x0, 0x8f,
    0xff, 0xff, 0xff, 0xff, 0xa0, 0x0, 0x0, 0x0,
    0x0, 0x0, 0x0, 0x0, 0x5, 0xff, 0xff, 0xff,
    0xff, 0xff, 0xf9, 0x0, 0x0, 0x0, 0x0, 0x0,
    0x0, 0x0, 0x9, 0xfe, 0x77, 0x77, 0x77, 0x7d,
    0xfd, 0x0, 0x0, 0x0, 0x0, 0x0, 0x0, 0x0,
    0x9, 0xfd, 0x0, 0x0, 0x0, 0xa, 0xfd, 0x0,
    0x0, 0x0, 0x0, 0x0, 0x0, 0x0, 0x9, 0xfd,
    0x0, 0x0, 0x0, 0xa, 0xfd, 0x0, 0x0, 0x0,
    0x0, 0x0, 0x0, 0x0, 0x9, 0xfd, 0x0, 0x0,
    0x0, 0xa, 0xfd, 0x0, 0x0, 0x0, 0x0, 0x0,
    0x0, 0x0, 0x9, 0xfd, 0x0, 0x0, 0x0, 0xa,
    0xfd, 0x0, 0x0, 0x0, 0x0, 0x0, 0x0, 0x0,
    0x9, 0xfe, 0x88, 0x88, 0x88, 0x8d, 0xfd, 0x0,
    0x0, 0x0, 0x0, 0x0, 0x0, 0x0, 0x5, 0xff,
    0xff, 0xff, 0xff, 0xff, 0xf9, 0x0, 0x0, 0x0,
    0x0, 0x0, 0x0, 0x0, 0x0, 0x8e, 0xff, 0xff,
    0xff, 0xff, 0xa0, 0x0, 0x0, 0x0, 0x0, 0x0,
    0x0, 0x0, 0xef, 0xff, 0xff, 0xff, 0xff, 0xff,
    0xff, 0xf1, 0x0, 0x0, 0x0, 0x0, 0x0, 0x0,
    0xef, 0xff, 0xff, 0xff, 0xff, 0xff, 0xff, 0xf1,
    0x0, 0x0, 0x0, 0x0, 0x0, 0x0, 0x78, 0x88,
    0x88, 0x88, 0x88, 0x88, 0x88, 0x80, 0x0, 0x0,
    0x0, 0x0, 0x0, 0x0, 0x0, 0x0, 0x0, 0x0,
    0x0, 0x0, 0x0, 0x0, 0x0, 0x0, 0x0, 0x0,
    0x0, 0x0, 0x0, 0x0, 0x0, 0x0, 0x0, 0x0,
    0x0, 0x0, 0x0, 0x0, 0x0, 0x0, 0x0, 0x0,
    0x0, 0x2, 0x0, 0x0, 0x11, 0x0, 0x0, 0x3d,
    0xff, 0xff, 0xff, 0xff, 0xe5, 0x0, 0x0, 0x4f,
    0x90, 0x1, 0xdd, 0x10, 0x0, 0xef, 0xff, 0xff,
    0xff, 0xff, 0xff, 0x10, 0x0, 0xcf, 0xf9, 0x1d,
    0xff, 0x80, 0x2, 0xff, 0xa7, 0x77, 0x77, 0x79,
    0xff, 0x40, 0x0, 0x1d, 0xff, 0xef, 0xf9, 0x0,
    0x2, 0xff, 0x50, 0x0, 0x0, 0x2, 0xff, 0x50,
    0x0, 0x1, 0xdf, 0xff, 0x90, 0x0, 0x2, 0xff,
    0x50, 0x0, 0x0, 0x2, 0xff, 0x50, 0x0, 0x1,
    0xdf, 0xff, 0x90, 0x0, 0x2, 0xff, 0x50, 0x0,
    0x0, 0x2, 0xff, 0x50, 0x0, 0x1d, 0xff, 0xff,
    0xf9, 0x0, 0x2, 0xff, 0x50, 0x0, 0x0, 0x2,
    0xff, 0x50, 0x0, 0xcf, 0xf9, 0x1d, 0xff, 0x80,
    0x2, 0xff, 0xb8, 0x88, 0x88, 0x89, 0xff, 0x40,
    0x0, 0x4f, 0x90, 0x1, 0xdd, 0x10, 0x0, 0xef,
    0xff, 0xff, 0xff, 0xff, 0xff, 0x10, 0x0, 0x2,
    0x0, 0x0, 0x11, 0x0, 0x0, 0x3c, 0xff, 0xff,
    0xff, 0xff, 0xd4, 0x0, 0x0, 0x0, 0x0, 0x0,
    0x0, 0x0, 0x5f, 0xff, 0xff, 0xff, 0xff, 0xff,
    0xff, 0xf9, 0x0, 0x0, 0x0, 0x0, 0x0, 0x0,
    0x5f, 0xff, 0xff, 0xff, 0xff, 0xff, 0xff, 0xf9,
    0x0, 0x0, 0x0, 0x0, 0x0, 0x0, 0x27, 0x77,
    0x77, 0x77, 0x77, 0x77, 0x77, 0x74,

    /* U+F0335 "󰌵" */
    0x0, 0x0, 0x3, 0x9c, 0xee, 0xc8, 0x30, 0x0,
    0x0, 0x0, 0x1, 0xbf, 0xff, 0xff, 0xff, 0xfa,
    0x0, 0x0, 0x0, 0x2d, 0xff, 0xff, 0xff, 0xff,
    0xff, 0xd1, 0x0, 0x0, 0xdf, 0xff, 0xff, 0xff,
    0xff, 0xff, 0xfc, 0x0, 0x9, 0xff, 0xff, 0xff,
    0xff, 0xff, 0xff, 0xff, 0x80, 0x2f, 0xff, 0xff,
    0xff, 0xff, 0xff, 0xff, 0xff, 0xf1, 0x7f, 0xff,
    0xff, 0xff, 0xff, 0xff, 0xff, 0xff, 0xf6, 0xaf,
    0xff, 0xff, 0xff, 0xff, 0xff, 0xff, 0xff, 0xf9,
    0xbf, 0xff, 0xff, 0xff, 0xff, 0xff, 0xff, 0xff,
    0xfa, 0xaf, 0xff, 0xff, 0xff, 0xff, 0xff, 0xff,
    0xff, 0xf9, 0x9f, 0xff, 0xff, 0xff, 0xff, 0xff,
    0xff, 0xff, 0xf7, 0x4f, 0xff, 0xff, 0xff, 0xff,
    0xff, 0xff, 0xff, 0xf3, 0xe, 0xff, 0xff, 0xff,
    0xff, 0xff, 0xff, 0xff, 0xd0, 0x5, 0xff, 0xff,
    0xff, 0xff, 0xff, 0xff, 0xff, 0x40, 0x0, 0x9f,
    0xff, 0xff, 0xff, 0xff, 0xff, 0xf8, 0x0, 0x0,
    0x8, 0xff, 0xff, 0xff, 0xff, 0xff, 0x70, 0x0,
    0x0, 0x0, 0xff, 0xff, 0xff, 0xff, 0xff, 0x0,
    0x0, 0x0, 0x0, 0xff, 0xff, 0xff, 0xff, 0xff,
    0x0, 0x0, 0x0, 0x0, 0xff, 0xff, 0xff, 0xff,
    0xff, 0x0, 0x0, 0x0, 0x0, 0xbf, 0xff, 0xff,
    0xff, 0xfa, 0x0, 0x0, 0x0, 0x0, 0x0, 0x0,
    0x0, 0x0, 0x0, 0x0, 0x0, 0x0, 0x0, 0x0,
    0x0, 0x0, 0x0, 0x0, 0x0, 0x0, 0x0, 0x0,
    0x2, 0x33, 0x33, 0x33, 0x20, 0x0, 0x0, 0x0,
    0x0, 0xc, 0xff, 0xff, 0xff, 0xb0, 0x0, 0x0,
    0x0, 0x0, 0xa, 0xff, 0xff, 0xff, 0x80, 0x0,
    0x0, 0x0, 0x0, 0x0, 0x33, 0x33, 0x33, 0x0,
    0x0, 0x0,

    /* U+F0336 "󰌶" */
    0x0, 0x0, 0x0, 0x47, 0x99, 0x73, 0x0, 0x0,
    0x0, 0x0, 0x0, 0x6e, 0xff, 0xff, 0xff, 0xd5,
    0x0, 0x0, 0x0, 0xa, 0xff, 0xff, 0xee, 0xff,
    0xff, 0x90, 0x0, 0x0, 0xbf, 0xfe, 0x61, 0x0,
    0x17, 0xef, 0xf9, 0x0, 0x7, 0xff, 0xb1, 0x0,
    0x0, 0x0, 0x1c, 0xff, 0x60, 0x1f, 0xfd, 0x0,
    0x0, 0x0, 0x0, 0x1, 0xdf, 0xe0, 0x6f, 0xf4,
    0x0, 0x0, 0x0, 0x0, 0x0, 0x5f, 0xf5, 0xaf,
    0xe0, 0x0, 0x0, 0x0, 0x0, 0x0, 0xf, 0xf9,
    0xbf, 0xc0, 0x0, 0x0, 0x0, 0x0, 0x0, 0xd,
    0xfa, 0xbf, 0xb0, 0x0, 0x0, 0x0, 0x0, 0x0,
    0xc, 0xfa, 0x9f, 0xe0, 0x0, 0x0, 0x0, 0x0,
    0x0, 0xf, 0xf8, 0x5f, 0xf4, 0x0, 0x0, 0x0,
    0x0, 0x0, 0x5f, 0xf4, 0xe, 0xfd, 0x0, 0x0,
    0x0, 0x0, 0x1, 0xef, 0xe0, 0x6, 0xff, 0xc1,
    0x0, 0x0, 0x0, 0x1c, 0xff, 0x50, 0x0, 0xaf,
    0xfe, 0x30, 0x0, 0x4, 0xef, 0xf9, 0x0, 0x0,
    0x9, 0xff, 0x70, 0x0, 0x8, 0xff, 0x80, 0x0,
    0x0, 0x0, 0xff, 0x70, 0x0, 0x8, 0xff, 0x0,
    0x0, 0x0, 0x0, 0xff, 0xb7, 0x77, 0x7b, 0xff,
    0x0, 0x0, 0x0, 0x0, 0xff, 0xff, 0xff, 0xff,
    0xff, 0x0, 0x0, 0x0, 0x0, 0xbf, 0xff, 0xff,
    0xff, 0xfa, 0x0, 0x0, 0x0, 0x0, 0x0, 0x0,
    0x0, 0x0, 0x0, 0x0, 0x0, 0x0, 0x0, 0x0,
    0x0, 0x0, 0x0, 0x0, 0x0, 0x0, 0x0, 0x0,
    0x2, 0x33, 0x33, 0x33, 0x20, 0x0, 0x0, 0x0,
    0x0, 0xc, 0xff, 0xff, 0xff, 0xb0, 0x0, 0x0,
    0x0, 0x0, 0xa, 0xff, 0xff, 0xff, 0x80, 0x0,
    0x0, 0x0, 0x0, 0x0, 0x33, 0x33, 0x33, 0x0,
    0x0, 0x0,

    /* U+F033E "󰌾" */
    0x0, 0x0, 0x0, 0x0, 0x0, 0x0, 0x0, 0x0,
    0x0, 0x0, 0x0, 0x0, 0x0, 0x0, 0x0, 0x7c,
    0xff, 0xc7, 0x0, 0x0, 0x0, 0x0, 0x0, 0x0,
    0x0, 0x2d, 0xff, 0xff, 0xff, 0xd2, 0x0, 0x0,
    0x0, 0x0, 0x0, 0x1, 0xef, 0xfd, 0x88, 0xdf,
    0xfe, 0x10, 0x0, 0x0, 0x0, 0x0, 0x9, 0xff,
    0x70, 0x0, 0x7, 0xff, 0x90, 0x0, 0x0, 0x0,
    0x0, 0xf, 0xfa, 0x0, 0x0, 0x0, 0xbf, 0xf0,
    0x0, 0x0, 0x0, 0x0, 0x2f, 0xf5, 0x0, 0x0,
    0x0, 0x5f, 0xf2, 0x0, 0x0, 0x0, 0x0, 0x4f,
    0xf4, 0x0, 0x0, 0x0, 0x4f, 0xf4, 0x0, 0x0,
    0x0, 0x0, 0x4f, 0xf4, 0x0, 0x0, 0x0, 0x4f,
    0xf4, 0x0, 0x0, 0x0, 0x3, 0x7f, 0xf6, 0x33,
    0x33, 0x33, 0x6f, 0xf7, 0x30, 0x0, 0x4, 0xef,
    0xff, 0xff, 0xff, 0xff, 0xff, 0xff, 0xff, 0xfe,
    0x40, 0xd, 0xff, 0xff, 0xff, 0xff, 0xff, 0xff,
    0xff, 0xff, 0xff, 0xd0, 0xf, 0xff, 0xff, 0xff,
    0xff, 0xff, 0xff, 0xff, 0xff, 0xff, 0xf0, 0xf,
    0xff, 0xff, 0xff, 0xff, 0xff, 0xff, 0xff, 0xff,
    0xff, 0xf0, 0xf, 0xff, 0xff, 0xff, 0xff, 0xff,
    0xff, 0xff, 0xff, 0xff, 0xf0, 0xf, 0xff, 0xff,
    0xff, 0xff, 0xff, 0xff, 0xff, 0xff, 0xff, 0xf0,
    0xf, 0xff, 0xff, 0xff, 0xf8, 0x11, 0x8f, 0xff,
    0xff, 0xff, 0xf0, 0xf, 0xff, 0xff, 0xff, 0xb0,
    0x0, 0xb, 0xff, 0xff, 0xff, 0xf0, 0xf, 0xff,
    0xff, 0xff, 0x80, 0x0, 0x8, 0xff, 0xff, 0xff,
    0xf0, 0xf, 0xff, 0xff, 0xff, 0xb0, 0x0, 0xb,
    0xff, 0xff, 0xff, 0xf0, 0xf, 0xff, 0xff, 0xff,
    0xf8, 0x11, 0x8f, 0xff, 0xff, 0xff, 0xf0, 0xf,
    0xff, 0xff, 0xff, 0xff, 0xff, 0xff, 0xff, 0xff,
    0xff, 0xf0, 0xf, 0xff, 0xff, 0xff, 0xff, 0xff,
    0xff, 0xff, 0xff, 0xff, 0xf0, 0xf, 0xff, 0xff,
    0xff, 0xff, 0xff, 0xff, 0xff, 0xff, 0xff, 0xf0,
    0xf, 0xff, 0xff, 0xff, 0xff, 0xff, 0xff, 0xff,
    0xff, 0xff, 0xf0, 0xd, 0xff, 0xff, 0xff, 0xff,
    0xff, 0xff, 0xff, 0xff, 0xff, 0xd0, 0x4, 0xef,
    0xff, 0xff, 0xff, 0xff, 0xff, 0xff, 0xff, 0xfe,
    0x40, 0x0, 0x3, 0x33, 0x33, 0x33, 0x33, 0x33,
    0x33, 0x33, 0x30, 0x0,

    /* U+F035B "󰍛" */
    0x0, 0x0, 0x0, 0x0, 0x77, 0x40, 0x7, 0x74,
    0x0, 0x0, 0x0, 0x0, 0x0, 0x0, 0x0, 0x0,
    0xef, 0x90, 0xf, 0xf8, 0x0, 0x0, 0x0, 0x0,
    0x0, 0x0, 0x0, 0x0, 0xef, 0x90, 0xf, 0xf8,
    0x0, 0x0, 0x0, 0x0, 0x0, 0x1, 0xaf, 0xff,
    0xff, 0xff, 0xff, 0xff, 0xff, 0xe7, 0x0, 0x0,
    0x0, 0xa, 0xff, 0xff, 0xff, 0xff, 0xff, 0xff,
    0xff, 0xff, 0x40, 0x0, 0x0, 0xe, 0xfc, 0x77,
    0x77, 0x77, 0x77, 0x77, 0x77, 0xff, 0x80, 0x0,
    0x0, 0xe, 0xf8, 0x0, 0x0, 0x0, 0x0, 0x0,
    0x0, 0xef, 0x80, 0x0, 0x0, 0xe, 0xf8, 0x0,
    0x0, 0x0, 0x0, 0x0, 0x0, 0xef, 0x80, 0x0,
    0x6f, 0xff, 0xf8, 0x0, 0xef, 0xff, 0xff, 0xf8,
    0x0, 0xef, 0xff, 0xf0, 0x6f, 0xff, 0xf8, 0x0,
    0xef, 0xff, 0xff, 0xf8, 0x0, 0xef, 0xff, 0xf0,
    0x38, 0x8f, 0xf8, 0x0, 0xef, 0xc8, 0x8f, 0xf8,
    0x0, 0xef, 0xc8, 0x80, 0x0, 0xe, 0xf8, 0x0,
    0xef, 0x90, 0xf, 0xf8, 0x0, 0xef, 0x80, 0x0,
    0x0, 0xe, 0xf8, 0x0, 0xef, 0x90, 0xf, 0xf8,
    0x0, 0xef, 0x80, 0x0, 0x6f, 0xff, 0xf8, 0x0,
    0xef, 0xff, 0xff, 0xf8, 0x0, 0xef, 0xff, 0xf0,
    0x6f, 0xff, 0xf8, 0x0, 0xef, 0xff, 0xff, 0xf8,
    0x0, 0xef, 0xff, 0xf0, 0x37, 0x7f, 0xf8, 0x0,
    0x77, 0x77, 0x77, 0x74, 0x0, 0xef, 0xc7, 0x70,
    0x0, 0xe, 0xf8, 0x0, 0x0, 0x0, 0x0, 0x0,
    0x0, 0xef, 0x80, 0x0, 0x0, 0xe, 0xf8, 0x0,
    0x0, 0x0, 0x0, 0x0, 0x0, 0xef, 0x80, 0x0,
    0x0, 0xd, 0xff, 0xff, 0xff, 0xff, 0xff, 0xff,
    0xff, 0xff, 0x70, 0x0, 0x0, 0x5, 0xff, 0xff,
    0xff, 0xff, 0xff, 0xff, 0xff, 0xfe, 0x10, 0x0,
    0x0, 0x0, 0x37, 0x77, 0xff, 0xc7, 0x7f, 0xfc,
    0x77, 0x61, 0x0, 0x0, 0x0, 0x0, 0x0, 0x0,
    0xef, 0x90, 0xf, 0xf8, 0x0, 0x0, 0x0, 0x0,
    0x0, 0x0, 0x0, 0x0, 0xef, 0x90, 0xf, 0xf8,
    0x0, 0x0, 0x0, 0x0,

    /* U+F0392 "󰎒" */
    0x0, 0x7a, 0xbb, 0xbb, 0xbb, 0xbb, 0xbb, 0xbb,
    0xbb, 0xbb, 0xb9, 0x30, 0xa, 0xff, 0xff, 0xff,
    0xff, 0xff, 0xff, 0xff, 0xff, 0xff, 0xff, 0xf3,
    0xf, 0xff, 0xff, 0xff, 0xff, 0xff, 0xff, 0xff,
    0xff, 0xff, 0xff, 0xf9, 0x1f, 0xff, 0xff, 0xff,
    0xff, 0xff, 0xff, 0xff, 0xff, 0xff, 0xff, 0xfa,
    0x1f, 0xff, 0xff, 0xff, 0xf9, 0x41, 0x12, 0x6c,
    0xff, 0xff, 0xff, 0xfa, 0x1f, 0xff, 0xff, 0xfc,
    0x10, 0x0, 0x0, 0x0, 0x5f, 0xff, 0xff, 0xfa,
    0x1f, 0xff, 0xff, 0xb0, 0x0, 0x1, 0x10, 0x0,
    0x3, 0xff, 0xff, 0xfa, 0x1f, 0xff, 0xfd, 0x10,
    0x5, 0xdf, 0xfe, 0x80, 0x0, 0x6f, 0xff, 0xfa,
    0x1f, 0xff, 0xf5, 0x0, 0x7f, 0xff, 0xff, 0xfc,
    0x0, 0xc, 0xff, 0xfa, 0x1f, 0xff, 0xf0, 0x3,
    0xff, 0xff, 0xff, 0xff, 0x80, 0x6, 0xff, 0xfa,
    0x1f, 0xff, 0xc0, 0x9, 0xff, 0xff, 0xff, 0xff,
    0xe0, 0x3, 0xff, 0xfa, 0x1f, 0xff, 0xb0, 0xc,
    0xff, 0xff, 0xff, 0xff, 0xf1, 0x2, 0xff, 0xfa,
    0x1f, 0xff, 0xb0, 0xc, 0xff, 0xff, 0xff, 0xff,
    0xf1, 0x2, 0xff, 0xfa, 0x1f, 0xff, 0xe0, 0x8,
    0xff, 0xff, 0xff, 0xff, 0xd0, 0x5, 0xff, 0xfa,
    0x1f, 0xff, 0xf3, 0x1, 0xef, 0xff, 0xff, 0xff,
    0x50, 0xa, 0xff, 0xfa, 0x1f, 0xff, 0xfb, 0x0,
    0x3e, 0xff, 0xff, 0xf7, 0x0, 0x3f, 0xff, 0xfa,
    0x1f, 0xff, 0xff, 0x70, 0x1, 0x8c, 0xca, 0x30,
    0x0, 0xdf, 0xff, 0xfa, 0x1f, 0xff, 0xff, 0xf7,
    0x0, 0x0, 0x0, 0x0, 0x2c, 0xff, 0xff, 0xfa,
    0x1f, 0xff, 0xff, 0xff, 0xc4, 0x0, 0x0, 0x17,
    0xef, 0xff, 0xff, 0xfa, 0x1f, 0xff, 0xff, 0xff,
    0xff, 0xfc, 0xcd, 0xff, 0xff, 0xff, 0xff, 0xfa,
    0xf, 0xff, 0xff, 0xff, 0xff, 0xff, 0xff, 0xff,
    0xff, 0xff, 0xff, 0xf9, 0xc, 0xff, 0xff, 0xff,
    0xff, 0xff, 0xff, 0xff, 0xff, 0xff, 0xff, 0xf5,
    0x2, 0xcf, 0xff, 0xff, 0xff, 0xff, 0xff, 0xff,
    0xff, 0xff, 0xfe, 0x80,

    /* U+F0393 "󰎓" */
    0x0, 0x0, 0x0, 0x0, 0x2, 0x79, 0xab, 0xa7,
    0x30, 0x0, 0x0, 0x0, 0x0, 0x0, 0x0, 0x0,
    0x6, 0xdf, 0xff, 0xff, 0xff, 0xfe, 0x70, 0x0,
    0x0, 0x0, 0x0, 0x0, 0x3, 0xdf, 0xff, 0xff,
    0xff, 0xff, 0xff, 0xfd, 0x30, 0x0, 0x0, 0x0,
    0x0, 0x6f, 0xff, 0xff, 0xff, 0xff, 0xff, 0xff,
    0xff, 0xf6, 0x0, 0x0, 0x0, 0x5, 0xff, 0xff,
    0xfb, 0x52, 0x0, 0x26, 0xcf, 0xff, 0xff, 0x50,
    0x0, 0x0, 0x3f, 0xff, 0xfe, 0x40, 0x0, 0x0,
    0x0, 0x5, 0xff, 0xff, 0xf2, 0x0, 0x0, 0xcf,
    0xff, 0xd1, 0x0, 0x0, 0x0, 0x0, 0x8, 0xff,
    0xff, 0xfc, 0x0, 0x5, 0xff, 0xfe, 0x20, 0x0,
    0x0, 0x32, 0x0, 0x8f, 0xfe, 0xef, 0xff, 0x50,
    0xb, 0xff, 0xf5, 0x0, 0x0, 0x8f, 0xff, 0xeb,
    0xff, 0xe2, 0x6f, 0xff, 0xc0, 0xf, 0xff, 0xd0,
    0x0, 0xb, 0xff, 0xff, 0xff, 0xfd, 0x10, 0xe,
    0xff, 0xf1, 0x4f, 0xff, 0x80, 0x0, 0x7f, 0xff,
    0xff, 0xff, 0xf6, 0x0, 0x8, 0xff, 0xf4, 0x6f,
    0xff, 0x50, 0x0, 0xdf, 0xff, 0xff, 0xff, 0xfc,
    0x0, 0x5, 0xff, 0xf6, 0x7f, 0xff, 0x40, 0x0,
    0xff, 0xff, 0xff, 0xff, 0xfe, 0x0, 0x4, 0xff,
    0xf7, 0x7f, 0xff, 0x40, 0x0, 0xff, 0xff, 0xff,
    0xff, 0xfd, 0x0, 0x4, 0xff, 0xf7, 0x5f, 0xff,
    0x60, 0x0, 0xaf, 0xff, 0xff, 0xff, 0xf9, 0x0,
    0x7, 0xff, 0xf5, 0x2f, 0xff, 0xb0, 0x0, 0x2f,
    0xff, 0xff, 0xff, 0xf2, 0x0, 0xb, 0xff, 0xf2,
    0xe, 0xff, 0xf1, 0x0, 0xc, 0xff, 0xff, 0xff,
    0xc0, 0x0, 0x2f, 0xff, 0xe0, 0x9, 0xff, 0xfa,
    0x0, 0xbf, 0xff, 0xff, 0xff, 0xfb, 0x0, 0xaf,
    0xff, 0x80, 0x1, 0xff, 0xff, 0x6b, 0xff, 0xff,
    0xff, 0xff, 0xff, 0xb7, 0xff, 0xff, 0x10, 0x0,
    0x8f, 0xff, 0xff, 0xff, 0xff, 0xff, 0xff, 0xff,
    0xff, 0xff, 0xf8, 0x0, 0x0, 0xc, 0xff, 0xff,
    0xff, 0xff, 0xff, 0xff, 0xff, 0xff, 0xff, 0xc0,
    0x0, 0x0, 0x1, 0xdf, 0xff, 0xff, 0xff, 0xff,
    0xff, 0xff, 0xff, 0xfd, 0x10, 0x0, 0x0, 0x0,
    0x1b, 0xff, 0xff, 0xff, 0xff, 0xff, 0xff, 0xff,
    0xb1, 0x0, 0x0, 0x0, 0x0, 0x0, 0x6e, 0xff,
    0xff, 0xff, 0xff, 0xff, 0xe6, 0x0, 0x0, 0x0,
    0x0, 0x0, 0x0, 0x0, 0x6a, 0xff, 0xff, 0xff,
    0xa6, 0x0, 0x0, 0x0, 0x0, 0x0, 0x0, 0x0,
    0x0, 0x0, 0x1, 0x32, 0x10, 0x0, 0x0, 0x0,
    0x0, 0x0,

    /* U+F03D8 "󰏘" */
    0x0, 0x0, 0x0, 0x0, 0x3, 0x67, 0x76, 0x30,
    0x0, 0x0, 0x0, 0x0, 0x0, 0x0, 0x0, 0x18,
    0xef, 0xff, 0xff, 0xff, 0xa3, 0x0, 0x0, 0x0,
    0x0, 0x0, 0x5, 0xef, 0xff, 0xff, 0xff, 0xff,
    0xff, 0xa1, 0x0, 0x0, 0x0, 0x0, 0x8f, 0xfa,
    0x12, 0xdf, 0xfd, 0x21, 0xaf, 0xfd, 0x20, 0x0,
    0x0, 0x8, 0xff, 0xf1, 0x0, 0x4f, 0xf5, 0x0,
    0x1f, 0xff, 0xe1, 0x0, 0x0, 0x4f, 0xff, 0xf2,
    0x0, 0x6f, 0xf6, 0x0, 0x2f, 0xff, 0xfb, 0x0,
    0x0, 0xef, 0xff, 0xfd, 0x56, 0xef, 0xfe, 0x64,
    0xcf, 0xff, 0xff, 0x50, 0x6, 0xff, 0xff, 0xff,
    0xff, 0xff, 0xff, 0xff, 0xff, 0xff, 0xff, 0xb0,
    0xb, 0xfd, 0x21, 0xaf, 0xff, 0xff, 0xff, 0xff,
    0xfa, 0x12, 0xdf, 0xf0, 0xf, 0xf5, 0x0, 0xf,
    0xff, 0xff, 0xff, 0xff, 0xf1, 0x0, 0x5f, 0xf3,
    0x2f, 0xf6, 0x0, 0x2f, 0xff, 0xff, 0xff, 0xff,
    0xf2, 0x0, 0x6f, 0xf4, 0x3f, 0xfe, 0x65, 0xdf,
    0xff, 0xff, 0xff, 0xff, 0xfd, 0x56, 0xef, 0xf2,
    0x2f, 0xff, 0xff, 0xff, 0xff, 0xff, 0xff, 0xff,
    0xff, 0xff, 0xff, 0xe0, 0x1f, 0xff, 0xff, 0xff,
    0xff, 0xff, 0xff, 0xff, 0xff, 0xff, 0xff, 0x70,
    0xe, 0xff, 0xff, 0xff, 0xff, 0xff, 0xff, 0xff,
    0xff, 0xff, 0xfc, 0x0, 0x9, 0xff, 0xff, 0xff,
    0xff, 0xff, 0xff, 0xff, 0xff, 0xff, 0xa0, 0x0,
    0x2, 0xff, 0xff, 0xff, 0xff, 0xff, 0xff, 0xcb,
    0xba, 0x82, 0x0, 0x0, 0x0, 0x9f, 0xff, 0xff,
    0xff, 0xff, 0xf6, 0x0, 0x0, 0x0, 0x0, 0x0,
    0x0, 0x1e, 0xff, 0xff, 0xff, 0xff, 0xf0, 0x0,
    0x0, 0x0, 0x0, 0x0, 0x0, 0x2, 0xef, 0xff,
    0xff, 0xff, 0xf3, 0x0, 0x0, 0x0, 0x0, 0x0,
    0x0, 0x0, 0x2d, 0xff, 0xff, 0xff, 0xfb, 0x0,
    0x0, 0x0, 0x0, 0x0, 0x0, 0x0, 0x0, 0x8f,
    0xff, 0xff, 0xfc, 0x0, 0x0, 0x0, 0x0, 0x0,
    0x0, 0x0, 0x0, 0x1, 0x6b, 0xef, 0xe4, 0x0,
    0x0, 0x0, 0x0, 0x0,

    /* U+F03E5 "󰏥" */
    0x0, 0x0, 0x0, 0x0, 0x1, 0x56, 0x87, 0x53,
    0x0, 0x0, 0x0, 0x0, 0x0, 0x0, 0x0, 0x0,
    0x5, 0xcf, 0xff, 0xff, 0xff, 0xe9, 0x10, 0x0,
    0x0, 0x0, 0x0, 0x0, 0x4, 0xdf, 0xff, 0xff,
    0xff, 0xff, 0xff, 0xf8, 0x0, 0x0, 0x0, 0x0,
    0x0, 0x6f, 0xff, 0xff, 0xff, 0xff, 0xff, 0xff,
    0xff, 0xc1, 0x0, 0x0, 0x0, 0x7, 0xff, 0xff,
    0xff, 0xff, 0xff, 0xff, 0xff, 0xff, 0xfd, 0x0,
    0x0, 0x0, 0x4f, 0xff, 0xff, 0xff, 0xff, 0xff,
    0xff, 0xff, 0xff, 0xff, 0xa0, 0x0, 0x0, 0xef,
    0xff, 0xff, 0xff, 0xff, 0xff, 0xff, 0xff, 0xff,
    0xff, 0xf5, 0x0, 0x7, 0xff, 0xff, 0xff, 0xff,
    0xff, 0xff, 0xff, 0xff, 0xff, 0xff, 0xfd, 0x0,
    0xd, 0xff, 0xff, 0xff, 0xf1, 0x6, 0xff, 0x0,
    0xaf, 0xff, 0xff, 0xff, 0x40, 0x2f, 0xff, 0xff,
    0xff, 0xf1, 0x6, 0xff, 0x0, 0xaf, 0xff, 0xff,
    0xff, 0x90, 0x6f, 0xff, 0xff, 0xff, 0xf1, 0x6,
    0xff, 0x0, 0xaf, 0xff, 0xff, 0xff, 0xd0, 0x8f,
    0xff, 0xff, 0xff, 0xf1, 0x6, 0xff, 0x0, 0xaf,
    0xff, 0xff, 0xff, 0xf0, 0xaf, 0xff, 0xff, 0xff,
    0xf1, 0x6, 0xff, 0x0, 0xaf, 0xff, 0xff, 0xff,
    0xf0, 0x9f, 0xff, 0xff, 0xff, 0xf1, 0x6, 0xff,
    0x0, 0xaf, 0xff, 0xff, 0xff, 0xf0, 0x7f, 0xff,
    0xff, 0xff, 0xf1, 0x6, 0xff, 0x0, 0xaf, 0xff,
    0xff, 0xff, 0xe0, 0x5f, 0xff, 0xff, 0xff, 0xf1,
    0x6, 0xff, 0x0, 0xaf, 0xff, 0xff, 0xff, 0xb0,
    0xf, 0xff, 0xff, 0xff, 0xf1, 0x6, 0xff, 0x0,
    0xaf, 0xff, 0xff, 0xff, 0x70, 0xa, 0xff, 0xff,
    0xff, 0xf7, 0x7a, 0xff, 0x77, 0xcf, 0xff, 0xff,
    0xff, 0x10, 0x2, 0xff, 0xff, 0xff, 0xff, 0xff,
    0xff, 0xff, 0xff, 0xff, 0xff, 0xf9, 0x0, 0x0,
    0xaf, 0xff, 0xff, 0xff, 0xff, 0xff, 0xff, 0xff,
    0xff, 0xff, 0xf1, 0x0, 0x0, 0xd, 0xff, 0xff,
    0xff, 0xff, 0xff, 0xff, 0xff, 0xff, 0xff, 0x40,
    0x0, 0x0, 0x1, 0xdf, 0xff, 0xff, 0xff, 0xff,
    0xff, 0xff, 0xff, 0xf6, 0x0, 0x0, 0x0, 0x0,
    0x1b, 0xff, 0xff, 0xff, 0xff, 0xff, 0xff, 0xff,
    0x40, 0x0, 0x0, 0x0, 0x0, 0x0, 0x5d, 0xff,
    0xff, 0xff, 0xff, 0xff, 0x91, 0x0, 0x0, 0x0,
    0x0, 0x0, 0x0, 0x0, 0x49, 0xde, 0xff, 0xeb,
    0x61, 0x0, 0x0, 0x0, 0x0, 0x0, 0x0, 0x0,
    0x0, 0x0, 0x0, 0x0, 0x0, 0x0, 0x0, 0x0,
    0x0, 0x0,

    /* U+F040C "󰐌" */
    0x0, 0x0, 0x0, 0x0, 0x3, 0x8a, 0xcc, 0xb9,
    0x50, 0x0, 0x0, 0x0, 0x0, 0x0, 0x0, 0x0,
    0x6, 0xef, 0xff, 0xff, 0xff, 0xff, 0xa1, 0x0,
    0x0, 0x0, 0x0, 0x0, 0x2, 0xdf, 0xff, 0xff,
    0xff, 0xff, 0xff, 0xff, 0x70, 0x0, 0x0, 0x0,
    0x0, 0x4f, 0xff, 0xff, 0xff, 0xff, 0xff, 0xff,
    0xff, 0xfa, 0x0, 0x0, 0x0, 0x3, 0xff, 0xff,
    0xff, 0xff, 0xff, 0xff, 0xff, 0xff, 0xff, 0xa0,
    0x0, 0x0, 0x1e, 0xff, 0xff, 0xff, 0xff, 0xff,
    0xff, 0xff, 0xff, 0xff, 0xf7, 0x0, 0x0, 0x9f,
    0xff, 0xff, 0xff, 0xff, 0xff, 0xff, 0xff, 0xff,
    0xff, 0xff, 0x10, 0x2, 0xff, 0xff, 0xff, 0xff,
    0xba, 0xff, 0xff, 0xff, 0xff, 0xff, 0xff, 0x90,
    0x8, 0xff, 0xff, 0xff, 0xff, 0xb0, 0x6f, 0xff,
    0xff, 0xff, 0xff, 0xff, 0xe0, 0xd, 0xff, 0xff,
    0xff, 0xff, 0xb0, 0x2, 0xdf, 0xff, 0xff, 0xff,
    0xff, 0xf3, 0xf, 0xff, 0xff, 0xff, 0xff, 0xb0,
    0x0, 0xa, 0xff, 0xff, 0xff, 0xff, 0xf7, 0x2f,
    0xff, 0xff, 0xff, 0xff, 0xb0, 0x0, 0x0, 0x6f,
    0xff, 0xff, 0xff, 0xf9, 0x3f, 0xff, 0xff, 0xff,
    0xff, 0xb0, 0x0, 0x0, 0x3, 0xff, 0xff, 0xff,
    0xfa, 0x2f, 0xff, 0xff, 0xff, 0xff, 0xb0, 0x0,
    0x0, 0x2c, 0xff, 0xff, 0xff, 0xf9, 0x1f, 0xff,
    0xff, 0xff, 0xff, 0xb0, 0x0, 0x5, 0xef, 0xff,
    0xff, 0xff, 0xf8, 0xe, 0xff, 0xff, 0xff, 0xff,
    0xb0, 0x0, 0x8f, 0xff, 0xff, 0xff, 0xff, 0xf5,
    0x9, 0xff, 0xff, 0xff, 0xff, 0xb0, 0x2c, 0xff,
    0xff, 0xff, 0xff, 0xff, 0xf0, 0x4, 0xff, 0xff,
    0xff, 0xff, 0xb5, 0xef, 0xff, 0xff, 0xff, 0xff,
    0xff, 0xb0, 0x0, 0xcf, 0xff, 0xff, 0xff, 0xff,
    0xff, 0xff, 0xff, 0xff, 0xff, 0xff, 0x30, 0x0,
    0x3f, 0xff, 0xff, 0xff, 0xff, 0xff, 0xff, 0xff,
    0xff, 0xff, 0xfa, 0x0, 0x0, 0x7, 0xff, 0xff,
    0xff, 0xff, 0xff, 0xff, 0xff, 0xff, 0xff, 0xd0,
    0x0, 0x0, 0x0, 0x9f, 0xff, 0xff, 0xff, 0xff,
    0xff, 0xff, 0xff, 0xfe, 0x20, 0x0, 0x0, 0x0,
    0x7, 0xff, 0xff, 0xff, 0xff, 0xff, 0xff, 0xff,
    0xc1, 0x0, 0x0, 0x0, 0x0, 0x0, 0x3b, 0xff,
    0xff, 0xff, 0xff, 0xff, 0xe6, 0x0, 0x0, 0x0,
    0x0, 0x0, 0x0, 0x0, 0x38, 0xdf, 0xff, 0xfe,
    0xa5, 0x0, 0x0, 0x0, 0x0, 0x0, 0x0, 0x0,
    0x0, 0x0, 0x0, 0x11, 0x0, 0x0, 0x0, 0x0,
    0x0, 0x0,

    /* U+F0425 "󰐥" */
    0x0, 0x0, 0x0, 0x0, 0x1, 0x77, 0x10, 0x0,
    0x0, 0x0, 0x0, 0x0, 0x0, 0x0, 0x0, 0x3,
    0xff, 0x30, 0x0, 0x0, 0x0, 0x0, 0x0, 0x0,
    0x0, 0x0, 0x3, 0xff, 0x30, 0x0, 0x0, 0x0,
    0x0, 0x0, 0x0, 0x3, 0x0, 0x3, 0xff, 0x30,
    0x0, 0x30, 0x0, 0x0, 0x0, 0x0, 0xbf, 0x40,
    0x3, 0xff, 0x30, 0x4, 0xfb, 0x0, 0x0, 0x0,
    0xb, 0xff, 0xc0, 0x3, 0xff, 0x30, 0xc, 0xff,
    0xb0, 0x0, 0x0, 0x6f, 0xfa, 0x0, 0x3, 0xff,
    0x30, 0x0, 0xaf, 0xf7, 0x0, 0x1, 0xff, 0xd0,
    0x0, 0x3, 0xff, 0x30, 0x0, 0xd, 0xff, 0x10,
    0x7, 0xff, 0x40, 0x0, 0x3, 0xff, 0x30, 0x0,
    0x4, 0xff, 0x70, 0xb, 0xfe, 0x0, 0x0, 0x3,
    0xff, 0x30, 0x0, 0x0, 0xdf, 0xc0, 0xe, 0xfa,
    0x0, 0x0, 0x3, 0xff, 0x30, 0x0, 0x0, 0x9f,
    0xf0, 0xf, 0xf8, 0x0, 0x0, 0x3, 0xff, 0x30,
    0x0, 0x0, 0x7f, 0xf0, 0xf, 0xf9, 0x0, 0x0,
    0x3, 0xff, 0x30, 0x0, 0x0, 0x8f, 0xf0, 0xd,
    0xfb, 0x0, 0x0, 0x0, 0x0, 0x0, 0x0, 0x0,
    0xaf, 0xe0, 0xa, 0xff, 0x10, 0x0, 0x0, 0x0,
    0x0, 0x0, 0x0, 0xff, 0xa0, 0x4, 0xff, 0x70,
    0x0, 0x0, 0x0, 0x0, 0x0, 0x7, 0xff, 0x50,
    0x0, 0xdf, 0xf3, 0x0, 0x0, 0x0, 0x0, 0x0,
    0x2f, 0xfd, 0x0, 0x0, 0x3f, 0xfe, 0x30, 0x0,
    0x0, 0x0, 0x3, 0xef, 0xf3, 0x0, 0x0, 0x6,
    0xff, 0xf8, 0x20, 0x0, 0x1, 0x8f, 0xff, 0x70,
    0x0, 0x0, 0x0, 0x5f, 0xff, 0xfd, 0xbb, 0xdf,
    0xff, 0xf6, 0x0, 0x0, 0x0, 0x0, 0x2, 0xcf,
    0xff, 0xff, 0xff, 0xfc, 0x30, 0x0, 0x0, 0x0,
    0x0, 0x0, 0x3, 0x8b, 0xdd, 0xb8, 0x30, 0x0,
    0x0, 0x0,

    /* U+F04C5 "󰓅" */
    0x0, 0x0, 0x0, 0x0, 0x0, 0x35, 0x77, 0x63,
    0x0, 0x0, 0x0, 0x0, 0x0, 0x0, 0x0, 0x0,
    0x3, 0xae, 0xff, 0xff, 0xff, 0xfa, 0x30, 0x0,
    0x0, 0x0, 0x0, 0x0, 0x1, 0xaf, 0xff, 0xff,
    0xff, 0xff, 0xff, 0x80, 0x0, 0x0, 0x0, 0x0,
    0x0, 0x3e, 0xff, 0xfa, 0x52, 0x0, 0x25, 0x82,
    0x0, 0x4, 0x90, 0x0, 0x0, 0x3, 0xff, 0xfb,
    0x20, 0x0, 0x0, 0x0, 0x0, 0x2, 0xaf, 0x30,
    0x0, 0x0, 0x1e, 0xff, 0x80, 0x0, 0x0, 0x0,
    0x0, 0x0, 0x8f, 0xfa, 0x0, 0x0, 0x0, 0xaf,
    0xf7, 0x0, 0x0, 0x0, 0x0, 0x0, 0x5e, 0xff,
    0xf1, 0x0, 0x0, 0x2, 0xff, 0xb0, 0x0, 0x0,
    0x0, 0x0, 0x3c, 0xff, 0xff, 0x70, 0x9, 0x30,
    0xa, 0xff, 0x10, 0x0, 0x0, 0x0, 0x1a, 0xff,
    0xff, 0xfe, 0x0, 0x3f, 0xa0, 0xe, 0xf9, 0x0,
    0x0, 0x0, 0x7, 0xff, 0xff, 0xff, 0xf5, 0x0,
    0x9f, 0xf0, 0x3f, 0xf4, 0x0, 0x0, 0x0, 0xbf,
    0xff, 0xff, 0xff, 0xc0, 0x0, 0x5f, 0xf3, 0x5f,
    0xf1, 0x0, 0x0, 0x6, 0xff, 0xff, 0xff, 0xff,
    0x30, 0x0, 0x2f, 0xf6, 0x6f, 0xf0, 0x0, 0x0,
    0xa, 0xff, 0xff, 0xff, 0xf9, 0x0, 0x0, 0xf,
    0xf7, 0x7f, 0xf0, 0x0, 0x0, 0xb, 0xff, 0xff,
    0xff, 0xf1, 0x0, 0x0, 0xf, 0xf6, 0x5f, 0xf2,
    0x0, 0x0, 0x6, 0xff, 0xff, 0xff, 0x60, 0x0,
    0x0, 0x2f, 0xf5, 0x3f, 0xf5, 0x0, 0x0, 0x0,
    0xcf, 0xff, 0xfb, 0x0, 0x0, 0x0, 0x5f, 0xf3,
    0xe, 0xfa, 0x0, 0x0, 0x0, 0x6, 0xaa, 0x60,
    0x0, 0x0, 0x0, 0xaf, 0xe0, 0x9, 0xff, 0x20,
    0x0, 0x0, 0x0, 0x0, 0x0, 0x0, 0x0, 0x2,
    0xff, 0x90, 0x2, 0xff, 0xb0, 0x0, 0x0, 0x0,
    0x0, 0x0, 0x0, 0x0, 0xb, 0xff, 0x20, 0x0,
    0x9f, 0xf7, 0x0, 0x0, 0x0, 0x0, 0x0, 0x0,
    0x0, 0x7f, 0xf9, 0x0, 0x0, 0x1d, 0xff, 0x20,
    0x0, 0x0, 0x0, 0x0, 0x0, 0x2, 0xff, 0xd1,
    0x0, 0x0, 0x2, 0xef, 0x20, 0x0, 0x0, 0x0,
    0x0, 0x0, 0x1, 0xfe, 0x20, 0x0, 0x0, 0x0,
    0x11, 0x0, 0x0, 0x0, 0x0, 0x0, 0x0, 0x0,
    0x11, 0x0, 0x0,

    /* U+F04E6 "󰓦" */
    0x0, 0x0, 0x0, 0x0, 0x0, 0x0, 0x0, 0x0,
    0x0, 0x0, 0x0, 0x0, 0x0, 0x0, 0x0, 0x0,
    0x90, 0x0, 0x0, 0x0, 0x0, 0x0, 0x0, 0x0,
    0x0, 0x0, 0x9, 0xf0, 0x0, 0x0, 0x0, 0x0,
    0x0, 0x0, 0x0, 0x0, 0x0, 0x9f, 0xf0, 0x0,
    0x0, 0x0, 0x0, 0x0, 0x0, 0x0, 0x0, 0x9,
    0xff, 0xf5, 0x30, 0x0, 0x0, 0x0, 0x0, 0x0,
    0x0, 0x0, 0x9f, 0xff, 0xff, 0xff, 0xb4, 0x0,
    0x0, 0x0, 0x0, 0x0, 0x0, 0x6f, 0xff, 0xff,
    0xff, 0xff, 0xa0, 0x0, 0x0, 0x0, 0x0, 0x0,
    0x6, 0xff, 0xf2, 0x49, 0xff, 0xfd, 0x10, 0x0,
    0x0, 0x0, 0x0, 0x0, 0x6f, 0xf0, 0x0, 0x1b,
    0xff, 0xc0, 0x0, 0x0, 0x40, 0x0, 0x0, 0x6,
    0xf0, 0x0, 0x0, 0x9f, 0xf8, 0x0, 0x1, 0xfa,
    0x0, 0x0, 0x0, 0x70, 0x0, 0x0, 0xc, 0xff,
    0x10, 0x7, 0xff, 0x30, 0x0, 0x0, 0x0, 0x0,
    0x0, 0x4, 0xff, 0x70, 0xb, 0xfd, 0x0, 0x0,
    0x0, 0x0, 0x0, 0x0, 0x0, 0xdf, 0xc0, 0xe,
    0xfa, 0x0, 0x0, 0x0, 0x0, 0x0, 0x0, 0x0,
    0xaf, 0xe0, 0xf, 0xf8, 0x0, 0x0, 0x0, 0x0,
    0x0, 0x0, 0x0, 0x8f, 0xf0, 0xf, 0xf9, 0x0,
    0x0, 0x0, 0x0, 0x0, 0x0, 0x0, 0x9f, 0xf0,
    0xd, 0xfb, 0x0, 0x0, 0x0, 0x0, 0x0, 0x0,
    0x0, 0xbf, 0xd0, 0x9, 0xff, 0x10, 0x0, 0x0,
    0x0, 0x0, 0x0, 0x1, 0xff, 0x90, 0x4, 0xff,
    0x80, 0x0, 0x0, 0x1, 0x0, 0x0, 0x2, 0xff,
    0x40, 0x0, 0xcf, 0xf3, 0x0, 0x0, 0xd, 0x10,
    0x0, 0x0, 0x3b, 0x0, 0x0, 0x2f, 0xfe, 0x30,
    0x0, 0xf, 0xd1, 0x0, 0x0, 0x0, 0x0, 0x0,
    0x6, 0xff, 0xf8, 0x10, 0xf, 0xfd, 0x10, 0x0,
    0x0, 0x0, 0x0, 0x0, 0x5f, 0xff, 0xfd, 0xaf,
    0xff, 0xd1, 0x0, 0x0, 0x0, 0x0, 0x0, 0x2,
    0xcf, 0xff, 0xff, 0xff, 0xfb, 0x0, 0x0, 0x0,
    0x0, 0x0, 0x0, 0x3, 0x8b, 0xdf, 0xff, 0xe2,
    0x0, 0x0, 0x0, 0x0, 0x0, 0x0, 0x0, 0x0,
    0xf, 0xfe, 0x20, 0x0, 0x0, 0x0, 0x0, 0x0,
    0x0, 0x0, 0x0, 0xf, 0xe2, 0x0, 0x0, 0x0,
    0x0, 0x0, 0x0, 0x0, 0x0, 0x0, 0xe, 0x20,
    0x0, 0x0, 0x0, 0x0, 0x0, 0x0, 0x0, 0x0,
    0x0, 0x2, 0x0, 0x0, 0x0, 0x0, 0x0,

    /* U+F04E7 "󰓧" */
    0x0, 0x0, 0x0, 0x0, 0x0, 0x0, 0x0, 0x0,
    0x44, 0x44, 0x44, 0x40, 0x0, 0x0, 0x0, 0x4a,
    0x30, 0x0, 0x0, 0x3, 0xff, 0xff, 0xff, 0x80,
    0x0, 0x0, 0x1b, 0xff, 0x40, 0x0, 0x0, 0x3,
    0xff, 0xff, 0xf8, 0x0, 0x0, 0x2, 0xef, 0xff,
    0x30, 0x0, 0x0, 0x3, 0xff, 0xff, 0xa0, 0x0,
    0x0, 0x1e, 0xff, 0x91, 0x0, 0x18, 0x82, 0x3,
    0xff, 0xff, 0xe1, 0x0, 0x0, 0xbf, 0xf7, 0x0,
    0x0, 0x3f, 0xf3, 0x3, 0xff, 0xcf, 0xfb, 0x0,
    0x4, 0xff, 0xa0, 0x0, 0x0, 0x3f, 0xf3, 0x3,
    0xf8, 0x9, 0xff, 0x40, 0xb, 0xff, 0x10, 0x0,
    0x0, 0x3f, 0xf3, 0x3, 0x80, 0x1, 0xff, 0xa0,
    0xf, 0xfa, 0x0, 0x0, 0x0, 0x3f, 0xf3, 0x0,
    0x0, 0x0, 0xaf, 0xf0, 0x2f, 0xf6, 0x0, 0x0,
    0x0, 0x3f, 0xf3, 0x0, 0x0, 0x0, 0x5f, 0xf2,
    0x3f, 0xf4, 0x0, 0x0, 0x0, 0x3f, 0xf3, 0x0,
    0x0, 0x0, 0x4f, 0xf3, 0x2f, 0xf5, 0x0, 0x0,
    0x0, 0x3f, 0xf3, 0x0, 0x0, 0x0, 0x4f, 0xf3,
    0xf, 0xf8, 0x0, 0x0, 0x0, 0x0, 0x0, 0x0,
    0x0, 0x0, 0x7f, 0xf1, 0xc, 0xfd, 0x0, 0x1,
    0x20, 0x0, 0x0, 0x0, 0x0, 0x0, 0xcf, 0xe0,
    0x7, 0xff, 0x50, 0x2d, 0x40, 0x17, 0x71, 0x0,
    0x0, 0x4, 0xff, 0x80, 0x0, 0xef, 0xe4, 0xef,
    0x40, 0x3f, 0xf3, 0x0, 0x0, 0x1e, 0xff, 0x10,
    0x0, 0x5f, 0xff, 0xff, 0x40, 0x3f, 0xf3, 0x0,
    0x2, 0xdf, 0xf6, 0x0, 0x0, 0x9, 0xff, 0xff,
    0x40, 0x0, 0x0, 0x0, 0x7f, 0xff, 0x90, 0x0,
    0x0, 0x2e, 0xff, 0xff, 0x40, 0x0, 0x0, 0x3,
    0xff, 0xf8, 0x0, 0x0, 0x1, 0xef, 0xff, 0xff,
    0x40, 0x0, 0x0, 0x3, 0xfc, 0x40, 0x0, 0x0,
    0xa, 0xcc, 0xcc, 0xcc, 0x30, 0x0, 0x0, 0x1,
    0x20, 0x0, 0x0, 0x0,

    /* U+F050F "󰔏" */
    0x0, 0x0, 0x3, 0x89, 0x50, 0x0, 0x0, 0x0,
    0x0, 0x7f, 0xff, 0xfc, 0x0, 0x0, 0x0, 0x3,
    0xff, 0xfe, 0xff, 0x80, 0x0, 0x0, 0x8, 0xff,
    0x20, 0xcf, 0xd0, 0x0, 0x0, 0x9, 0xfe, 0x0,
    0x9f, 0xe0, 0x0, 0x0, 0x9, 0xfe, 0x0, 0x9f,
    0xe0, 0x0, 0x0, 0x9, 0xfe, 0x0, 0x9f, 0xe0,
    0x0, 0x0, 0x9, 0xff, 0x33, 0xbf, 0xe0, 0x0,
    0x0, 0x9, 0xff, 0xff, 0xff, 0xe0, 0x0, 0x0,
    0x9, 0xff, 0xff, 0xff, 0xe0, 0x0, 0x0, 0x9,
    0xff, 0xff, 0xff, 0xe0, 0x0, 0x0, 0x9, 0xff,
    0xff, 0xff, 0xe0, 0x0, 0x0, 0x9, 0xff, 0xff,
    0xff, 0xe0, 0x0, 0x0, 0x9, 0xff, 0xff, 0xff,
    0xe0, 0x0, 0x0, 0x3e, 0xff, 0xff, 0xff, 0xf7,
    0x0, 0x1, 0xef, 0xff, 0xff, 0xff, 0xff, 0x50,
    0x9, 0xff, 0xff, 0xff, 0xff, 0xff, 0xe0, 0xe,
    0xff, 0xff, 0xff, 0xff, 0xff, 0xf3, 0x1f, 0xff,
    0xff, 0xff, 0xff, 0xff, 0xf6, 0xf, 0xff, 0xff,
    0xff, 0xff, 0xff, 0xf6, 0xe, 0xff, 0xff, 0xff,
    0xff, 0xff, 0xf3, 0x7, 0xff, 0xff, 0xff, 0xff,
    0xff, 0xd0, 0x0, 0xef, 0xff, 0xff, 0xff, 0xff,
    0x40, 0x0, 0x2e, 0xff, 0xff, 0xff, 0xf6, 0x0,
    0x0, 0x1, 0x9f, 0xff, 0xfc, 0x40, 0x0, 0x0,
    0x0, 0x0, 0x23, 0x10, 0x0, 0x0,

    /* U+F0521 "󰔡" */
    0x0, 0x0, 0x4, 0x78, 0x88, 0x88, 0x88, 0x88,
    0x88, 0x87, 0x62, 0x0, 0x0, 0x0, 0x6, 0xef,
    0xff, 0xff, 0xff, 0xff, 0xff, 0xff, 0xff, 0xff,
    0xb1, 0x0, 0x0, 0x9f, 0xff, 0xff, 0xff, 0xff,
    0xff, 0xff, 0xff, 0xff, 0xff, 0xfe, 0x10, 0x5,
    0xff, 0xff, 0xff, 0xff, 0xff, 0xff, 0xff, 0xf9,
    0x20, 0x2a, 0xff, 0xc0, 0xd, 0xff, 0xff, 0xff,
    0xff, 0xff, 0xff, 0xff, 0x70, 0x0, 0x0, 0x8f,
    0xf3, 0x1f, 0xff, 0xff, 0xff, 0xff, 0xff, 0xff,
    0xfe, 0x0, 0x0, 0x0, 0xf, 0xf8, 0x3f, 0xff,
    0xff, 0xff, 0xff, 0xff, 0xff, 0xfc, 0x0, 0x0,
    0x0, 0xc, 0xfa, 0x2f, 0xff, 0xff, 0xff, 0xff,
    0xff, 0xff, 0xfd, 0x0, 0x0, 0x0, 0xd, 0xf9,
    0xf, 0xff, 0xff, 0xff, 0xff, 0xff, 0xff, 0xff,
    0x20, 0x0, 0x0, 0x3f, 0xf6, 0x9, 0xff, 0xff,
    0xff, 0xff, 0xff, 0xff, 0xff, 0xd1, 0x0, 0x2,
    0xdf, 0xf1, 0x1, 0xef, 0xff, 0xff, 0xff, 0xff,
    0xff, 0xff, 0xff, 0xa8, 0xaf, 0xff, 0x60, 0x0,
    0x2d, 0xff, 0xff, 0xff, 0xff, 0xff, 0xff, 0xff,
    0xff, 0xff, 0xf7, 0x0, 0x0, 0x0, 0x7d, 0xff,
    0xff, 0xff, 0xff, 0xff, 0xff, 0xff, 0xea, 0x30,
    0x0, 0x0, 0x0, 0x0, 0x0, 0x0, 0x0, 0x0,
    0x0, 0x0, 0x0, 0x0, 0x0, 0x0,

    /* U+F0522 "󰔢" */
    0x0, 0x0, 0x15, 0x78, 0x88, 0x88, 0x88, 0x88,
    0x88, 0x87, 0x50, 0x0, 0x0, 0x0, 0x9, 0xff,
    0xff, 0xff, 0xff, 0xff, 0xff, 0xff, 0xff, 0xfe,
    0x70, 0x0, 0x0, 0xcf, 0xff, 0xff, 0xff, 0xff,
    0xff, 0xff, 0xff, 0xff, 0xff, 0xf9, 0x0, 0x9,
    0xff, 0xb3, 0x1, 0x8f, 0xff, 0xff, 0xff, 0xff,
    0xff, 0xff, 0xff, 0x50, 0x1f, 0xfb, 0x0, 0x0,
    0x7, 0xff, 0xff, 0xff, 0xff, 0xff, 0xff, 0xff,
    0xc0, 0x5f, 0xf3, 0x0, 0x0, 0x0, 0xef, 0xff,
    0xff, 0xff, 0xff, 0xff, 0xff, 0xf1, 0x7f, 0xf0,
    0x0, 0x0, 0x0, 0xcf, 0xff, 0xff, 0xff, 0xff,
    0xff, 0xff, 0xf3, 0x6f, 0xf1, 0x0, 0x0, 0x0,
    0xdf, 0xff, 0xff, 0xff, 0xff, 0xff, 0xff, 0xf2,
    0x3f, 0xf6, 0x0, 0x0, 0x2, 0xff, 0xff, 0xff,
    0xff, 0xff, 0xff, 0xff, 0xf0, 0xd, 0xff, 0x30,
    0x0, 0x1d, 0xff, 0xff, 0xff, 0xff, 0xff, 0xff,
    0xff, 0x90, 0x3, 0xff, 0xfb, 0x89, 0xff, 0xff,
    0xff, 0xff, 0xff, 0xff, 0xff, 0xfe, 0x10, 0x0,
    0x5f, 0xff, 0xff, 0xff, 0xff, 0xff, 0xff, 0xff,
    0xff, 0xff, 0xd3, 0x0, 0x0, 0x2, 0x9d, 0xff,
    0xff, 0xff, 0xff, 0xff, 0xff, 0xff, 0xd7, 0x10,
    0x0, 0x0, 0x0, 0x0, 0x0, 0x0, 0x0, 0x0,
    0x0, 0x0, 0x0, 0x0, 0x0, 0x0,

    /* U+F0565 "󰕥" */
    0x0, 0x0, 0x0, 0x0, 0x0, 0x0, 0x0, 0x0,
    0x0, 0x0, 0x0, 0x0, 0x0, 0x0, 0x0, 0x0,
    0x0, 0x4b, 0xd6, 0x0, 0x0, 0x0, 0x0, 0x0,
    0x0, 0x0, 0x0, 0x0, 0x5d, 0xff, 0xff, 0xe8,
    0x10, 0x0, 0x0, 0x0, 0x0, 0x0, 0x1, 0x7e,
    0xff, 0xff, 0xff, 0xff, 0xfa, 0x20, 0x0, 0x0,
    0x0, 0x2, 0x9f, 0xff, 0xff, 0xff, 0xff, 0xff,
    0xff, 0xfb, 0x40, 0x0, 0x3, 0xaf, 0xff, 0xff,
    0xff, 0xff, 0xff, 0xff, 0xff, 0xff, 0xfd, 0x60,
    0x1f, 0xff, 0xff, 0xff, 0xff, 0xff, 0xff, 0xff,
    0xff, 0xff, 0xff, 0xf6, 0x1f, 0xff, 0xff, 0xff,
    0xff, 0xff, 0xff, 0xff, 0xff, 0xff, 0xff, 0xf6,
    0x1f, 0xff, 0xff, 0xff, 0xff, 0xff, 0xff, 0xff,
    0xff, 0xff, 0xff, 0xf6, 0x1f, 0xff, 0xff, 0xff,
    0xff, 0xff, 0xff, 0xff, 0xfa, 0xcf, 0xff, 0xf6,
    0x1f, 0xff, 0xff, 0xff, 0xff, 0xff, 0xff, 0xff,
    0xa0, 0xc, 0xff, 0xf6, 0x1f, 0xff, 0xff, 0xff,
    0xff, 0xff, 0xff, 0xfa, 0x0, 0xc, 0xff, 0xf6,
    0x1f, 0xff, 0xff, 0xff, 0xff, 0xff, 0xff, 0x90,
    0x0, 0xcf, 0xff, 0xf6, 0x1f, 0xff, 0xff, 0xff,
    0xff, 0xff, 0xf9, 0x0, 0xc, 0xff, 0xff, 0xf6,
    0xf, 0xff, 0xff, 0x7f, 0xff, 0xff, 0x90, 0x0,
    0xcf, 0xff, 0xff, 0xf5, 0xf, 0xff, 0xf3, 0x4,
    0xff, 0xf9, 0x0, 0xc, 0xff, 0xff, 0xff, 0xf4,
    0xc, 0xff, 0xf3, 0x0, 0x4f, 0x90, 0x0, 0xcf,
    0xff, 0xff, 0xff, 0xf1, 0x8, 0xff, 0xff, 0x30,
    0x3, 0x0, 0xc, 0xff, 0xff, 0xff, 0xff, 0xd0,
    0x3, 0xff, 0xff, 0xf3, 0x0, 0x0, 0xcf, 0xff,
    0xff, 0xff, 0xff, 0x90, 0x0, 0xdf, 0xff, 0xff,
    0x30, 0xc, 0xff, 0xff, 0xff, 0xff, 0xff, 0x30,
    0x0, 0x6f, 0xff, 0xff, 0xf4, 0xcf, 0xff, 0xff,
    0xff, 0xff, 0xfb, 0x0, 0x0, 0xd, 0xff, 0xff,
    0xff, 0xff, 0xff, 0xff, 0xff, 0xff, 0xf3, 0x0,
    0x0, 0x3, 0xff, 0xff, 0xff, 0xff, 0xff, 0xff,
    0xff, 0xff, 0x90, 0x0, 0x0, 0x0, 0x7f, 0xff,
    0xff, 0xff, 0xff, 0xff, 0xff, 0xfc, 0x0, 0x0,
    0x0, 0x0, 0x9, 0xff, 0xff, 0xff, 0xff, 0xff,
    0xff, 0xd1, 0x0, 0x0, 0x0, 0x0, 0x0, 0x8f,
    0xff, 0xff, 0xff, 0xff, 0xfc, 0x10, 0x0, 0x0,
    0x0, 0x0, 0x0, 0x4, 0xef, 0xff, 0xff, 0xff,
    0x80, 0x0, 0x0, 0x0, 0x0, 0x0, 0x0, 0x0,
    0x8, 0xef, 0xff, 0xa2, 0x0, 0x0, 0x0, 0x0,
    0x0, 0x0, 0x0, 0x0, 0x0, 0x4, 0x61, 0x0,
    0x0, 0x0, 0x0, 0x0,

    /* U+F057E "󰕾" */
    0x0, 0x0, 0x0, 0x0, 0x0, 0x0, 0x0, 0x0,
    0x0, 0x0, 0x0, 0x0, 0x0, 0x0, 0x0, 0x0,
    0x0, 0x0, 0x0, 0x4f, 0x92, 0x0, 0x0, 0x0,
    0x0, 0x0, 0x0, 0x0, 0x0, 0xb, 0x0, 0x4f,
    0xff, 0x70, 0x0, 0x0, 0x0, 0x0, 0x0, 0x0,
    0x0, 0xbf, 0x0, 0x1a, 0xff, 0xf9, 0x0, 0x0,
    0x0, 0x0, 0x0, 0x0, 0xb, 0xff, 0x0, 0x0,
    0x3d, 0xff, 0x90, 0x0, 0x0, 0x0, 0x0, 0x0,
    0xbf, 0xff, 0x0, 0x0, 0x1, 0xcf, 0xf4, 0x0,
    0x0, 0x0, 0x0, 0xb, 0xff, 0xff, 0x0, 0x0,
    0x0, 0x1e, 0xfe, 0x0, 0x0, 0x0, 0x0, 0xbf,
    0xff, 0xff, 0x0, 0x4c, 0x10, 0x5, 0xff, 0x60,
    0x3f, 0xff, 0xff, 0xff, 0xff, 0xff, 0x0, 0x4f,
    0xb0, 0x0, 0xef, 0xc0, 0x3f, 0xff, 0xff, 0xff,
    0xff, 0xff, 0x0, 0x4f, 0xf5, 0x0, 0x9f, 0xf0,
    0x3f, 0xff, 0xff, 0xff, 0xff, 0xff, 0x0, 0x4f,
    0xfa, 0x0, 0x6f, 0xf2, 0x3f, 0xff, 0xff, 0xff,
    0xff, 0xff, 0x0, 0x4f, 0xfc, 0x0, 0x4f, 0xf3,
    0x3f, 0xff, 0xff, 0xff, 0xff, 0xff, 0x0, 0x4f,
    0xfb, 0x0, 0x5f, 0xf3, 0x3f, 0xff, 0xff, 0xff,
    0xff, 0xff, 0x0, 0x4f, 0xf8, 0x0, 0x7f, 0xf1,
    0x3f, 0xff, 0xff, 0xff, 0xff, 0xff, 0x0, 0x4f,
    0xf1, 0x0, 0xbf, 0xe0, 0x17, 0x77, 0x78, 0xff,
    0xff, 0xff, 0x0, 0x4f, 0x50, 0x2, 0xff, 0x90,
    0x0, 0x0, 0x0, 0x4f, 0xff, 0xff, 0x0, 0x23,
    0x0, 0xa, 0xff, 0x30, 0x0, 0x0, 0x0, 0x4,
    0xff, 0xff, 0x0, 0x0, 0x0, 0x6f, 0xf9, 0x0,
    0x0, 0x0, 0x0, 0x0, 0x4f, 0xff, 0x0, 0x0,
    0x6, 0xff, 0xe1, 0x0, 0x0, 0x0, 0x0, 0x0,
    0x4, 0xff, 0x0, 0x2, 0xbf, 0xfe, 0x20, 0x0,
    0x0, 0x0, 0x0, 0x0, 0x0, 0x4f, 0x0, 0x3f,
    0xff, 0xd3, 0x0, 0x0, 0x0, 0x0, 0x0, 0x0,
    0x0, 0x4, 0x0, 0x4f, 0xf9, 0x0, 0x0, 0x0,
    0x0, 0x0, 0x0, 0x0, 0x0, 0x0, 0x0, 0x26,
    0x10, 0x0, 0x0, 0x0,

    /* U+F058E "󰖎" */
    0x0, 0x0, 0x0, 0x0, 0x0, 0x0, 0x0, 0x0,
    0x0, 0x0, 0x0, 0xa, 0x70, 0x0, 0x0, 0x0,
    0x0, 0x0, 0x0, 0x7f, 0xf5, 0x0, 0x0, 0x0,
    0x0, 0x0, 0x3, 0xff, 0xff, 0x20, 0x0, 0x0,
    0x0, 0x0, 0x1d, 0xff, 0xff, 0xc0, 0x0, 0x0,
    0x0, 0x0, 0xaf, 0xff, 0xff, 0xf8, 0x0, 0x0,
    0x0, 0x5, 0xff, 0xff, 0xff, 0xff, 0x20, 0x0,
    0x0, 0xe, 0xff, 0xff, 0xff, 0xff, 0xc0, 0x0,
    0x0, 0x8f, 0xff, 0xff, 0xff, 0xff, 0xf6, 0x0,
    0x1, 0xff, 0x65, 0xef, 0xff, 0xab, 0xfd, 0x0,
    0x8, 0xf9, 0x0, 0x7f, 0xfb, 0x1, 0xff, 0x60,
    0xe, 0xfb, 0x0, 0x9f, 0xb0, 0xb, 0xff, 0xb0,
    0x3f, 0xff, 0xcb, 0xfb, 0x0, 0xbf, 0xff, 0xf1,
    0x6f, 0xff, 0xff, 0xb0, 0xb, 0xff, 0xff, 0xf3,
    0x7f, 0xff, 0xfb, 0x0, 0xbf, 0xef, 0xff, 0xf4,
    0x5f, 0xff, 0xb0, 0xb, 0xf9, 0x2, 0xff, 0xf2,
    0x2f, 0xfc, 0x0, 0xbf, 0xf4, 0x0, 0xdf, 0xe0,
    0xb, 0xff, 0x5a, 0xff, 0xfa, 0x4, 0xff, 0x80,
    0x2, 0xff, 0xff, 0xff, 0xff, 0xff, 0xfe, 0x10,
    0x0, 0x5f, 0xff, 0xff, 0xff, 0xff, 0xf3, 0x0,
    0x0, 0x3, 0xef, 0xff, 0xff, 0xfc, 0x20, 0x0,
    0x0, 0x0, 0x5, 0x9b, 0xb9, 0x40, 0x0, 0x0,

    /* U+F0590 "󰖐" */
    0x0, 0x0, 0x0, 0x0, 0x0, 0x39, 0xdf, 0xec,
    0x82, 0x0, 0x0, 0x0, 0x0, 0x0, 0x0, 0x0,
    0x0, 0x0, 0x9, 0xff, 0xff, 0xff, 0xff, 0x90,
    0x0, 0x0, 0x0, 0x0, 0x0, 0x0, 0x0, 0x0,
    0xcf, 0xff, 0xa8, 0x8b, 0xff, 0xfc, 0x0, 0x0,
    0x0, 0x0, 0x0, 0x0, 0x0, 0xa, 0xff, 0x91,
    0x0, 0x0, 0x19, 0xff, 0xa0, 0x0, 0x0, 0x0,
    0x0, 0x0, 0x0, 0x3f, 0xf6, 0x0, 0x0, 0x0,
    0x0, 0x7f, 0xf3, 0x0, 0x0, 0x0, 0x0, 0x3,
    0xad, 0xff, 0xa0, 0x0, 0x0, 0x0, 0x0, 0xb,
    0xfa, 0x0, 0x0, 0x0, 0x0, 0x7f, 0xff, 0xff,
    0x20, 0x0, 0x0, 0x0, 0x0, 0x3, 0xfe, 0x0,
    0x0, 0x0, 0x6, 0xff, 0xfa, 0x8a, 0x0, 0x0,
    0x0, 0x0, 0x0, 0x0, 0xef, 0x86, 0x20, 0x0,
    0x1f, 0xfd, 0x20, 0x0, 0x0, 0x0, 0x0, 0x0,
    0x0, 0x0, 0xcf, 0xff, 0xfa, 0x0, 0x7f, 0xf3,
    0x0, 0x0, 0x0, 0x0, 0x0, 0x0, 0x0, 0x0,
    0xbf, 0xff, 0xff, 0xb0, 0xaf, 0xd0, 0x0, 0x0,
    0x0, 0x0, 0x0, 0x0, 0x0, 0x0, 0x0, 0x2,
    0xbf, 0xf5, 0xbf, 0xc0, 0x0, 0x0, 0x0, 0x0,
    0x0, 0x0, 0x0, 0x0, 0x0, 0x0, 0x1f, 0xfa,
    0x9f, 0xf0, 0x0, 0x0, 0x0, 0x0, 0x0, 0x0,
    0x0, 0x0, 0x0, 0x0, 0xc, 0xfb, 0x4f, 0xf8,
    0x0, 0x0, 0x0, 0x0, 0x0, 0x0, 0x0, 0x0,
    0x0, 0x0, 0x1f, 0xfa, 0xc, 0xff, 0x92, 0x0,
    0x0, 0x0, 0x0, 0x0, 0x0, 0x0, 0x0, 0x2,
    0xbf, 0xf5, 0x2, 0xef, 0xff, 0xff, 0xff, 0xff,
    0xff, 0xff, 0xff, 0xff, 0xff, 0xff, 0xff, 0xb0,
    0x0, 0x1b, 0xff, 0xff, 0xff, 0xff, 0xff, 0xff,
    0xff, 0xff, 0xff, 0xff, 0xfa, 0x0, 0x0, 0x0,
    0x25, 0x77, 0x77, 0x77, 0x77, 0x77, 0x77, 0x77,
    0x77, 0x76, 0x20, 0x0,

    /* U+F0591 "󰖑" */
    0x0, 0x0, 0x0, 0x0, 0x0, 0x1, 0x57, 0x75,
    0x10, 0x0, 0x0, 0x0, 0x0, 0x0, 0x0, 0x0,
    0x0, 0x0, 0x2, 0xbf, 0xff, 0xff, 0xfa, 0x20,
    0x0, 0x0, 0x0, 0x0, 0x0, 0x0, 0x0, 0x0,
    0x5f, 0xff, 0xff, 0xff, 0xff, 0xf5, 0x0, 0x0,
    0x0, 0x0, 0x0, 0x0, 0x0, 0x4, 0xff, 0xf9,
    0x31, 0x13, 0x9f, 0xff, 0x40, 0x0, 0x0, 0x0,
    0x0, 0x0, 0x0, 0xe, 0xfd, 0x20, 0x0, 0x0,
    0x2, 0xcf, 0xf1, 0x0, 0x0, 0x0, 0x0, 0x0,
    0x26, 0xaf, 0xf2, 0x0, 0x0, 0x0, 0x0, 0x1e,
    0xf8, 0x0, 0x0, 0x0, 0x0, 0x1b, 0xff, 0xff,
    0x70, 0x0, 0x0, 0x0, 0x0, 0x5, 0xfd, 0x0,
    0x0, 0x0, 0x1, 0xef, 0xff, 0xff, 0x10, 0x0,
    0x0, 0x0, 0x0, 0x0, 0xef, 0x0, 0x0, 0x0,
    0xc, 0xff, 0x92, 0x2, 0x0, 0x0, 0x0, 0x0,
    0x0, 0x0, 0xcf, 0xfe, 0xa2, 0x0, 0x4f, 0xf8,
    0x0, 0x0, 0x0, 0x0, 0x0, 0x0, 0x0, 0x0,
    0xbf, 0xff, 0xff, 0x40, 0x9f, 0xf0, 0x0, 0x0,
    0x0, 0x0, 0x0, 0x0, 0x0, 0x0, 0x58, 0x8a,
    0xff, 0xf1, 0xbf, 0xc0, 0x0, 0x0, 0x0, 0x0,
    0x0, 0x0, 0x0, 0x0, 0x0, 0x0, 0x4f, 0xf8,
    0xbf, 0xe0, 0x0, 0x0, 0x0, 0x0, 0x0, 0x0,
    0x0, 0x0, 0x0, 0x0, 0xc, 0xfb, 0x0, 0x0,
    0x0, 0x0, 0x0, 0x0, 0x0, 0x0, 0x0, 0x0,
    0x0, 0x0, 0x0, 0x0, 0x0, 0x0, 0x0, 0x0,
    0x0, 0x0, 0x0, 0x0, 0x0, 0x0, 0x0, 0x0,
    0x0, 0x0, 0x0, 0x68, 0x88, 0x88, 0x88, 0x88,
    0x88, 0x87, 0x0, 0x57, 0x88, 0x88, 0x87, 0x0,
    0x6, 0xff, 0xff, 0xff, 0xff, 0xff, 0xff, 0xff,
    0x72, 0xff, 0xff, 0xff, 0xff, 0x70, 0x3, 0xff,
    0xff, 0xff, 0xff, 0xff, 0xff, 0xff, 0x40, 0xdf,
    0xff, 0xff, 0xff, 0x30, 0x0, 0x0, 0x0, 0x0,
    0x0, 0x0, 0x0, 0x0, 0x0, 0x0, 0x0, 0x0,
    0x0, 0x0, 0x0, 0x0, 0x0, 0x0, 0x0, 0x0,
    0x0, 0x0, 0x0, 0x0, 0x0, 0x0, 0x0, 0x0,
    0x0, 0x78, 0x87, 0x0, 0x58, 0x88, 0x88, 0x88,
    0x88, 0x88, 0x88, 0x88, 0x87, 0x0, 0x6, 0xff,
    0xff, 0x72, 0xff, 0xff, 0xff, 0xff, 0xff, 0xff,
    0xff, 0xff, 0xff, 0x70, 0x3, 0xef, 0xff, 0x40,
    0xdf, 0xff, 0xff, 0xff, 0xff, 0xff, 0xff, 0xff,
    0xff, 0x30,

    /* U+F0594 "󰖔" */
    0x0, 0x0, 0x0, 0x0, 0x0, 0x0, 0x0, 0x0,
    0x0, 0x0, 0x0, 0x0, 0x0, 0x0, 0x0, 0x0,
    0x0, 0x0, 0x0, 0x5, 0x10, 0x0, 0x0, 0x0,
    0x0, 0x0, 0x0, 0x0, 0x0, 0x0, 0x0, 0x0,
    0xb7, 0x0, 0x0, 0x0, 0x0, 0x0, 0x0, 0x0,
    0x0, 0x0, 0x0, 0x0, 0x1f, 0xc0, 0x0, 0x0,
    0x0, 0x0, 0x0, 0x0, 0x4, 0x92, 0x1, 0x44,
    0x59, 0xff, 0x64, 0x43, 0x0, 0x0, 0x0, 0x0,
    0x6, 0xff, 0xe0, 0x8, 0xff, 0xff, 0xff, 0xff,
    0x50, 0x0, 0x0, 0x0, 0x5, 0xff, 0xff, 0x0,
    0x4, 0xef, 0xff, 0xfd, 0x20, 0x0, 0x0, 0x0,
    0x3, 0xff, 0xff, 0xf0, 0x0, 0x6, 0xff, 0xff,
    0x20, 0x0, 0x0, 0x0, 0x0, 0xdf, 0xf9, 0xff,
    0x10, 0x0, 0xaf, 0xef, 0xf6, 0x0, 0x0, 0x0,
    0x0, 0x5f, 0xf7, 0x3f, 0xf4, 0x0, 0xf, 0xb1,
    0x3d, 0xb0, 0x0, 0x0, 0x0, 0xb, 0xfe, 0x1,
    0xff, 0x70, 0x3, 0x60, 0x0, 0x8, 0x0, 0x0,
    0x0, 0x1, 0xff, 0x80, 0xd, 0xfc, 0x0, 0x0,
    0x0, 0x0, 0x0, 0x1, 0x50, 0x0, 0x4f, 0xf3,
    0x0, 0x7f, 0xf3, 0x0, 0x0, 0x0, 0x0, 0x0,
    0x6a, 0x0, 0x6, 0xff, 0x10, 0x1, 0xff, 0xb0,
    0x0, 0x0, 0x0, 0x8, 0x9d, 0xf9, 0x91, 0x7f,
    0xf0, 0x0, 0x8, 0xff, 0x50, 0x0, 0x0, 0x0,
    0x1c, 0xff, 0xe3, 0x7, 0xff, 0x0, 0x0, 0xe,
    0xff, 0x30, 0x0, 0x0, 0x0, 0x6f, 0xfa, 0x0,
    0x5f, 0xf2, 0x0, 0x0, 0x3f, 0xfe, 0x30, 0x0,
    0x0, 0xb, 0x74, 0xd0, 0x2, 0xff, 0x60, 0x0,
    0x0, 0x5f, 0xff, 0x60, 0x0, 0x0, 0x20, 0x1,
    0x10, 0xe, 0xfc, 0x0, 0x0, 0x0, 0x4f, 0xff,
    0xc5, 0x0, 0x0, 0x0, 0x0, 0x0, 0x8f, 0xf4,
    0x0, 0x0, 0x0, 0x2c, 0xff, 0xfe, 0xa6, 0x44,
    0x41, 0x0, 0x1, 0xff, 0xd0, 0x0, 0x0, 0x0,
    0x5, 0xef, 0xff, 0xff, 0xff, 0xf2, 0x0, 0x8,
    0xff, 0xb0, 0x0, 0x0, 0x0, 0x0, 0x39, 0xdf,
    0xff, 0xff, 0x50, 0x0, 0xc, 0xff, 0xb1, 0x0,
    0x0, 0x0, 0x0, 0x0, 0x1c, 0xff, 0xc0, 0x0,
    0x0, 0x1d, 0xff, 0xe6, 0x0, 0x0, 0x0, 0x0,
    0x6e, 0xff, 0xd1, 0x0, 0x0, 0x0, 0x1b, 0xff,
    0xff, 0xa7, 0x55, 0x7a, 0xef, 0xff, 0xb1, 0x0,
    0x0, 0x0, 0x0, 0x6, 0xef, 0xff, 0xff, 0xff,
    0xff, 0xfe, 0x60, 0x0, 0x0, 0x0, 0x0, 0x0,
    0x0, 0x6c, 0xff, 0xff, 0xff, 0xc6, 0x0, 0x0,
    0x0, 0x0, 0x0, 0x0, 0x0, 0x0, 0x0, 0x24,
    0x42, 0x0, 0x0, 0x0, 0x0, 0x0,

    /* U+F0595 "󰖕" */
    0x0, 0x0, 0x0, 0x0, 0x0, 0x0, 0x0, 0x0,
    0x0, 0x0, 0x0, 0x0, 0x0, 0x0, 0x0, 0x0,
    0x0, 0x0, 0x0, 0x0, 0x0, 0x4c, 0x20, 0x0,
    0x0, 0x0, 0x0, 0x0, 0x0, 0x9, 0x84, 0x0,
    0x0, 0x0, 0x8f, 0xf7, 0x0, 0x0, 0x0, 0x0,
    0x0, 0x0, 0x0, 0xef, 0xa3, 0x0, 0x0, 0x0,
    0x18, 0xc0, 0x0, 0x0, 0x0, 0x0, 0x0, 0x0,
    0xe, 0x50, 0x0, 0x0, 0x0, 0x0, 0x2, 0x0,
    0x0, 0x0, 0x0, 0x0, 0x0, 0x0, 0x40, 0x0,
    0x7c, 0xff, 0xd9, 0x20, 0x0, 0x0, 0x0, 0x0,
    0x0, 0x0, 0x0, 0x0, 0x3, 0xef, 0xff, 0xff,
    0xff, 0x70, 0x0, 0x0, 0x0, 0x0, 0x0, 0x0,
    0x0, 0x3, 0xff, 0xfc, 0x76, 0xaf, 0xff, 0x70,
    0x0, 0x0, 0x0, 0x0, 0x0, 0x0, 0x0, 0xcf,
    0xf5, 0x0, 0x0, 0x2e, 0xff, 0x20, 0x1, 0x0,
    0x0, 0x0, 0x0, 0x0, 0x5f, 0xf7, 0x0, 0x0,
    0x0, 0x3f, 0xf9, 0x0, 0xb5, 0x0, 0x0, 0x0,
    0x30, 0x9, 0xff, 0x0, 0x0, 0x0, 0x0, 0xbf,
    0xe0, 0x9, 0xf9, 0x0, 0x0, 0x4c, 0x0, 0xbf,
    0xc0, 0x0, 0x5a, 0xcd, 0xac, 0xff, 0x0, 0x7e,
    0x20, 0x0, 0x3f, 0xc0, 0xb, 0xfd, 0x4, 0xef,
    0xff, 0xff, 0xff, 0xf0, 0x7, 0x30, 0x0, 0x2,
    0xcf, 0x0, 0x7f, 0xf8, 0xff, 0xfe, 0xbb, 0xef,
    0xff, 0x60, 0x0, 0x0, 0x0, 0x0, 0x62, 0x2,
    0xff, 0xff, 0xf6, 0x0, 0x0, 0x5f, 0xff, 0x20,
    0x0, 0x0, 0x0, 0x0, 0x0, 0x9, 0xff, 0xf3,
    0x0, 0x0, 0x0, 0x3f, 0xfb, 0x0, 0x0, 0x0,
    0x0, 0x0, 0x5a, 0xdf, 0xf8, 0x0, 0x0, 0x0,
    0x0, 0x8f, 0xf1, 0x0, 0x0, 0x0, 0x0, 0xbf,
    0xff, 0xff, 0x30, 0x0, 0x0, 0x0, 0x2, 0xff,
    0x50, 0x0, 0x0, 0x0, 0xaf, 0xfe, 0xbb, 0xb0,
    0x0, 0x0, 0x0, 0x0, 0xf, 0xf8, 0x32, 0x0,
    0x0, 0x2f, 0xfb, 0x0, 0x0, 0x0, 0x0, 0x0,
    0x0, 0x0, 0xff, 0xff, 0xfc, 0x20, 0x6, 0xff,
    0x20, 0x0, 0x0, 0x0, 0x0, 0x0, 0x0, 0xf,
    0xff, 0xff, 0xfd, 0x0, 0x7f, 0xf0, 0x0, 0x0,
    0x0, 0x0, 0x0, 0x0, 0x0, 0x44, 0x44, 0x9f,
    0xf5, 0x4, 0xff, 0x50, 0x0, 0x0, 0x0, 0x0,
    0x0, 0x0, 0x0, 0x0, 0x0, 0xff, 0x70, 0xe,
    0xff, 0x74, 0x33, 0x33, 0x33, 0x33, 0x33, 0x33,
    0x33, 0x33, 0x9f, 0xf5, 0x0, 0x4f, 0xff, 0xff,
    0xff, 0xff, 0xff, 0xff, 0xff, 0xff, 0xff, 0xff,
    0xfd, 0x0, 0x0, 0x3c, 0xff, 0xff, 0xff, 0xff,
    0xff, 0xff, 0xff, 0xff, 0xff, 0xfc, 0x20, 0x0,
    0x0, 0x1, 0x33, 0x33, 0x33, 0x33, 0x33, 0x33,
    0x33, 0x33, 0x32, 0x0, 0x0,

    /* U+F0596 "󰖖" */
    0x0, 0x0, 0x0, 0x0, 0x0, 0x3, 0x79, 0x86,
    0x20, 0x0, 0x0, 0x0, 0x0, 0x0, 0x0, 0x0,
    0x0, 0x0, 0x4, 0xdf, 0xff, 0xff, 0xfc, 0x30,
    0x0, 0x0, 0x0, 0x0, 0x0, 0x0, 0x0, 0x0,
    0x7f, 0xff, 0xfe, 0xef, 0xff, 0xf7, 0x0, 0x0,
    0x0, 0x0, 0x0, 0x0, 0x0, 0x6, 0xff, 0xd5,
    0x0, 0x1, 0x6e, 0xff, 0x60, 0x0, 0x0, 0x0,
    0x0, 0x0, 0x0, 0x1f, 0xfb, 0x0, 0x0, 0x0,
    0x1, 0xbf, 0xf1, 0x0, 0x0, 0x0, 0x0, 0x0,
    0x58, 0xcf, 0xd0, 0x0, 0x0, 0x0, 0x0, 0xd,
    0xf9, 0x0, 0x0, 0x0, 0x0, 0x3e, 0xff, 0xff,
    0x40, 0x0, 0x0, 0x0, 0x0, 0x5, 0xfd, 0x0,
    0x0, 0x0, 0x3, 0xff, 0xfe, 0xce, 0x0, 0x0,
    0x0, 0x0, 0x0, 0x0, 0xff, 0x42, 0x0, 0x0,
    0xe, 0xff, 0x50, 0x0, 0x0, 0x0, 0x0, 0x0,
    0x0, 0x0, 0xcf, 0xff, 0xe6, 0x0, 0x6f, 0xf5,
    0x0, 0x0, 0x0, 0x0, 0x0, 0x0, 0x0, 0x0,
    0xbf, 0xff, 0xff, 0x80, 0xaf, 0xe0, 0x0, 0x0,
    0x0, 0x0, 0x0, 0x0, 0x0, 0x0, 0x23, 0x36,
    0xef, 0xf3, 0xbf, 0xc0, 0x0, 0x0, 0x0, 0x0,
    0x0, 0x0, 0x0, 0x0, 0x0, 0x0, 0x2f, 0xf9,
    0xaf, 0xe0, 0x0, 0x0, 0x2, 0x20, 0x0, 0x22,
    0x0, 0x2, 0x20, 0x0, 0xc, 0xfb, 0x6f, 0xf5,
    0x0, 0x0, 0x3f, 0xf0, 0x2, 0xff, 0x10, 0x2f,
    0xf1, 0x0, 0xe, 0xfa, 0xe, 0xff, 0x50, 0x0,
    0x8f, 0xf1, 0x8, 0xff, 0x0, 0x7f, 0xf1, 0x0,
    0x9f, 0xf6, 0x4, 0xff, 0xf2, 0x0, 0xcf, 0xc0,
    0xc, 0xfc, 0x0, 0xcf, 0xd0, 0x7, 0xff, 0xd0,
    0x0, 0x4e, 0xe1, 0x0, 0xff, 0x80, 0x1f, 0xf8,
    0x0, 0xff, 0x80, 0x7, 0xfd, 0x20, 0x0, 0x0,
    0x0, 0x4, 0xff, 0x30, 0x5f, 0xf3, 0x4, 0xff,
    0x40, 0x0, 0x30, 0x0, 0x0, 0x0, 0x0, 0x8,
    0xff, 0x0, 0x9f, 0xf0, 0x9, 0xff, 0x0, 0x0,
    0x0, 0x0, 0x0, 0x0, 0x0, 0xc, 0xfb, 0x0,
    0xdf, 0xb0, 0xd, 0xfb, 0x0, 0x0, 0x0, 0x0,
    0x0, 0x0, 0x0, 0xc, 0xf5, 0x2, 0xff, 0x70,
    0xc, 0xf6, 0x0, 0x0, 0x0, 0x0, 0x0, 0x0,
    0x0, 0x0, 0x20, 0x6, 0xff, 0x20, 0x0, 0x20,
    0x0, 0x0, 0x0, 0x0, 0x0, 0x0, 0x0, 0x0,
    0x0, 0xa, 0xfe, 0x0, 0x0, 0x0, 0x0, 0x0,
    0x0, 0x0, 0x0, 0x0, 0x0, 0x0, 0x0, 0xd,
    0xfa, 0x0, 0x0, 0x0, 0x0, 0x0, 0x0, 0x0,
    0x0, 0x0, 0x0, 0x0, 0x0, 0x6, 0xc3, 0x0,
    0x0, 0x0, 0x0, 0x0, 0x0, 0x0,

    /* U+F0597 "󰖗" */
    0x0, 0x0, 0x0, 0x0, 0x0, 0x4, 0x89, 0x97,
    0x30, 0x0, 0x0, 0x0, 0x0, 0x0, 0x0, 0x0,
    0x0, 0x0, 0x5, 0xdf, 0xff, 0xff, 0xfc, 0x20,
    0x0, 0x0, 0x0, 0x0, 0x0, 0x0, 0x0, 0x0,
    0x8f, 0xff, 0xfe, 0xff, 0xff, 0xf5, 0x0, 0x0,
    0x0, 0x0, 0x0, 0x0, 0x0, 0x7, 0xff, 0xd5,
    0x0, 0x1, 0x8f, 0xff, 0x40, 0x0, 0x0, 0x0,
    0x0, 0x0, 0x0, 0x2f, 0xfa, 0x0, 0x0, 0x0,
    0x2, 0xdf, 0xe0, 0x0, 0x0, 0x0, 0x0, 0x0,
    0x37, 0xcf, 0xc0, 0x0, 0x0, 0x0, 0x0, 0x2f,
    0xf7, 0x0, 0x0, 0x0, 0x0, 0x2c, 0xff, 0xff,
    0x30, 0x0, 0x0, 0x0, 0x0, 0x8, 0xfc, 0x0,
    0x0, 0x0, 0x3, 0xff, 0xff, 0xfe, 0x0, 0x0,
    0x0, 0x0, 0x0, 0x2, 0xff, 0x0, 0x0, 0x0,
    0xd, 0xff, 0x81, 0x1, 0x0, 0x0, 0x0, 0x0,
    0x0, 0x0, 0xff, 0xff, 0xb3, 0x0, 0x5f, 0xf7,
    0x0, 0x0, 0x0, 0x0, 0x0, 0x0, 0x0, 0x0,
    0xdf, 0xff, 0xff, 0x50, 0xaf, 0xe0, 0x0, 0x0,
    0x0, 0x0, 0x0, 0x0, 0x0, 0x0, 0x67, 0x7a,
    0xff, 0xf2, 0xbf, 0xc0, 0x0, 0x0, 0x0, 0x0,
    0x2, 0x0, 0x0, 0x0, 0x0, 0x0, 0x4f, 0xf8,
    0xaf, 0xd0, 0x0, 0x0, 0x0, 0x0, 0x1d, 0xa0,
    0x0, 0x0, 0x0, 0x0, 0xd, 0xfb, 0x7f, 0xf3,
    0x0, 0x0, 0x0, 0x0, 0xbf, 0xf7, 0x0, 0x0,
    0x0, 0x0, 0xd, 0xfb, 0x1f, 0xfe, 0x30, 0x0,
    0x0, 0x7, 0xff, 0xff, 0x30, 0x0, 0x0, 0x0,
    0x7f, 0xf7, 0x5, 0xff, 0xfc, 0x91, 0x0, 0x3f,
    0xfd, 0xff, 0xd0, 0x0, 0x3a, 0xad, 0xff, 0xe1,
    0x0, 0x6f, 0xff, 0xf8, 0x0, 0xcf, 0xf2, 0x8f,
    0xf8, 0x0, 0xcf, 0xff, 0xfe, 0x30, 0x0, 0x1,
    0x8b, 0xc3, 0x5, 0xff, 0x60, 0xd, 0xff, 0x10,
    0x6d, 0xdc, 0x81, 0x0, 0x0, 0x0, 0x0, 0x0,
    0xc, 0xfd, 0x0, 0x4, 0xff, 0x70, 0x0, 0x0,
    0x0, 0x0, 0x0, 0x0, 0x0, 0x0, 0xf, 0xf6,
    0x0, 0x0, 0xdf, 0xb0, 0x0, 0x0, 0x0, 0x0,
    0x0, 0x0, 0x0, 0x0, 0x1f, 0xf5, 0x0, 0x0,
    0xcf, 0xc0, 0x0, 0x0, 0x0, 0x0, 0x0, 0x0,
    0x0, 0x0, 0xf, 0xf9, 0x0, 0x1, 0xff, 0xa0,
    0x0, 0x0, 0x0, 0x0, 0x0, 0x0, 0x0, 0x0,
    0x9, 0xff, 0x83, 0x4d, 0xff, 0x40, 0x0, 0x0,
    0x0, 0x0, 0x0, 0x0, 0x0, 0x0, 0x1, 0xdf,
    0xff, 0xff, 0xfa, 0x0, 0x0, 0x0, 0x0, 0x0,
    0x0, 0x0, 0x0, 0x0, 0x0, 0x1b, 0xff, 0xff,
    0x80, 0x0, 0x0, 0x0, 0x0, 0x0, 0x0, 0x0,
    0x0, 0x0, 0x0, 0x0, 0x14, 0x40, 0x0, 0x0,
    0x0, 0x0, 0x0, 0x0,

    /* U+F0598 "󰖘" */
    0x0, 0x0, 0x0, 0x0, 0x0, 0x3, 0x79, 0x86,
    0x20, 0x0, 0x0, 0x0, 0x0, 0x0, 0x0, 0x0,
    0x0, 0x0, 0x4, 0xdf, 0xff, 0xff, 0xfc, 0x30,
    0x0, 0x0, 0x0, 0x0, 0x0, 0x0, 0x0, 0x0,
    0x7f, 0xff, 0xfe, 0xef, 0xff, 0xf7, 0x0, 0x0,
    0x0, 0x0, 0x0, 0x0, 0x0, 0x6, 0xff, 0xd6,
    0x0, 0x1, 0x6e, 0xff, 0x60, 0x0, 0x0, 0x0,
    0x0, 0x0, 0x0, 0x1f, 0xfb, 0x0, 0x0, 0x0,
    0x1, 0xbf, 0xf1, 0x0, 0x0, 0x0, 0x0, 0x0,
    0x58, 0xcf, 0xd0, 0x0, 0x0, 0x0, 0x0, 0xd,
    0xf9, 0x0, 0x0, 0x0, 0x0, 0x3d, 0xff, 0xff,
    0x50, 0x0, 0x0, 0x0, 0x0, 0x5, 0xfd, 0x0,
    0x0, 0x0, 0x3, 0xff, 0xfe, 0xce, 0x0, 0x0,
    0x0, 0x0, 0x0, 0x0, 0xff, 0x42, 0x0, 0x0,
    0xd, 0xff, 0x50, 0x0, 0x0, 0x0, 0x0, 0x0,
    0x0, 0x0, 0xcf, 0xff, 0xe6, 0x0, 0x5f, 0xf5,
    0x0, 0x0, 0x0, 0x0, 0x0, 0x0, 0x0, 0x0,
    0xbf, 0xff, 0xff, 0x70, 0xaf, 0xe0, 0x0, 0x0,
    0x0, 0x0, 0x0, 0x0, 0x0, 0x0, 0x23, 0x36,
    0xef, 0xf3, 0xbf, 0xc0, 0x0, 0x0, 0x0, 0x0,
    0x0, 0x0, 0x0, 0x0, 0x0, 0x0, 0x2f, 0xf9,
    0xaf, 0xe0, 0x0, 0x0, 0x0, 0x0, 0x0, 0x0,
    0x0, 0x0, 0x0, 0x0, 0xd, 0xfb, 0x7f, 0xf4,
    0x0, 0x0, 0x0, 0x0, 0x0, 0x0, 0x0, 0x0,
    0x0, 0x0, 0xe, 0xfb, 0x1f, 0xfe, 0x30, 0x0,
    0x0, 0x0, 0x0, 0x59, 0x10, 0x0, 0x0, 0x0,
    0x7f, 0xf7, 0x5, 0xff, 0xfc, 0x92, 0x1, 0x61,
    0x0, 0xff, 0x80, 0x0, 0x29, 0x9c, 0xff, 0xe0,
    0x0, 0x5f, 0xff, 0xfa, 0xb, 0xfd, 0x14, 0xff,
    0x50, 0x0, 0xaf, 0xff, 0xfe, 0x30, 0x0, 0x1,
    0x8b, 0xd5, 0x9, 0xff, 0xd9, 0xff, 0x10, 0x10,
    0x5d, 0xdc, 0x81, 0x0, 0x0, 0x0, 0x0, 0x0,
    0x0, 0xaf, 0xff, 0xfe, 0x9d, 0xfd, 0x0, 0x0,
    0x0, 0x0, 0x0, 0x0, 0x0, 0x0, 0x0, 0xc,
    0xff, 0xff, 0xff, 0xfe, 0x0, 0x0, 0x0, 0x0,
    0x0, 0x0, 0x0, 0x0, 0x4b, 0xff, 0xff, 0xff,
    0xfc, 0x72, 0x0, 0x0, 0x0, 0x0, 0x0, 0x0,
    0x0, 0x0, 0xff, 0xff, 0xff, 0xff, 0xc1, 0x0,
    0x0, 0x0, 0x0, 0x0, 0x0, 0x0, 0x0, 0x0,
    0xae, 0xa5, 0xef, 0xff, 0xfd, 0x10, 0x0, 0x0,
    0x0, 0x0, 0x0, 0x0, 0x0, 0x0, 0x0, 0x2,
    0xff, 0x7a, 0xff, 0xb0, 0x0, 0x0, 0x0, 0x0,
    0x0, 0x0, 0x0, 0x0, 0x0, 0x6, 0xff, 0x30,
    0xaf, 0x90, 0x0, 0x0, 0x0, 0x0, 0x0, 0x0,
    0x0, 0x0, 0x0, 0x7, 0xfe, 0x0, 0x2, 0x0,
    0x0, 0x0, 0x0, 0x0, 0x0, 0x0, 0x0, 0x0,
    0x0, 0x0, 0x62, 0x0, 0x0, 0x0, 0x0, 0x0,
    0x0, 0x0,

    /* U+F0599 "󰖙" */
    0x0, 0x0, 0x0, 0x0, 0x0, 0x32, 0x0, 0x0,
    0x0, 0x0, 0x0, 0x0, 0x0, 0x0, 0x0, 0x0,
    0xdc, 0x0, 0x0, 0x0, 0x0, 0x0, 0x0, 0x0,
    0x0, 0x0, 0x9, 0xff, 0x80, 0x0, 0x0, 0x0,
    0x0, 0x0, 0x0, 0x0, 0x0, 0x4f, 0xff, 0xf3,
    0x0, 0x0, 0x0, 0x0, 0x0, 0x0, 0x0, 0x0,
    0x42, 0x1, 0x24, 0x0, 0x0, 0x0, 0x0, 0x0,
    0x0, 0x0, 0x0, 0x0, 0x0, 0x0, 0x0, 0x0,
    0x0, 0x0, 0x69, 0xbc, 0xb0, 0x0, 0x4, 0x77,
    0x40, 0x0, 0x1b, 0xca, 0x95, 0x6f, 0xfe, 0x10,
    0x6, 0xef, 0xff, 0xfe, 0x50, 0x2, 0xff, 0xf5,
    0xe, 0xf5, 0x0, 0x8f, 0xff, 0xff, 0xff, 0xf8,
    0x0, 0x6f, 0xd0, 0x7, 0xe0, 0x5, 0xff, 0xd5,
    0x0, 0x5e, 0xff, 0x40, 0xe, 0x60, 0x0, 0x70,
    0xd, 0xfe, 0x10, 0x0, 0x1, 0xef, 0xc0, 0x8,
    0x0, 0x0, 0x0, 0x1f, 0xf7, 0x0, 0x0, 0x0,
    0x8f, 0xf1, 0x0, 0x0, 0x0, 0x0, 0x3f, 0xf4,
    0x0, 0x0, 0x0, 0x4f, 0xf3, 0x0, 0x0, 0x0,
    0x0, 0x2f, 0xf5, 0x0, 0x0, 0x0, 0x5f, 0xf2,
    0x0, 0x0, 0x0, 0x30, 0xf, 0xfa, 0x0, 0x0,
    0x0, 0xbf, 0xe0, 0x3, 0x0, 0x3, 0xb0, 0x9,
    0xff, 0x70, 0x0, 0x8, 0xff, 0x80, 0xc, 0x20,
    0xa, 0xf2, 0x1, 0xef, 0xfc, 0x88, 0xdf, 0xfd,
    0x0, 0x2f, 0x90, 0x1f, 0xfa, 0x0, 0x2d, 0xff,
    0xff, 0xff, 0xd2, 0x0, 0xbf, 0xf1, 0x9f, 0xff,
    0x60, 0x0, 0x7c, 0xff, 0xc6, 0x0, 0x8, 0xff,
    0xf8, 0x2, 0x35, 0x60, 0x0, 0x0, 0x0, 0x0,
    0x0, 0x15, 0x43, 0x10, 0x0, 0x0, 0x0, 0x0,
    0x0, 0x0, 0x0, 0x0, 0x0, 0x0, 0x0, 0x0,
    0x0, 0x0, 0x0, 0x8a, 0x89, 0xa7, 0x0, 0x0,
    0x0, 0x0, 0x0, 0x0, 0x0, 0x0, 0xd, 0xff,
    0xd0, 0x0, 0x0, 0x0, 0x0, 0x0, 0x0, 0x0,
    0x0, 0x3, 0xff, 0x30, 0x0, 0x0, 0x0, 0x0,
    0x0, 0x0, 0x0, 0x0, 0x0, 0x87, 0x0, 0x0,
    0x0, 0x0, 0x0, 0x0, 0x0, 0x0, 0x0, 0x0,
    0x0, 0x0, 0x0, 0x0, 0x0, 0x0,

    /* U+F059D "󰖝" */
    0x0, 0x0, 0x0, 0x0, 0x0, 0x58, 0x85, 0x0,
    0x0, 0x0, 0x0, 0x0, 0x0, 0x0, 0x0, 0x0,
    0x3, 0xef, 0xff, 0xfe, 0x30, 0x0, 0x0, 0x0,
    0x0, 0x0, 0x0, 0x0, 0x0, 0xdf, 0xff, 0xff,
    0xfe, 0x10, 0x0, 0x0, 0x0, 0x0, 0x0, 0x0,
    0x0, 0x8, 0xe6, 0x0, 0x6f, 0xf9, 0x0, 0x0,
    0x0, 0x0, 0x0, 0x0, 0x0, 0x0, 0x0, 0x0,
    0x0, 0xaf, 0xe0, 0x0, 0x0, 0x0, 0x0, 0x0,
    0x0, 0x0, 0x0, 0x0, 0x0, 0x8, 0xff, 0x0,
    0x0, 0x0, 0x0, 0x0, 0x0, 0x0, 0x0, 0x0,
    0x0, 0x0, 0xdf, 0xd0, 0x0, 0x0, 0x0, 0x0,
    0x13, 0x33, 0x33, 0x33, 0x33, 0x35, 0xcf, 0xf7,
    0x0, 0x3, 0x20, 0x0, 0x1f, 0xff, 0xff, 0xff,
    0xff, 0xff, 0xff, 0xfb, 0x0, 0x7f, 0xff, 0xc1,
    0x1, 0xff, 0xff, 0xff, 0xff, 0xff, 0xff, 0xf8,
    0x0, 0x2f, 0xff, 0xff, 0xd0, 0x1, 0x33, 0x33,
    0x33, 0x33, 0x33, 0x30, 0x0, 0x0, 0xdc, 0x49,
    0xff, 0x40, 0x0, 0x0, 0x0, 0x0, 0x0, 0x0,
    0x0, 0x0, 0x0, 0x0, 0xf, 0xf7, 0x0, 0x0,
    0x0, 0x0, 0x0, 0x0, 0x0, 0x0, 0x0, 0x0,
    0x6, 0xff, 0x50, 0xb, 0xff, 0xff, 0xff, 0xff,
    0xff, 0xff, 0xff, 0xff, 0xff, 0xff, 0xe0, 0x0,
    0xef, 0xff, 0xff, 0xff, 0xff, 0xff, 0xff, 0xff,
    0xff, 0xff, 0xe3, 0x0, 0x3, 0x77, 0x77, 0x77,
    0x77, 0x77, 0x77, 0x77, 0x77, 0x77, 0x51, 0x0,
    0x0, 0x0, 0x0, 0x0, 0x0, 0x0, 0x0, 0x0,
    0x0, 0x0, 0x0, 0x0, 0x0, 0x47, 0x77, 0x77,
    0x77, 0x77, 0x77, 0x77, 0x77, 0x77, 0x74, 0x0,
    0x0, 0x2f, 0xff, 0xff, 0xff, 0xff, 0xff, 0xff,
    0xff, 0xff, 0xff, 0xfd, 0x10, 0x1, 0xef, 0xff,
    0xff, 0xff, 0xff, 0xff, 0xff, 0xff, 0xff, 0xff,
    0xfb, 0x0, 0x0, 0x0, 0x0, 0x0, 0x0, 0x0,
    0x0, 0x0, 0x0, 0x1, 0xaf, 0xf1, 0x0, 0x0,
    0x0, 0x0, 0x0, 0x0, 0x0, 0x0, 0x0, 0x0,
    0x5, 0xff, 0x30, 0x0, 0x0, 0x0, 0x0, 0x0,
    0x0, 0x0, 0x0, 0x3e, 0xa4, 0xcf, 0xf1, 0x0,
    0x0, 0x0, 0x0, 0x0, 0x0, 0x0, 0x0, 0x6,
    0xff, 0xff, 0xf9, 0x0, 0x0, 0x0, 0x0, 0x0,
    0x0, 0x0, 0x0, 0x0, 0xa, 0xff, 0xf9, 0x0,
    0x0, 0x0, 0x0, 0x0, 0x0, 0x0, 0x0, 0x0,
    0x0, 0x1, 0x31, 0x0, 0x0,

    /* U+F05A9 "󰖩" */
    0x0, 0x0, 0x0, 0x0, 0x2, 0x57, 0x89, 0x98,
    0x75, 0x20, 0x0, 0x0, 0x0, 0x0, 0x0, 0x0,
    0x0, 0x49, 0xef, 0xff, 0xff, 0xff, 0xff, 0xfe,
    0x94, 0x0, 0x0, 0x0, 0x0, 0x0, 0x6d, 0xff,
    0xff, 0xff, 0xff, 0xff, 0xff, 0xff, 0xff, 0xd6,
    0x0, 0x0, 0x0, 0x5e, 0xff, 0xff, 0xff, 0xff,
    0xff, 0xff, 0xff, 0xff, 0xff, 0xff, 0xe5, 0x0,
    0x1b, 0xff, 0xff, 0xff, 0xfc, 0x85, 0x42, 0x24,
    0x58, 0xcf, 0xff, 0xff, 0xff, 0xb1, 0x1e, 0xff,
    0xff, 0xc5, 0x0, 0x0, 0x0, 0x0, 0x0, 0x0,
    0x6d, 0xff, 0xff, 0xf2, 0x5, 0xff, 0xd4, 0x0,
    0x0, 0x0, 0x0, 0x0, 0x0, 0x0, 0x0, 0x4d,
    0xff, 0x50, 0x0, 0x98, 0x0, 0x0, 0x0, 0x0,
    0x0, 0x0, 0x0, 0x0, 0x0, 0x0, 0x89, 0x0,
    0x0, 0x0, 0x0, 0x0, 0x4, 0x8c, 0xdf, 0xfe,
    0xc8, 0x40, 0x0, 0x0, 0x0, 0x0, 0x0, 0x0,
    0x0, 0x7, 0xef, 0xff, 0xff, 0xff, 0xff, 0xfe,
    0x70, 0x0, 0x0, 0x0, 0x0, 0x0, 0x5, 0xef,
    0xff, 0xff, 0xff, 0xff, 0xff, 0xff, 0xfe, 0x50,
    0x0, 0x0, 0x0, 0x0, 0x9, 0xff, 0xff, 0xff,
    0xdc, 0xcd, 0xff, 0xff, 0xff, 0xa0, 0x0, 0x0,
    0x0, 0x0, 0x0, 0xdf, 0xfb, 0x40, 0x0, 0x0,
    0x4, 0xbf, 0xfd, 0x0, 0x0, 0x0, 0x0, 0x0,
    0x0, 0x2c, 0x30, 0x0, 0x0, 0x0, 0x0, 0x3,
    0xc2, 0x0, 0x0, 0x0, 0x0, 0x0, 0x0, 0x0,
    0x0, 0x0, 0x0, 0x0, 0x0, 0x0, 0x0, 0x0,
    0x0, 0x0, 0x0, 0x0, 0x0, 0x0, 0x0, 0x1,
    0x57, 0x75, 0x10, 0x0, 0x0, 0x0, 0x0, 0x0,
    0x0, 0x0, 0x0, 0x0, 0x1, 0x9f, 0xff, 0xff,
    0xf9, 0x10, 0x0, 0x0, 0x0, 0x0, 0x0, 0x0,
    0x0, 0x0, 0x2, 0xff, 0xff, 0xff, 0xff, 0x20,
    0x0, 0x0, 0x0, 0x0, 0x0, 0x0, 0x0, 0x0,
    0x0, 0x6f, 0xff, 0xff, 0xf6, 0x0, 0x0, 0x0,
    0x0, 0x0, 0x0, 0x0, 0x0, 0x0, 0x0, 0xa,
    0xff, 0xff, 0xa0, 0x0, 0x0, 0x0, 0x0, 0x0,
    0x0, 0x0, 0x0, 0x0, 0x0, 0x0, 0xdf, 0xfd,
    0x0, 0x0, 0x0, 0x0, 0x0, 0x0, 0x0, 0x0,
    0x0, 0x0, 0x0, 0x0, 0x2f, 0xf2, 0x0, 0x0,
    0x0, 0x0, 0x0, 0x0, 0x0, 0x0, 0x0, 0x0,
    0x0, 0x0, 0x6, 0x60, 0x0, 0x0, 0x0, 0x0,
    0x0, 0x0,

    /* U+F05AA "󰖪" */
    0x4, 0x10, 0x0, 0x0, 0x2, 0x57, 0x89, 0x98,
    0x75, 0x20, 0x0, 0x0, 0x0, 0x0, 0x4f, 0xd1,
    0x0, 0x29, 0xef, 0xff, 0xff, 0xff, 0xff, 0xfe,
    0xa4, 0x0, 0x0, 0x0, 0x4f, 0xfd, 0x10, 0xc,
    0xff, 0xff, 0xff, 0xff, 0xff, 0xff, 0xff, 0xd6,
    0x0, 0x0, 0x4, 0xff, 0xd1, 0x0, 0xcf, 0xff,
    0xff, 0xff, 0xff, 0xff, 0xff, 0xff, 0xe5, 0x0,
    0x1c, 0xff, 0xfd, 0x10, 0x9, 0x85, 0x32, 0x24,
    0x57, 0xbf, 0xff, 0xff, 0xff, 0xb1, 0x1e, 0xff,
    0xff, 0xd1, 0x0, 0x0, 0x0, 0x0, 0x0, 0x0,
    0x5c, 0xff, 0xff, 0xe1, 0x4, 0xff, 0xcf, 0xfd,
    0x10, 0x0, 0x0, 0x0, 0x0, 0x0, 0x0, 0x3c,
    0xff, 0x40, 0x0, 0x76, 0x4, 0xff, 0xd1, 0x0,
    0x1, 0x10, 0x0, 0x0, 0x0, 0x0, 0x67, 0x0,
    0x0, 0x0, 0x0, 0x4f, 0xfd, 0x10, 0x1c, 0xff,
    0xea, 0x60, 0x0, 0x0, 0x0, 0x0, 0x0, 0x0,
    0x0, 0x1c, 0xff, 0xd1, 0x1, 0xcf, 0xff, 0xff,
    0x91, 0x0, 0x0, 0x0, 0x0, 0x0, 0x7, 0xff,
    0xff, 0xfd, 0x10, 0x1c, 0xff, 0xff, 0xff, 0x70,
    0x0, 0x0, 0x0, 0x0, 0x8, 0xff, 0xff, 0xff,
    0xd1, 0x1, 0xcf, 0xff, 0xff, 0x80, 0x0, 0x0,
    0x0, 0x0, 0x0, 0xcf, 0xfa, 0x6f, 0xfd, 0x10,
    0x4, 0x9f, 0xfc, 0x0, 0x0, 0x0, 0x0, 0x0,
    0x0, 0x1a, 0x20, 0x4, 0xff, 0xd1, 0x0, 0x2,
    0xa1, 0x0, 0x0, 0x0, 0x0, 0x0, 0x0, 0x0,
    0x0, 0x0, 0x4f, 0xfd, 0x10, 0x0, 0x0, 0x0,
    0x0, 0x0, 0x0, 0x0, 0x0, 0x0, 0x0, 0x2,
    0x7c, 0xff, 0xd1, 0x0, 0x0, 0x0, 0x0, 0x0,
    0x0, 0x0, 0x0, 0x0, 0x2, 0xbf, 0xff, 0xff,
    0xfd, 0x10, 0x0, 0x0, 0x0, 0x0, 0x0, 0x0,
    0x0, 0x0, 0x2, 0xef, 0xff, 0xff, 0xff, 0xd1,
    0x0, 0x0, 0x0, 0x0, 0x0, 0x0, 0x0, 0x0,
    0x0, 0x5f, 0xff, 0xff, 0xff, 0xfd, 0x10, 0x0,
    0x0, 0x0, 0x0, 0x0, 0x0, 0x0, 0x0, 0x8,
    0xff, 0xff, 0x84, 0xff, 0xd1, 0x0, 0x0, 0x0,
    0x0, 0x0, 0x0, 0x0, 0x0, 0x0, 0xcf, 0xfc,
    0x0, 0x4f, 0xfd, 0x10, 0x0, 0x0, 0x0, 0x0,
    0x0, 0x0, 0x0, 0x0, 0x1e, 0xe1, 0x0, 0x4,
    0xff, 0x70, 0x0, 0x0, 0x0, 0x0, 0x0, 0x0,
    0x0, 0x0, 0x4, 0x40, 0x0, 0x0, 0x48, 0x0,
    0x0, 0x0,

    /* U+F05AE "󰖮" */
    0x0, 0x47, 0x88, 0x88, 0x88, 0x88, 0x88, 0x88,
    0x88, 0x74, 0x0, 0x7, 0xff, 0xff, 0xff, 0xff,
    0xff, 0xff, 0xff, 0xff, 0xff, 0x70, 0xe, 0xff,
    0xff, 0xff, 0xff, 0xff, 0xff, 0xff, 0xff, 0xff,
    0xe0, 0xf, 0xf8, 0x0, 0x0, 0x0, 0x0, 0x0,
    0x0, 0x0, 0x8f, 0xf0, 0xf, 0xf8, 0x0, 0x0,
    0x0, 0x0, 0x0, 0x0, 0x0, 0x8f, 0xf0, 0xf,
    0xf8, 0x0, 0x0, 0x0, 0x0, 0x0, 0x0, 0x0,
    0x8f, 0xf0, 0xf, 0xf8, 0x0, 0x0, 0x0, 0x0,
    0x0, 0x0, 0x0, 0x8f, 0xf0, 0xf, 0xf8, 0x0,
    0x0, 0x0, 0x0, 0x0, 0x0, 0x0, 0x8f, 0xf0,
    0xf, 0xf8, 0x0, 0x0, 0x0, 0x0, 0x0, 0x0,
    0x0, 0x8f, 0xf0, 0xf, 0xf8, 0x0, 0x0, 0xbf,
    0xff, 0xf4, 0x0, 0x0, 0x8f, 0xf0, 0xf, 0xf8,
    0x0, 0x0, 0xbf, 0xff, 0xf4, 0x0, 0x0, 0x8f,
    0xf0, 0xf, 0xfb, 0x77, 0x77, 0xdf, 0xff, 0xfa,
    0x77, 0x77, 0xbf, 0xf0, 0xf, 0xff, 0xff, 0xff,
    0xff, 0xff, 0xff, 0xff, 0xff, 0xff, 0xf0, 0xf,
    0xff, 0xff, 0xff, 0xff, 0xff, 0xff, 0xff, 0xff,
    0xff, 0xf0, 0xf, 0xf8, 0x0, 0x0, 0x0, 0x0,
    0x0, 0x0, 0x0, 0x8f, 0xf0, 0xf, 0xf8, 0x0,
    0x0, 0x0, 0x0, 0x0, 0x0, 0x0, 0x8f, 0xf0,
    0xf, 0xf8, 0x0, 0x0, 0x0, 0x0, 0x0, 0x0,
    0x0, 0x8f, 0xf0, 0xf, 0xf8, 0x0, 0x0, 0x0,
    0x0, 0x0, 0x0, 0x0, 0x8f, 0xf0, 0xf, 0xf8,
    0x0, 0x0, 0x0, 0x0, 0x0, 0x0, 0x0, 0x8f,
    0xf0, 0xf, 0xf8, 0x0, 0x0, 0x0, 0x0, 0x0,
    0x0, 0x0, 0x8f, 0xf0, 0xf, 0xf8, 0x0, 0x0,
    0x0, 0x0, 0x0, 0x0, 0x0, 0x8f, 0xf0, 0xf,
    0xf8, 0x0, 0x0, 0x0, 0x0, 0x0, 0x0, 0x0,
    0x8f, 0xf0, 0xf, 0xf9, 0x33, 0x33, 0x33, 0x33,
    0x33, 0x33, 0x33, 0x9f, 0xf0, 0xd, 0xff, 0xff,
    0xff, 0xff, 0xff, 0xff, 0xff, 0xff, 0xff, 0xd0,
    0x4, 0xef, 0xff, 0xff, 0xff, 0xff, 0xff, 0xff,
    0xff, 0xfe, 0x40, 0x0, 0x3, 0x33, 0x33, 0x33,
    0x33, 0x33, 0x33, 0x33, 0x30, 0x0,

    /* U+F05B1 "󰖱" */
    0x0, 0x47, 0x88, 0x88, 0x88, 0x88, 0x88, 0x88,
    0x88, 0x74, 0x0, 0x7, 0xff, 0xff, 0xff, 0xff,
    0xff, 0xff, 0xff, 0xff, 0xff, 0x70, 0xe, 0xff,
    0xff, 0xff, 0xff, 0xff, 0xff, 0xff, 0xff, 0xff,
    0xe0, 0xf, 0xf8, 0x0, 0x0, 0x0, 0x0, 0x0,
    0x0, 0x0, 0x8f, 0xf0, 0xf, 0xf8, 0x0, 0x0,
    0x0, 0x0, 0x0, 0x0, 0x0, 0x8f, 0xf0, 0xf,
    0xf8, 0x0, 0x0, 0x8c, 0xcc, 0xc3, 0x0, 0x0,
    0x8f, 0xf0, 0xf, 0xf8, 0x0, 0x0, 0xbf, 0xff,
    0xf4, 0x0, 0x0, 0x8f, 0xf0, 0xf, 0xf9, 0x33,
    0x33, 0xcf, 0xff, 0xf7, 0x33, 0x33, 0x9f, 0xf0,
    0xf, 0xff, 0xff, 0xff, 0xff, 0xff, 0xff, 0xff,
    0xff, 0xff, 0xf0, 0xf, 0xff, 0xff, 0xff, 0xff,
    0xff, 0xff, 0xff, 0xff, 0xff, 0xf0, 0xf, 0xf9,
    0x33, 0x33, 0x33, 0x33, 0x33, 0x33, 0x33, 0x9f,
    0xf0, 0xf, 0xf8, 0x0, 0x0, 0x0, 0x0, 0x0,
    0x0, 0x0, 0x8f, 0xf0, 0xf, 0xf8, 0x0, 0x0,
    0x0, 0x0, 0x0, 0x0, 0x0, 0x8f, 0xf0, 0xf,
    0xf8, 0x0, 0x0, 0x0, 0x0, 0x0, 0x0, 0x0,
    0x8f, 0xf0, 0xf, 0xf8, 0x0, 0x0, 0x0, 0x0,
    0x0, 0x0, 0x0, 0x8f, 0xf0, 0xf, 0xf8, 0x0,
    0x0, 0x0, 0x0, 0x0, 0x0, 0x0, 0x8f, 0xf0,
    0xf, 0xfc, 0x88, 0x88, 0x88, 0x88, 0x88, 0x88,
    0x88, 0xcf, 0xf0, 0xf, 0xff, 0xff, 0xff, 0xff,
    0xff, 0xff, 0xff, 0xff, 0xff, 0xf0, 0xf, 0xff,
    0xff, 0xff, 0xff, 0xff, 0xff, 0xff, 0xff, 0xff,
    0xf0, 0xf, 0xf8, 0x0, 0x0, 0x0, 0x0, 0x0,
    0x0, 0x0, 0x8f, 0xf0, 0xf, 0xf8, 0x0, 0x0,
    0x0, 0x0, 0x0, 0x0, 0x0, 0x8f, 0xf0, 0xf,
    0xf8, 0x0, 0x0, 0x0, 0x0, 0x0, 0x0, 0x0,
    0x8f, 0xf0, 0xf, 0xf9, 0x33, 0x33, 0x33, 0x33,
    0x33, 0x33, 0x33, 0x9f, 0xf0, 0xd, 0xff, 0xff,
    0xff, 0xff, 0xff, 0xff, 0xff, 0xff, 0xff, 0xd0,
    0x4, 0xef, 0xff, 0xff, 0xff, 0xff, 0xff, 0xff,
    0xff, 0xfe, 0x40, 0x0, 0x3, 0x33, 0x33, 0x33,
    0x33, 0x33, 0x33, 0x33, 0x30, 0x0,

    /* U+F05E0 "󰗠" */
    0x0, 0x0, 0x0, 0x0, 0x4, 0x8b, 0xcc, 0xb9,
    0x61, 0x0, 0x0, 0x0, 0x0, 0x0, 0x0, 0x0,
    0x6, 0xef, 0xff, 0xff, 0xff, 0xff, 0xa2, 0x0,
    0x0, 0x0, 0x0, 0x0, 0x3, 0xdf, 0xff, 0xff,
    0xff, 0xff, 0xff, 0xff, 0x70, 0x0, 0x0, 0x0,
    0x0, 0x4f, 0xff, 0xff, 0xff, 0xff, 0xff, 0xff,
    0xff, 0xfa, 0x0, 0x0, 0x0, 0x3, 0xff, 0xff,
    0xff, 0xff, 0xff, 0xff, 0xff, 0xff, 0xff, 0xa0,
    0x0, 0x0, 0x1e, 0xff, 0xff, 0xff, 0xff, 0xff,
    0xff, 0xff, 0xff, 0xff, 0xf6, 0x0, 0x0, 0xaf,
    0xff, 0xff, 0xff, 0xff, 0xff, 0xff, 0xff, 0xf8,
    0x3f, 0xff, 0x10, 0x2, 0xff, 0xff, 0xff, 0xff,
    0xff, 0xff, 0xff, 0xff, 0x80, 0x5, 0xff, 0x90,
    0x8, 0xff, 0xff, 0xff, 0xff, 0xff, 0xff, 0xff,
    0xf8, 0x0, 0x1c, 0xff, 0xf0, 0xd, 0xff, 0xff,
    0xff, 0xff, 0xff, 0xff, 0xff, 0x80, 0x1, 0xcf,
    0xff, 0xf4, 0x1f, 0xff, 0xff, 0xff, 0xff, 0xff,
    0xff, 0xf8, 0x0, 0x1c, 0xff, 0xff, 0xf8, 0x3f,
    0xff, 0xfa, 0x3e, 0xff, 0xff, 0xff, 0x80, 0x1,
    0xcf, 0xff, 0xff, 0xfa, 0x3f, 0xff, 0xb0, 0x3,
    0xff, 0xff, 0xf8, 0x0, 0x1c, 0xff, 0xff, 0xff,
    0xfa, 0x3f, 0xff, 0xf5, 0x0, 0x3f, 0xff, 0x80,
    0x1, 0xcf, 0xff, 0xff, 0xff, 0xfa, 0x1f, 0xff,
    0xff, 0x50, 0x3, 0xf8, 0x0, 0x1c, 0xff, 0xff,
    0xff, 0xff, 0xf8, 0xe, 0xff, 0xff, 0xf5, 0x0,
    0x20, 0x1, 0xcf, 0xff, 0xff, 0xff, 0xff, 0xf5,
    0xa, 0xff, 0xff, 0xff, 0x50, 0x0, 0x1c, 0xff,
    0xff, 0xff, 0xff, 0xff, 0xf1, 0x4, 0xff, 0xff,
    0xff, 0xf4, 0x1, 0xcf, 0xff, 0xff, 0xff, 0xff,
    0xff, 0xb0, 0x0, 0xcf, 0xff, 0xff, 0xff, 0x5c,
    0xff, 0xff, 0xff, 0xff, 0xff, 0xff, 0x30, 0x0,
    0x3f, 0xff, 0xff, 0xff, 0xff, 0xff, 0xff, 0xff,
    0xff, 0xff, 0xfa, 0x0, 0x0, 0x7, 0xff, 0xff,
    0xff, 0xff, 0xff, 0xff, 0xff, 0xff, 0xff, 0xd1,
    0x0, 0x0, 0x0, 0x9f, 0xff, 0xff, 0xff, 0xff,
    0xff, 0xff, 0xff, 0xfe, 0x20, 0x0, 0x0, 0x0,
    0x7, 0xff, 0xff, 0xff, 0xff, 0xff, 0xff, 0xff,
    0xc1, 0x0, 0x0, 0x0, 0x0, 0x0, 0x2b, 0xff,
    0xff, 0xff, 0xff, 0xff, 0xe7, 0x0, 0x0, 0x0,
    0x0, 0x0, 0x0, 0x0, 0x39, 0xdf, 0xff, 0xfe,
    0xb6, 0x0, 0x0, 0x0, 0x0, 0x0, 0x0, 0x0,
    0x0, 0x0, 0x0, 0x11, 0x0, 0x0, 0x0, 0x0,
    0x0, 0x0,

    /* U+F06A5 "󰚥" */
    0x0, 0x17, 0x72, 0x0, 0x0, 0x57, 0x60, 0x0,
    0x0, 0x3f, 0xf4, 0x0, 0x0, 0xbf, 0xc0, 0x0,
    0x0, 0x3f, 0xf4, 0x0, 0x0, 0xbf, 0xc0, 0x0,
    0x0, 0x3f, 0xf4, 0x0, 0x0, 0xbf, 0xc0, 0x0,
    0x0, 0x3f, 0xf4, 0x0, 0x0, 0xbf, 0xc0, 0x0,
    0x1, 0x8f, 0xfa, 0x88, 0x88, 0xdf, 0xe5, 0x0,
    0x2e, 0xff, 0xff, 0xff, 0xff, 0xff, 0xff, 0x90,
    0x9f, 0xff, 0xff, 0xff, 0xff, 0xff, 0xff, 0xf2,
    0xbf, 0xff, 0xff, 0xff, 0xff, 0xff, 0xff, 0xf4,
    0xbf, 0xff, 0xff, 0xff, 0xff, 0xff, 0xff, 0xf4,
    0xbf, 0xff, 0xff, 0xff, 0xff, 0xff, 0xff, 0xf4,
    0xbf, 0xff, 0xff, 0xff, 0xff, 0xff, 0xff, 0xf4,
    0xbf, 0xff, 0xff, 0xff, 0xff, 0xff, 0xff, 0xf4,
    0xbf, 0xff, 0xff, 0xff, 0xff, 0xff, 0xff, 0xf4,
    0xbf, 0xff, 0xff, 0xff, 0xff, 0xff, 0xff, 0xf4,
    0x2e, 0xff, 0xff, 0xff, 0xff, 0xff, 0xff, 0xa0,
    0x2, 0xef, 0xff, 0xff, 0xff, 0xff, 0xfa, 0x0,
    0x0, 0x2e, 0xff, 0xff, 0xff, 0xff, 0xa0, 0x0,
    0x0, 0x2, 0xef, 0xff, 0xff, 0xfa, 0x0, 0x0,
    0x0, 0x0, 0x5f, 0xff, 0xff, 0xe0, 0x0, 0x0,
    0x0, 0x0, 0x5f, 0xff, 0xff, 0xe0, 0x0, 0x0,
    0x0, 0x0, 0x5f, 0xff, 0xff, 0xe0, 0x0, 0x0,
    0x0, 0x0, 0x5f, 0xff, 0xff, 0xe0, 0x0, 0x0,

    /* U+F06A6 "󰚦" */
    0x0, 0x0, 0x0, 0x0, 0x0, 0x0, 0x0, 0x0,
    0x0, 0x0, 0x0, 0x0, 0x0, 0x0, 0x98, 0x0,
    0x0, 0x0, 0x0, 0x0, 0x0, 0x0, 0x0, 0x0,
    0x0, 0x0, 0x0, 0x5f, 0xf8, 0x0, 0x0, 0x7,
    0x73, 0x0, 0x0, 0x37, 0x70, 0x0, 0x0, 0x0,
    0x0, 0x9f, 0xf8, 0x0, 0x0, 0xff, 0x70, 0x0,
    0x7, 0xff, 0x0, 0x0, 0x0, 0x0, 0x0, 0x9f,
    0xf8, 0x0, 0xf, 0xf7, 0x0, 0x0, 0x7f, 0xf0,
    0x0, 0x0, 0x0, 0x0, 0x0, 0x9f, 0xf8, 0x0,
    0x4f, 0x70, 0x0, 0x7, 0xff, 0x0, 0x0, 0x0,
    0x0, 0x0, 0x0, 0x9f, 0xf8, 0x0, 0x47, 0x0,
    0x0, 0x7f, 0xf0, 0x0, 0x0, 0x0, 0x0, 0x0,
    0x0, 0x9f, 0xf8, 0x0, 0x7, 0x88, 0x8c, 0xff,
    0x60, 0x0, 0x0, 0x0, 0x0, 0x0, 0x0, 0xaf,
    0xf8, 0x0, 0x4f, 0xff, 0xff, 0xff, 0xc0, 0x0,
    0x0, 0x0, 0x0, 0x0, 0x6, 0xff, 0xf8, 0x0,
    0x4f, 0xff, 0xff, 0xff, 0x60, 0x0, 0x0, 0x0,
    0x0, 0x0, 0x8f, 0xff, 0xf8, 0x0, 0x4f, 0xff,
    0xff, 0xf7, 0x0, 0x0, 0x0, 0x0, 0x0, 0x8,
    0xff, 0xff, 0xf8, 0x0, 0x4f, 0xff, 0xff, 0x70,
    0x0, 0x0, 0x0, 0x0, 0x0, 0x8f, 0xff, 0xff,
    0xf8, 0x0, 0x4f, 0xff, 0xf7, 0x0, 0x0, 0x0,
    0x0, 0x0, 0x8, 0xff, 0xff, 0xff, 0xf8, 0x0,
    0x4f, 0xff, 0x70, 0x0, 0x0, 0x0, 0x0, 0x0,
    0x8f, 0xff, 0xff, 0xff, 0xf8, 0x0, 0x4f, 0xf7,
    0x0, 0x0, 0x0, 0x0, 0x0, 0x8, 0xff, 0xff,
    0xff, 0xff, 0xf8, 0x0, 0x4f, 0x70, 0x0, 0x0,
    0x0, 0x0, 0x0, 0x7f, 0xff, 0xff, 0xff, 0xff,
    0xf8, 0x0, 0x47, 0x0, 0x0, 0x0, 0x0, 0x0,
    0x1, 0xcf, 0xff, 0xff, 0xff, 0xff, 0xf8, 0x0,
    0x0, 0x0, 0x0, 0x0, 0x0, 0x0, 0x1, 0xcf,
    0xff, 0xff, 0xff, 0xff, 0xf8, 0x0, 0x0, 0x0,
    0x0, 0x0, 0x0, 0x0, 0x1, 0xcf, 0xff, 0xff,
    0xff, 0xff, 0xf8, 0x0, 0x0, 0x0, 0x0, 0x0,
    0x0, 0x0, 0x1, 0xcf, 0xff, 0xff, 0xfd, 0x9f,
    0xf8, 0x0, 0x0, 0x0, 0x0, 0x0, 0x0, 0x0,
    0x2, 0xff, 0xff, 0xff, 0x20, 0x9f, 0xf8, 0x0,
    0x0, 0x0, 0x0, 0x0, 0x0, 0x0, 0x1f, 0xff,
    0xff, 0xf1, 0x0, 0x9f, 0xf8, 0x0, 0x0, 0x0,
    0x0, 0x0, 0x0, 0x1, 0xff, 0xff, 0xff, 0x10,
    0x0, 0x9f, 0xf8, 0x0, 0x0, 0x0, 0x0, 0x0,
    0x0, 0x1f, 0xff, 0xff, 0xf1, 0x0, 0x0, 0x9f,
    0xf8, 0x0, 0x0, 0x0, 0x0, 0x0, 0x0, 0x0,
    0x0, 0x0, 0x0, 0x0, 0x0, 0x9f, 0xf6, 0x0,
    0x0, 0x0, 0x0, 0x0, 0x0, 0x0, 0x0, 0x0,
    0x0, 0x0, 0x0, 0x9b, 0x0, 0x0, 0x0, 0x0,
    0x0, 0x0, 0x0, 0x0, 0x0, 0x0, 0x0, 0x0,
    0x0, 0x0,

    /* U+F06B5 "󰚵" */
    0x0, 0x0, 0x5, 0xff, 0xff, 0xff, 0xff, 0xfd,
    0x0, 0x0, 0x0, 0x0, 0x0, 0xbf, 0xff, 0xff,
    0xff, 0xff, 0xf4, 0x0, 0x0, 0x0, 0x0, 0xf,
    0xff, 0xff, 0xff, 0xff, 0xff, 0x90, 0x0, 0x0,
    0x0, 0x5, 0xff, 0xff, 0xff, 0xff, 0xff, 0xfe,
    0x0, 0x0, 0x0, 0x0, 0xbf, 0xff, 0xff, 0xff,
    0xff, 0xff, 0xf4, 0x0, 0x0, 0x0, 0xf, 0xff,
    0xff, 0xff, 0xff, 0xff, 0xff, 0x90, 0x0, 0x0,
    0x5, 0xff, 0xff, 0xff, 0xff, 0xff, 0xff, 0xfe,
    0x0, 0x0, 0x0, 0xbf, 0xff, 0xff, 0xff, 0xff,
    0xff, 0xff, 0xf4, 0x0, 0x0, 0x1f, 0xff, 0xff,
    0xff, 0xff, 0xff, 0xff, 0xff, 0x90, 0x0, 0x6,
    0xff, 0xff, 0xff, 0xff, 0xff, 0xff, 0xff, 0xfe,
    0x0, 0x0, 0xbf, 0xff, 0xff, 0xff, 0xff, 0xff,
    0xff, 0xff, 0xf4, 0x0, 0x1f, 0xff, 0xff, 0xff,
    0xff, 0xff, 0xff, 0xff, 0xff, 0x90, 0x6, 0xff,
    0xff, 0xff, 0xff, 0xff, 0xff, 0xff, 0xff, 0xfe,
    0x0, 0xbf, 0xff, 0xff, 0xff, 0xff, 0xff, 0xff,
    0xff, 0xff, 0xf4, 0x1f, 0xff, 0xff, 0xff, 0xff,
    0xff, 0xff, 0xff, 0xff, 0xff, 0x90, 0x0, 0x0,
    0x0, 0x0, 0x0, 0x0, 0x0, 0x0, 0x0, 0x0,
    0x0, 0x0, 0x0, 0x0, 0x3, 0x88, 0x0, 0x0,
    0x0, 0x0, 0x0, 0x0, 0x0, 0x0, 0x0, 0x7f,
    0xf0, 0x0, 0x0, 0x0, 0x0, 0x0, 0x0, 0x0,
    0x0, 0x7, 0xff, 0x0, 0x0, 0x0, 0x0, 0x0,
    0x0, 0x0, 0x0, 0x0, 0x7f, 0xf0, 0x0, 0x0,
    0x0, 0x0, 0x0, 0x0, 0x0, 0x0, 0x7, 0xff,
    0x0, 0x0, 0x0, 0x0, 0x0, 0x0, 0x0, 0x0,
    0x0, 0x7f, 0xf0, 0x0, 0x0, 0x0, 0x0, 0x0,
    0x2, 0x33, 0x33, 0x39, 0xff, 0x33, 0x33, 0x33,
    0x10, 0x0, 0x0, 0xbf, 0xff, 0xff, 0xff, 0xff,
    0xff, 0xff, 0xf4, 0x0, 0x0, 0xb, 0xff, 0xff,
    0xff, 0xff, 0xff, 0xff, 0xff, 0x40, 0x0, 0x0,
    0x23, 0x33, 0x33, 0x33, 0x33, 0x33, 0x33, 0x31,
    0x0,

    /* U+F06D9 "󰛙" */
    0x0, 0x0, 0x0, 0x1, 0x87, 0x0, 0x0, 0x0,
    0x0, 0x0, 0x0, 0x0, 0x6e, 0xff, 0xd4, 0x0,
    0x0, 0x0, 0x0, 0x0, 0x4d, 0xff, 0xff, 0xff,
    0xb2, 0x0, 0x0, 0x0, 0x2b, 0xff, 0xff, 0xff,
    0xff, 0xff, 0x80, 0x0, 0x19, 0xff, 0xff, 0xff,
    0xff, 0xff, 0xff, 0xfe, 0x60, 0xef, 0xff, 0xff,
    0xff, 0xff, 0xff, 0xff, 0xff, 0xf8, 0xef, 0xff,
    0xff, 0xff, 0xff, 0xff, 0xff, 0xff, 0xf8, 0xef,
    0xdb, 0xbb, 0xbb, 0xbb, 0xbb, 0xbb, 0xbf, 0xf8,
    0xef, 0x80, 0x0, 0x0, 0x0, 0x0, 0x0, 0xe,
    0xf8, 0xef, 0x81, 0xff, 0xff, 0xff, 0xff, 0xfe,
    0xe, 0xf8, 0xef, 0x81, 0xff, 0xff, 0xff, 0xff,
    0xfe, 0xe, 0xf8, 0xef, 0x80, 0x77, 0x77, 0x77,
    0x77, 0x76, 0xe, 0xf8, 0xef, 0x80, 0x88, 0x88,
    0x88, 0x88, 0x87, 0xe, 0xf8, 0xef, 0x81, 0xff,
    0xff, 0xff, 0xff, 0xfe, 0xe, 0xf8, 0xef, 0x81,
    0xff, 0xff, 0xff, 0xff, 0xfe, 0xe, 0xf8, 0xef,
    0x80, 0x0, 0x0, 0x0, 0x0, 0x0, 0xe, 0xf8,
    0xef, 0x80, 0x99, 0x99, 0x99, 0x99, 0x98, 0xe,
    0xf8, 0xef, 0x81, 0xff, 0xff, 0xff, 0xff, 0xfe,
    0xe, 0xf8, 0xef, 0x81, 0xff, 0xff, 0xff, 0xff,
    0xfd, 0xe, 0xf8,

    /* U+F06DA "󰛚" */
    0x0, 0x0, 0x0, 0x1, 0x87, 0x0, 0x0, 0x0,
    0x0, 0x0, 0x0, 0x0, 0x6e, 0xff, 0xd4, 0x0,
    0x0, 0x0, 0x0, 0x0, 0x4d, 0xff, 0xff, 0xff,
    0xb2, 0x0, 0x0, 0x0, 0x2b, 0xff, 0xff, 0xff,
    0xff, 0xff, 0x80, 0x0, 0x19, 0xff, 0xff, 0xff,
    0xff, 0xff, 0xff, 0xfe, 0x60, 0xef, 0xff, 0xff,
    0xff, 0xff, 0xff, 0xff, 0xff, 0xf8, 0xef, 0xff,
    0xff, 0xff, 0xff, 0xff, 0xff, 0xff, 0xf8, 0xef,
    0xdb, 0xbb, 0xbb, 0xbb, 0xbb, 0xbb, 0xbf, 0xf8,
    0xef, 0x80, 0x0, 0x0, 0x0, 0x0, 0x0, 0xe,
    0xf8, 0xef, 0x81, 0xff, 0xff, 0xff, 0xff, 0xfe,
    0xe, 0xf8, 0xef, 0x81, 0xff, 0xff, 0xff, 0xff,
    0xfe, 0xe, 0xf8, 0xef, 0x80, 0x77, 0x77, 0x77,
    0x77, 0x76, 0xe, 0xf8, 0xef, 0x80, 0x0, 0x0,
    0x0, 0x0, 0x0, 0xe, 0xf8, 0xef, 0x80, 0x0,
    0x0, 0x0, 0x0, 0x0, 0xe, 0xf8, 0xef, 0x80,
    0x0, 0x0, 0x0, 0x0, 0x0, 0xe, 0xf8, 0xef,
    0x80, 0x0, 0x0, 0x0, 0x0, 0x0, 0xe, 0xf8,
    0xef, 0x80, 0x0, 0x0, 0x0, 0x0, 0x0, 0xe,
    0xf8, 0xef, 0x80, 0x0, 0x0, 0x0, 0x0, 0x0,
    0xe, 0xf8, 0xef, 0x80, 0x0, 0x0, 0x0, 0x0,
    0x0, 0xe, 0xf8,

    /* U+F0717 "󰜗" */
    0x0, 0x0, 0x0, 0x0, 0x0, 0x70, 0x7, 0x10,
    0x0, 0x0, 0x0, 0x0, 0x0, 0x0, 0x0, 0x0,
    0xc, 0xfa, 0x9f, 0xd1, 0x0, 0x0, 0x0, 0x0,
    0x0, 0x0, 0x0, 0x0, 0x1d, 0xff, 0xff, 0xd1,
    0x0, 0x0, 0x0, 0x0, 0x0, 0x0, 0x0, 0x0,
    0x1, 0xcf, 0xfd, 0x10, 0x0, 0x0, 0x0, 0x0,
    0x0, 0x15, 0x40, 0x0, 0x0, 0x3f, 0xf4, 0x0,
    0x0, 0x4, 0x51, 0x0, 0x0, 0xdf, 0xb0, 0x0,
    0x0, 0x3f, 0xf4, 0x0, 0x0, 0xb, 0xfe, 0x0,
    0x0, 0x9f, 0xf0, 0x0, 0x0, 0x3f, 0xf4, 0x0,
    0x0, 0xf, 0xfa, 0x0, 0x16, 0xcf, 0xf7, 0x0,
    0x4, 0xdf, 0xfd, 0x50, 0x0, 0x8f, 0xfc, 0x62,
    0x6f, 0xff, 0xff, 0xd6, 0xbf, 0xff, 0xff, 0xfb,
    0x6d, 0xff, 0xff, 0xf8, 0x2f, 0xea, 0xdf, 0xff,
    0xff, 0xe6, 0x6e, 0xff, 0xff, 0xfd, 0xae, 0xf3,
    0x2, 0x0, 0x6, 0xef, 0xf9, 0x10, 0x1, 0x9f,
    0xfe, 0x60, 0x0, 0x20, 0x0, 0x0, 0x0, 0x8f,
    0xe0, 0x0, 0x0, 0xd, 0xf9, 0x0, 0x0, 0x0,
    0x0, 0x0, 0x0, 0x8f, 0xe0, 0x0, 0x0, 0xd,
    0xf9, 0x0, 0x0, 0x0, 0x0, 0x0, 0x0, 0x8f,
    0xe0, 0x0, 0x0, 0xd, 0xf9, 0x0, 0x0, 0x0,
    0x0, 0x0, 0x0, 0xaf, 0xf2, 0x0, 0x0, 0x1e,
    0xfb, 0x0, 0x0, 0x0, 0xa, 0x62, 0x5d, 0xff,
    0xff, 0x80, 0x7, 0xff, 0xff, 0xe5, 0x26, 0xa1,
    0x4f, 0xff, 0xff, 0xfe, 0xff, 0xfe, 0xdf, 0xff,
    0xef, 0xff, 0xff, 0xf5, 0x5e, 0xff, 0xfe, 0x60,
    0x3c, 0xff, 0xff, 0xd4, 0x5, 0xef, 0xff, 0xe6,
    0x0, 0x9f, 0xf2, 0x0, 0x0, 0x7f, 0xf8, 0x0,
    0x0, 0x1f, 0xf9, 0x0, 0x0, 0xbf, 0xe0, 0x0,
    0x0, 0x3f, 0xf4, 0x0, 0x0, 0xb, 0xfc, 0x0,
    0x0, 0x8c, 0x90, 0x0, 0x0, 0x3f, 0xf4, 0x0,
    0x0, 0x7, 0xc8, 0x0, 0x0, 0x0, 0x0, 0x0,
    0x0, 0x6f, 0xf7, 0x0, 0x0, 0x0, 0x0, 0x0,
    0x0, 0x0, 0x0, 0x0, 0x6, 0xff, 0xff, 0x60,
    0x0, 0x0, 0x0, 0x0, 0x0, 0x0, 0x0, 0x0,
    0x2f, 0xff, 0xef, 0xf2, 0x0, 0x0, 0x0, 0x0,
    0x0, 0x0, 0x0, 0x0, 0x5, 0xe3, 0x2e, 0x60,
    0x0, 0x0, 0x0, 0x0, 0x0, 0x0, 0x0, 0x0,
    0x0, 0x0, 0x0, 0x0, 0x0, 0x0, 0x0, 0x0,

    /* U+F0769 "󰝩" */
    0x0, 0x0, 0x0, 0x0, 0x0, 0x44, 0x0, 0x0,
    0x0, 0x0, 0x0, 0x0, 0x0, 0x0, 0x0, 0x3,
    0xff, 0x30, 0x0, 0x0, 0x0, 0x0, 0x0, 0x0,
    0x0, 0x0, 0x3, 0xff, 0x30, 0x0, 0x0, 0x0,
    0x0, 0x0, 0x0, 0x0, 0x0, 0x3, 0xff, 0x30,
    0x0, 0x0, 0x0, 0x0, 0x0, 0x0, 0x0, 0x0,
    0x3, 0xff, 0x30, 0x0, 0x0, 0x0, 0x0, 0x0,
    0x0, 0x0, 0x0, 0x3, 0xff, 0x30, 0x0, 0x0,
    0x0, 0x0, 0x0, 0x0, 0x0, 0x0, 0x3, 0xff,
    0x30, 0x0, 0x0, 0x0, 0x0, 0x0, 0x0, 0x3,
    0xff, 0xff, 0xff, 0xff, 0xff, 0x30, 0x0, 0x0,
    0x0, 0x0, 0xb, 0xff, 0xff, 0xff, 0xff, 0xff,
    0xb0, 0x0, 0x0, 0x0, 0x0, 0x3f, 0xff, 0xff,
    0xff, 0xff, 0xff, 0xf3, 0x0, 0x0, 0x0, 0x0,
    0xbf, 0xff, 0xff, 0xff, 0xff, 0xff, 0xfb, 0x0,
    0x0, 0x0, 0x3, 0xff, 0xff, 0xff, 0xff, 0xff,
    0xff, 0xff, 0x30, 0x0, 0x0, 0xb, 0xff, 0xff,
    0xff, 0xff, 0xff, 0xff, 0xff, 0xb0, 0x0, 0x0,
    0x4f, 0xff, 0xff, 0xff, 0xff, 0xff, 0xff, 0xff,
    0xf3, 0x0, 0x0, 0xcf, 0xff, 0xff, 0xff, 0xff,
    0xff, 0xff, 0xff, 0xfc, 0x0, 0x4, 0xff, 0xff,
    0xff, 0xff, 0xff, 0xff, 0xff, 0xff, 0xff, 0x40,
    0xc, 0xff, 0xff, 0xff, 0xff, 0xff, 0xff, 0xff,
    0xff, 0xff, 0xc0, 0x0, 0x0, 0x0, 0x0, 0x0,
    0x0, 0x0, 0x0, 0x0, 0x0, 0x0, 0x0, 0x0,
    0x0, 0x0, 0x49, 0x99, 0x94, 0x0, 0x0, 0x0,
    0x0, 0x0, 0x0, 0x0, 0x0, 0x3f, 0xff, 0xf3,
    0x0, 0x0, 0x0, 0x0, 0x0, 0x0, 0x0, 0x0,
    0x6, 0xdd, 0x60, 0x0, 0x0, 0x0, 0x0,

    /* U+F07D1 "󰟑" */
    0x0, 0x0, 0x0, 0x0, 0x0, 0x0, 0x44, 0x0,
    0x0, 0x0, 0x0, 0x0, 0x0, 0x0, 0x0, 0x0,
    0x0, 0x0, 0x5, 0xff, 0x50, 0x0, 0x0, 0x0,
    0x0, 0x0, 0x0, 0x0, 0x0, 0x0, 0x0, 0x6f,
    0xff, 0xf6, 0x0, 0x0, 0x0, 0x0, 0x0, 0x0,
    0x0, 0x0, 0x0, 0x8, 0xff, 0xff, 0xff, 0x80,
    0x0, 0x0, 0x0, 0x0, 0x0, 0x0, 0x0, 0x0,
    0x9f, 0xff, 0xff, 0xff, 0xf9, 0x0, 0x0, 0x0,
    0x0, 0x0, 0x0, 0x0, 0xb, 0xff, 0xff, 0xff,
    0xff, 0xff, 0xb0, 0x0, 0x0, 0x0, 0x0, 0x0,
    0x1, 0xcf, 0xff, 0xff, 0xff, 0xff, 0xff, 0xfc,
    0x10, 0x0, 0x0, 0x0, 0x0, 0x1d, 0xff, 0xfc,
    0x74, 0x33, 0x47, 0xcf, 0xff, 0xd1, 0x0, 0x0,
    0x0, 0x2, 0xef, 0xfb, 0x30, 0x0, 0x0, 0x0,
    0x3, 0xbf, 0xfe, 0x20, 0x0, 0x0, 0x3e, 0xff,
    0x60, 0x0, 0x59, 0xbb, 0x95, 0x0, 0x6, 0xff,
    0xe3, 0x0, 0x4, 0xff, 0xfd, 0x0, 0x6e, 0xff,
    0xff, 0xff, 0xe6, 0x0, 0xdf, 0xff, 0x40, 0x18,
    0x88, 0xdf, 0xca, 0xff, 0xe8, 0x55, 0x8e, 0xff,
    0xac, 0xfd, 0x88, 0x81, 0x0, 0x0, 0xbf, 0xff,
    0xf9, 0x0, 0x0, 0x0, 0x9f, 0xff, 0xfb, 0x0,
    0x0, 0x0, 0x0, 0xbf, 0xff, 0xc0, 0x0, 0x33,
    0x0, 0xc, 0xff, 0xfb, 0x0, 0x0, 0x0, 0x0,
    0xbf, 0xff, 0xf8, 0x6e, 0xff, 0xe6, 0x8f, 0xff,
    0xfb, 0x0, 0x0, 0x0, 0x0, 0xbf, 0xff, 0xff,
    0xff, 0xff, 0xff, 0xff, 0xff, 0xfb, 0x0, 0x0,
    0x0, 0x0, 0xbf, 0xff, 0xff, 0xf8, 0x0, 0x8f,
    0xff, 0xff, 0xfb, 0x0, 0x0, 0x0, 0x0, 0xbf,
    0xff, 0xff, 0xf0, 0x0, 0xf, 0xff, 0xff, 0xfb,
    0x0, 0x0, 0x0, 0x0, 0xbf, 0xff, 0xff, 0xf1,
    0x0, 0x1f, 0xff, 0xff, 0xfb, 0x0, 0x0, 0x0,
    0x0, 0xbf, 0xff, 0xff, 0xfb, 0x22, 0xbf, 0xff,
    0xff, 0xfb, 0x0, 0x0, 0x0, 0x0, 0xbf, 0xff,
    0xff, 0xff, 0xff, 0xff, 0xff, 0xff, 0xfb, 0x0,
    0x0, 0x0, 0x0, 0x9d, 0xdd, 0xdd, 0xdd, 0xdd,
    0xdd, 0xdd, 0xdd, 0xd9, 0x0, 0x0,

    /* U+F07E4 "󰟤" */
    0x0, 0x47, 0x88, 0x81, 0x1, 0x68, 0x87, 0x30,
    0x0, 0x0, 0x0, 0x0, 0x8f, 0xff, 0xff, 0x21,
    0xef, 0xff, 0xff, 0x60, 0x0, 0x0, 0x0, 0xf,
    0xff, 0xff, 0xf2, 0x7f, 0xff, 0xff, 0xfd, 0x0,
    0x0, 0x0, 0x1, 0xff, 0x60, 0x0, 0x9, 0xfe,
    0x0, 0x9f, 0xe0, 0x0, 0x0, 0x0, 0x1f, 0xf6,
    0x0, 0x0, 0x9f, 0xe0, 0x9, 0xfe, 0x0, 0x0,
    0x0, 0x1, 0xff, 0x60, 0x0, 0x9, 0xfe, 0x0,
    0x9f, 0xe0, 0xdf, 0xff, 0xe3, 0x1f, 0xf6, 0x0,
    0x0, 0x9f, 0xe0, 0x9, 0xfe, 0xb, 0xdd, 0xdf,
    0xb1, 0xff, 0x60, 0x0, 0x9, 0xfe, 0x0, 0x9f,
    0xe0, 0x0, 0x1, 0xfc, 0x1f, 0xf6, 0x0, 0x0,
    0x9f, 0xe0, 0x9, 0xfe, 0x0, 0x2, 0x3f, 0xc1,
    0xff, 0x60, 0x0, 0x9, 0xfe, 0x0, 0x9f, 0xe0,
    0x5f, 0xff, 0xf9, 0xf, 0xf9, 0x44, 0x40, 0x8f,
    0xf4, 0x4b, 0xfe, 0xc, 0xfb, 0xb9, 0x10, 0xbf,
    0xff, 0xff, 0x23, 0xff, 0xff, 0xff, 0x90, 0xdf,
    0x0, 0x0, 0x1, 0x9c, 0xcc, 0xc2, 0x5, 0xbc,
    0xcc, 0x80, 0xd, 0xfd, 0xdd, 0xa0, 0x0, 0x0,
    0x0, 0x0, 0x0, 0x0, 0x0, 0x0, 0xdf, 0xff,
    0xfc, 0x0, 0x0, 0x0, 0x0, 0x0, 0x0, 0x0,
    0x0, 0x0, 0x0, 0x0, 0x0,

    /* U+F081B "󰠛" */
    0x0, 0x0, 0x0, 0x0, 0x0, 0x0, 0x57, 0x88,
    0x88, 0x88, 0x87, 0x60, 0x0, 0x0, 0x0, 0x0,
    0x0, 0x0, 0xb, 0xff, 0xff, 0xff, 0xff, 0xff,
    0xfd, 0x0, 0x0, 0x0, 0x0, 0x0, 0x0, 0x3f,
    0xff, 0xff, 0xff, 0xff, 0xff, 0xff, 0x50, 0x0,
    0x0, 0x0, 0x0, 0x0, 0x4f, 0xf3, 0x0, 0x0,
    0x0, 0x0, 0xff, 0x70, 0x0, 0x0, 0x0, 0x0,
    0x0, 0x4f, 0xf3, 0x0, 0x0, 0x0, 0x0, 0xff,
    0x70, 0x0, 0x0, 0x0, 0x0, 0x0, 0x4f, 0xf3,
    0x0, 0x0, 0x0, 0x0, 0xff, 0x70, 0x0, 0x0,
    0x0, 0x0, 0x0, 0x4f, 0xf3, 0x0, 0x0, 0x0,
    0x0, 0xff, 0x70, 0x0, 0x0, 0x0, 0x0, 0x0,
    0x4f, 0xf3, 0x0, 0x0, 0x0, 0x0, 0xff, 0x70,
    0x0, 0x0, 0x0, 0x0, 0x0, 0x4f, 0xf3, 0x0,
    0x0, 0x0, 0x0, 0xff, 0x70, 0x0, 0x0, 0x0,
    0x0, 0x0, 0x4f, 0xf3, 0x0, 0x0, 0x0, 0x0,
    0xff, 0x70, 0x0, 0x0, 0x0, 0x0, 0x0, 0x4f,
    0xf3, 0x0, 0x0, 0x67, 0x50, 0xff, 0x70, 0x0,
    0x0, 0x0, 0x0, 0x0, 0x4f, 0xf3, 0x0, 0x0,
    0xcf, 0xb0, 0xff, 0x70, 0x0, 0x0, 0x0, 0x0,
    0x0, 0x4f, 0xf3, 0x0, 0x0, 0xcf, 0xb0, 0xff,
    0x70, 0x0, 0x0, 0x0, 0x0, 0x0, 0x4f, 0xf3,
    0x0, 0x0, 0x0, 0x0, 0xff, 0x70, 0x0, 0x0,
    0x0, 0x0, 0x0, 0x4f, 0xf3, 0x0, 0x0, 0x0,
    0x0, 0xff, 0x70, 0x0, 0x0, 0x0, 0x0, 0x0,
    0x4f, 0xf3, 0x0, 0x0, 0x0, 0x0, 0xff, 0x70,
    0x0, 0x0, 0x0, 0x0, 0x0, 0x4f, 0xf3, 0x0,
    0x0, 0x0, 0x0, 0xff, 0x70, 0x0, 0x0, 0x0,
    0x0, 0x0, 0x4f, 0xf3, 0x0, 0x0, 0x0, 0x0,
    0xff, 0x70, 0x0, 0x0, 0x0, 0x0, 0x0, 0x4f,
    0xf3, 0x0, 0x0, 0x0, 0x0, 0xff, 0x70, 0x0,
    0x0, 0x0, 0x0, 0x0, 0x4f, 0xf3, 0x0, 0x0,
    0x0, 0x0, 0xff, 0x70, 0x28, 0x88, 0x88, 0x88,
    0x88, 0xaf, 0xf9, 0x88, 0x88, 0x88, 0x88, 0xff,
    0xb5, 0x4f, 0xff, 0xff, 0xff, 0xff, 0xff, 0xff,
    0xff, 0xff, 0xff, 0xff, 0xff, 0xfb, 0x4f, 0xff,
    0xff, 0xff, 0xff, 0xff, 0xff, 0xff, 0xff, 0xff,
    0xff, 0xff, 0xfb,

    /* U+F081C "󰠜" */
    0x0, 0x0, 0x0, 0x0, 0x0, 0x0, 0x67, 0x77,
    0x77, 0x77, 0x77, 0x60, 0x0, 0x0, 0x0, 0x0,
    0x0, 0x0, 0x1d, 0xff, 0xff, 0xff, 0xff, 0xff,
    0xfd, 0x0, 0x0, 0x0, 0x0, 0x0, 0x0, 0x6f,
    0xff, 0xff, 0xff, 0xff, 0xff, 0xff, 0x50, 0x0,
    0xff, 0xff, 0xff, 0xff, 0xff, 0xf0, 0x0, 0x0,
    0x0, 0x1, 0xff, 0x70, 0x0, 0xff, 0xff, 0xff,
    0xff, 0xff, 0xf0, 0x0, 0x0, 0x0, 0x1, 0xff,
    0x70, 0x0, 0xff, 0xff, 0xff, 0xff, 0xff, 0xf0,
    0x0, 0x0, 0x0, 0x1, 0xff, 0x70, 0x0, 0xff,
    0xff, 0xff, 0xff, 0xff, 0xf0, 0x0, 0x0, 0x0,
    0x1, 0xff, 0x70, 0x0, 0xff, 0xff, 0xff, 0xff,
    0xff, 0xf0, 0x0, 0x0, 0x0, 0x1, 0xff, 0x70,
    0x0, 0xff, 0xff, 0xff, 0xff, 0xff, 0xf0, 0x0,
    0x0, 0x0, 0x1, 0xff, 0x70, 0x0, 0xff, 0xff,
    0xff, 0xff, 0xff, 0xf0, 0x0, 0x0, 0x0, 0x1,
    0xff, 0x70, 0x0, 0xff, 0xb8, 0x9f, 0xff, 0xff,
    0xf0, 0x0, 0x0, 0x0, 0x1, 0xff, 0x70, 0x0,
    0xff, 0x60, 0x2f, 0xff, 0xff, 0xf0, 0x0, 0x0,
    0x0, 0x1, 0xff, 0x70, 0x0, 0xff, 0x60, 0x3f,
    0xff, 0xff, 0xf0, 0x0, 0x0, 0x0, 0x1, 0xff,
    0x70, 0x0, 0xff, 0xff, 0xff, 0xff, 0xff, 0xf0,
    0x0, 0x0, 0x0, 0x1, 0xff, 0x70, 0x0, 0xff,
    0xff, 0xff, 0xff, 0xff, 0xf0, 0x0, 0x0, 0x0,
    0x1, 0xff, 0x70, 0x0, 0xff, 0xff, 0xff, 0xff,
    0xff, 0xf0, 0x0, 0x0, 0x0, 0x1, 0xff, 0x70,
    0x0, 0xff, 0xff, 0xff, 0xff, 0xff, 0xf0, 0x0,
    0x0, 0x0, 0x1, 0xff, 0x70, 0x0, 0xff, 0xff,
    0xff, 0xff, 0xff, 0xf0, 0x0, 0x0, 0x0, 0x1,
    0xff, 0x70, 0x0, 0xff, 0xff, 0xff, 0xff, 0xff,
    0xf0, 0x0, 0x0, 0x0, 0x1, 0xff, 0x70, 0x0,
    0xff, 0xff, 0xff, 0xff, 0xff, 0xf0, 0x0, 0x0,
    0x0, 0x1, 0xff, 0x70, 0x28, 0xff, 0xff, 0xff,
    0xff, 0xff, 0xf8, 0x88, 0x88, 0x88, 0x88, 0xff,
    0xb5, 0x4f, 0xff, 0xff, 0xff, 0xff, 0xff, 0xff,
    0xff, 0xff, 0xff, 0xff, 0xff, 0xfb, 0x4f, 0xff,
    0xff, 0xff, 0xff, 0xff, 0xff, 0xff, 0xff, 0xff,
    0xff, 0xff, 0xfb,

    /* U+F081D "󰠝" */
    0x0, 0x0, 0x0, 0x0, 0x0, 0x3, 0xac, 0xca,
    0x50, 0x0, 0x0, 0x0, 0x0, 0x0, 0x0, 0x0,
    0x0, 0x0, 0x4f, 0xff, 0xff, 0xfb, 0x0, 0x0,
    0x0, 0x0, 0x0, 0x20, 0x0, 0x0, 0x0, 0xef,
    0xff, 0xff, 0xff, 0x50, 0x0, 0x0, 0x0, 0x8,
    0xf3, 0x0, 0x0, 0x4, 0xff, 0xff, 0xff, 0xff,
    0x70, 0x0, 0x0, 0x0, 0x1d, 0xff, 0x30, 0x0,
    0x6, 0xff, 0xff, 0xff, 0xff, 0x30, 0x0, 0x0,
    0x0, 0x2, 0xef, 0xf3, 0x0, 0x6, 0xff, 0xff,
    0xff, 0xf7, 0x0, 0x0, 0x0, 0x0, 0x0, 0x2e,
    0xff, 0x30, 0x4, 0xff, 0xff, 0xfe, 0x30, 0x0,
    0x0, 0x0, 0x0, 0x0, 0x4c, 0xff, 0xf3, 0x0,
    0xaf, 0xff, 0xf3, 0x0, 0x0, 0x0, 0x0, 0x0,
    0x5, 0xff, 0xff, 0xff, 0x30, 0xa, 0xff, 0xd0,
    0x0, 0x0, 0x0, 0x0, 0x0, 0xd, 0xff, 0xff,
    0xff, 0xf3, 0x0, 0xaf, 0xe4, 0x4, 0xad, 0xff,
    0xd7, 0x0, 0x2f, 0xff, 0xff, 0xff, 0xff, 0x30,
    0xa, 0xff, 0xdf, 0xff, 0xff, 0xff, 0xc0, 0x3f,
    0xff, 0xff, 0xff, 0xff, 0xf3, 0x0, 0xaf, 0xff,
    0xff, 0xff, 0xff, 0xf6, 0x3f, 0xff, 0xff, 0xff,
    0xff, 0xff, 0x30, 0xa, 0xff, 0xff, 0xff, 0xff,
    0xfa, 0xf, 0xff, 0xff, 0xff, 0xff, 0xff, 0xf3,
    0x0, 0xaf, 0xff, 0xff, 0xff, 0xfb, 0x8, 0xff,
    0xff, 0xff, 0xff, 0xff, 0xff, 0x30, 0x4, 0xbf,
    0xff, 0xff, 0xfa, 0x0, 0x8f, 0xff, 0xff, 0xc5,
    0x4e, 0xff, 0xf3, 0x0, 0x9, 0xff, 0xff, 0xf7,
    0x0, 0x0, 0x35, 0x41, 0x0, 0x4, 0xff, 0xff,
    0x30, 0x0, 0xdf, 0xff, 0xe1, 0x0, 0x0, 0x0,
    0x0, 0x0, 0xa, 0xff, 0xff, 0xf3, 0x0, 0x1a,
    0xec, 0x30, 0x0, 0x0, 0x0, 0x0, 0x0, 0x4f,
    0xff, 0xff, 0xff, 0x30, 0x0, 0x0, 0x0, 0x0,
    0x0, 0x0, 0x0, 0x8, 0xff, 0xff, 0xff, 0xff,
    0xf3, 0x0, 0x0, 0x0, 0x0, 0x0, 0x0, 0x0,
    0x9f, 0xff, 0xff, 0xff, 0xed, 0xff, 0x30, 0x0,
    0x0, 0x0, 0x0, 0x0, 0x0, 0xff, 0xff, 0xff,
    0xff, 0xc1, 0xdf, 0xf3, 0x0, 0x0, 0x0, 0x0,
    0x0, 0x0, 0xff, 0xff, 0xff, 0xff, 0x80, 0x1d,
    0xff, 0x30, 0x0, 0x0, 0x0, 0x0, 0x0, 0x9f,
    0xff, 0xff, 0xfe, 0x10, 0x1, 0xdf, 0xe0, 0x0,
    0x0, 0x0, 0x0, 0x0, 0x7, 0xdf, 0xff, 0xc2,
    0x0, 0x0, 0x1d, 0x50, 0x0, 0x0, 0x0, 0x0,
    0x0, 0x0, 0x0, 0x10, 0x0, 0x0, 0x0, 0x0,
    0x0, 0x0,

    /* U+F0A60 "󰩠" */
    0x0, 0x0, 0x1, 0x68, 0x88, 0x88, 0x88, 0x88,
    0x88, 0x87, 0x20, 0x0, 0x0, 0x0, 0x0, 0x1e,
    0xff, 0xff, 0xff, 0xff, 0xff, 0xff, 0xff, 0xf3,
    0x0, 0x0, 0x0, 0x0, 0x7f, 0xff, 0xff, 0xff,
    0xff, 0xff, 0xff, 0xff, 0xfa, 0x0, 0x0, 0x0,
    0x0, 0x9f, 0xe0, 0xa, 0xfd, 0x0, 0x0, 0x2,
    0xbf, 0xfb, 0x0, 0x0, 0x0, 0x0, 0x9f, 0xe0,
    0xa, 0xfd, 0x0, 0x0, 0x0, 0xe, 0xfb, 0x0,
    0x0, 0x0, 0x0, 0x9f, 0xe0, 0xa, 0xfd, 0x0,
    0x58, 0x60, 0xc, 0xfb, 0x0, 0x0, 0x0, 0x0,
    0x9f, 0xe0, 0xa, 0xfd, 0x0, 0xbf, 0xc0, 0xb,
    0xfb, 0x0, 0x0, 0x0, 0x0, 0x9f, 0xe0, 0xa,
    0xfd, 0x0, 0xbf, 0xc0, 0xb, 0xfb, 0x0, 0x0,
    0x0, 0x0, 0x9f, 0xe0, 0xa, 0xfd, 0x0, 0x0,
    0x0, 0xd, 0xfb, 0x0, 0x0, 0x0, 0x0, 0x9f,
    0xe0, 0xa, 0xfd, 0x0, 0x0, 0x0, 0x4f, 0xfb,
    0x0, 0x0, 0x0, 0x0, 0x9f, 0xe0, 0xa, 0xfd,
    0x0, 0x57, 0x7a, 0xff, 0xfb, 0x0, 0x0, 0x0,
    0x0, 0x9f, 0xe0, 0xa, 0xfd, 0x0, 0xbf, 0xff,
    0xff, 0xfb, 0x0, 0x0, 0x0, 0x0, 0x9f, 0xe0,
    0xa, 0xfd, 0x0, 0xbf, 0xff, 0xff, 0xfb, 0x0,
    0x0, 0x0, 0x0, 0x9f, 0xe0, 0xa, 0xfd, 0x0,
    0xbf, 0xff, 0xff, 0xfb, 0x0, 0x0, 0x0, 0x0,
    0x9f, 0xe0, 0xa, 0xfd, 0x0, 0xbf, 0xff, 0xff,
    0xfb, 0x0, 0x0, 0x0, 0x0, 0x8f, 0xf8, 0x8d,
    0xfe, 0x88, 0xdf, 0xff, 0xff, 0xfb, 0x0, 0x0,
    0x0, 0x0, 0x4f, 0xff, 0xff, 0xff, 0xff, 0xff,
    0xff, 0xff, 0xf7, 0x0, 0x0, 0x0, 0x0, 0x8,
    0xff, 0xff, 0xff, 0xff, 0xff, 0xff, 0xff, 0x90,
    0x0, 0x0, 0x0, 0x0, 0x0, 0x0, 0x0, 0x2,
    0xff, 0x40, 0x0, 0x0, 0x0, 0x0, 0x0, 0x0,
    0x0, 0x0, 0x0, 0x0, 0x2, 0xff, 0x40, 0x0,
    0x0, 0x0, 0x0, 0x0, 0x0, 0x0, 0x0, 0x0,
    0x1, 0x79, 0xff, 0xa7, 0x20, 0x0, 0x0, 0x0,
    0x0, 0x3, 0x33, 0x33, 0x33, 0x3a, 0xff, 0xff,
    0xff, 0xc3, 0x33, 0x33, 0x33, 0x32, 0x4f, 0xff,
    0xff, 0xff, 0xff, 0xff, 0xff, 0xff, 0xff, 0xff,
    0xff, 0xff, 0xfb, 0x4f, 0xff, 0xff, 0xff, 0xff,
    0xff, 0xff, 0xff, 0xff, 0xff, 0xff, 0xff, 0xfb,
    0x3, 0x33, 0x33, 0x33, 0x3a, 0xff, 0xff, 0xff,
    0xc3, 0x33, 0x33, 0x33, 0x32, 0x0, 0x0, 0x0,
    0x0, 0x1, 0x78, 0x88, 0x87, 0x20, 0x0, 0x0,
    0x0, 0x0,

    /* U+F0BC2 "󰯂" */
    0x0, 0x0, 0x0, 0x37, 0x88, 0x88, 0x88, 0x88,
    0x88, 0x88, 0x88, 0x61, 0x0, 0x0, 0x0, 0x9,
    0xff, 0xff, 0xff, 0xff, 0xff, 0xff, 0xff, 0xff,
    0xff, 0x50, 0x0, 0x0, 0x5f, 0xff, 0xff, 0xff,
    0xff, 0xff, 0xff, 0xff, 0xff, 0xff, 0xf1, 0x0,
    0x0, 0xaf, 0xff, 0xff, 0xff, 0xff, 0xff, 0xff,
    0xff, 0xc0, 0x4f, 0xf6, 0x0, 0x0, 0xbf, 0xff,
    0xff, 0xff, 0xff, 0xff, 0xff, 0xff, 0x80, 0xf,
    0xf7, 0x0, 0x0, 0xbf, 0xff, 0x77, 0x77, 0x77,
    0x77, 0x9f, 0xff, 0x80, 0x7, 0x73, 0x0, 0x0,
    0xbf, 0xff, 0x0, 0x0, 0x0, 0x0, 0x4f, 0xff,
    0x80, 0x0, 0x0, 0x0, 0x0, 0xbf, 0xff, 0x33,
    0x33, 0x33, 0x33, 0x6f, 0xff, 0x80, 0x0, 0x0,
    0x0, 0x0, 0xbf, 0xff, 0xff, 0xff, 0xff, 0xff,
    0xff, 0xff, 0x80, 0x0, 0x0, 0x0, 0x0, 0xbf,
    0xff, 0xff, 0xff, 0xff, 0xff, 0xff, 0xff, 0x80,
    0x0, 0x0, 0x0, 0x0, 0xbf, 0xff, 0x33, 0x33,
    0x33, 0x39, 0xff, 0xff, 0x80, 0x0, 0x0, 0x0,
    0x0, 0xbf, 0xff, 0x0, 0x0, 0x0, 0x7, 0xff,
    0xff, 0x80, 0x0, 0x0, 0x0, 0x0, 0xbf, 0xff,
    0x0, 0x0, 0x0, 0x8, 0xff, 0xff, 0x80, 0x0,
    0x0, 0x0, 0x0, 0xbf, 0xff, 0xff, 0xff, 0xff,
    0xff, 0xff, 0xff, 0x80, 0x0, 0x0, 0x0, 0x0,
    0xbf, 0xff, 0xff, 0xff, 0xff, 0xff, 0xff, 0xff,
    0x80, 0x0, 0x0, 0x0, 0x0, 0xbf, 0xff, 0xff,
    0xff, 0xff, 0xff, 0xff, 0xff, 0x80, 0x0, 0x0,
    0x0, 0x0, 0xbf, 0xff, 0xff, 0xff, 0xff, 0xff,
    0xff, 0xff, 0x80, 0x0, 0x0, 0x0, 0x0, 0xbf,
    0xff, 0xff, 0xff, 0xff, 0xff, 0xff, 0xff, 0x80,
    0x0, 0x0, 0x0, 0x0, 0x0, 0x0, 0x0, 0x0,
    0x0, 0x0, 0x0, 0xff, 0x80, 0x0, 0x0, 0x0,
    0x0, 0x0, 0x0, 0x0, 0x0, 0x0, 0x0, 0x0,
    0xff, 0x80, 0x0, 0x0, 0x7f, 0xff, 0xff, 0xff,
    0xff, 0xff, 0xff, 0xfe, 0x0, 0x37, 0x30, 0x0,
    0x0, 0x7f, 0xff, 0xff, 0xff, 0xff, 0xff, 0xff,
    0xff, 0xa0, 0x0, 0x0, 0x0, 0x0, 0x4f, 0xff,
    0xff, 0xff, 0xff, 0xff, 0xff, 0xff, 0xfe, 0x86,
    0x10, 0x0, 0x0, 0xc, 0xff, 0xff, 0xff, 0xff,
    0xff, 0xff, 0xff, 0xff, 0xfb, 0x0, 0x0, 0x0,
    0x1, 0xaf, 0xff, 0xff, 0xff, 0xff, 0xff, 0xff,
    0xfe, 0x90, 0x0, 0x0, 0x0, 0x0, 0x0, 0x0,
    0x0, 0x0, 0x0, 0x0, 0x0, 0x0, 0x0, 0x0,
    0x0, 0x0,

    /* U+F0D43 "󰵃" */
    0x0, 0x0, 0x3, 0x78, 0x88, 0x88, 0x88, 0x88,
    0x88, 0x86, 0x10, 0x0, 0x0, 0x0, 0x0, 0x6f,
    0xff, 0xff, 0xff, 0xff, 0xff, 0xff, 0xff, 0xe1,
    0x0, 0x0, 0x0, 0x0, 0xdf, 0xff, 0xff, 0xff,
    0xff, 0xff, 0xff, 0xff, 0xf7, 0x0, 0x0, 0x0,
    0x0, 0xef, 0x80, 0x0, 0x0, 0x0, 0x0, 0x0,
    0xe, 0xf8, 0x0, 0x0, 0x0, 0x0, 0xef, 0x80,
    0x0, 0x0, 0x0, 0x0, 0x0, 0xe, 0xf8, 0x0,
    0x0, 0x29, 0x98, 0xff, 0x80, 0x0, 0x0, 0x0,
    0x0, 0x37, 0x9f, 0xfb, 0x40, 0x0, 0x9f, 0xff,
    0xff, 0x80, 0x0, 0x0, 0x0, 0x7e, 0xff, 0xff,
    0xff, 0xfe, 0x60, 0x4d, 0xef, 0xff, 0x80, 0x2,
    0x24, 0x8e, 0xff, 0xff, 0xee, 0xff, 0xff, 0xf3,
    0x0, 0x1, 0xef, 0x80, 0xf, 0xff, 0xff, 0xfc,
    0x50, 0x0, 0x2, 0x6d, 0xe1, 0x0, 0x0, 0xef,
    0x80, 0xf, 0xff, 0xd9, 0x30, 0x0, 0x0, 0x0,
    0x0, 0x0, 0x4d, 0xca, 0xff, 0x80, 0x1, 0x10,
    0x0, 0x1, 0x7b, 0xcd, 0xba, 0x61, 0x0, 0xaf,
    0xff, 0xff, 0x80, 0x0, 0x0, 0x2, 0xaf, 0xff,
    0xff, 0xff, 0xff, 0x80, 0x2a, 0xbe, 0xff, 0x80,
    0x5, 0x57, 0xcf, 0xff, 0xfe, 0xbb, 0xcf, 0xff,
    0xf3, 0x0, 0x0, 0xef, 0x80, 0xe, 0xff, 0xff,
    0xfc, 0x40, 0x0, 0x0, 0x4c, 0xd1, 0x0, 0x0,
    0xef, 0x80, 0xe, 0xff, 0xfb, 0x40, 0x0, 0x0,
    0x0, 0x0, 0x0, 0x29, 0x97, 0xff, 0x80, 0x5,
    0x54, 0x0, 0x0, 0x37, 0x99, 0x86, 0x20, 0x0,
    0x9f, 0xff, 0xff, 0x80, 0x0, 0x0, 0x0, 0x7e,
    0xff, 0xff, 0xff, 0xfd, 0x50, 0x4d, 0xef, 0xff,
    0x80, 0x2, 0x24, 0x8e, 0xff, 0xff, 0xcc, 0xdf,
    0xff, 0xf3, 0x0, 0x0, 0xef, 0x80, 0xe, 0xff,
    0xff, 0xfb, 0x40, 0x0, 0x0, 0x5c, 0xe1, 0x0,
    0x0, 0xef, 0x80, 0xe, 0xff, 0xfa, 0x30, 0x0,
    0x0, 0x0, 0x0, 0x0, 0x0, 0x0, 0xef, 0x80,
    0x3, 0x32, 0x0, 0x0, 0x0, 0xa, 0xa4, 0x0,
    0x0, 0x0, 0x0, 0xef, 0x80, 0x0, 0x0, 0x0,
    0x0, 0x0, 0xe, 0xf8, 0x0, 0x0, 0x0, 0x0,
    0xef, 0xa3, 0x33, 0x33, 0x33, 0x33, 0x33, 0x3f,
    0xf8, 0x0, 0x0, 0x0, 0x0, 0xcf, 0xff, 0xff,
    0xff, 0xff, 0xff, 0xff, 0xff, 0xf6, 0x0, 0x0,
    0x0, 0x0, 0x3e, 0xff, 0xff, 0xff, 0xff, 0xff,
    0xff, 0xff, 0xb0, 0x0, 0x0, 0x0, 0x0, 0x0,
    0x33, 0x33, 0x33, 0x33, 0x33, 0x33, 0x32, 0x0,
    0x0, 0x0,

    /* U+F0D91 "󰶑" */
    0x0, 0x0, 0x0, 0x0, 0x0, 0x0, 0x0, 0x0,
    0x0, 0x0, 0x0, 0x0, 0x0, 0x0, 0x0, 0x0,
    0x0, 0x0, 0x7f, 0xe4, 0x0, 0x0, 0x0, 0x0,
    0x0, 0x0, 0x0, 0x0, 0x0, 0x0, 0x0, 0x2f,
    0xff, 0xf0, 0x0, 0x3, 0xf8, 0xd, 0xd0, 0x7f,
    0xe0, 0x0, 0x0, 0x0, 0x4, 0xff, 0xff, 0x10,
    0x0, 0x1f, 0xa0, 0xaf, 0x11, 0xee, 0x0, 0x0,
    0x0, 0x0, 0xe, 0xff, 0xb0, 0x0, 0x0, 0xee,
    0x4, 0xfa, 0x1, 0x60, 0x0, 0x0, 0x0, 0x12,
    0x16, 0x50, 0x0, 0x0, 0x8, 0xf5, 0xa, 0xfa,
    0x10, 0x0, 0x0, 0x27, 0xcf, 0xfa, 0x0, 0x0,
    0x0, 0x0, 0x1f, 0xe1, 0xa, 0xff, 0xd0, 0x38,
    0xdf, 0xff, 0xff, 0xf7, 0x0, 0x0, 0x0, 0x0,
    0x5f, 0xc1, 0x4, 0xab, 0x4f, 0xff, 0xff, 0xff,
    0xff, 0xf1, 0x0, 0x0, 0x0, 0x0, 0x8f, 0xe6,
    0x0, 0x4, 0xff, 0xb6, 0x9f, 0xff, 0xff, 0xb0,
    0x0, 0x0, 0x0, 0x0, 0x5f, 0xfe, 0xb8, 0x4f,
    0xe0, 0xb, 0xff, 0xff, 0xff, 0x50, 0x0, 0x0,
    0x0, 0x0, 0x18, 0xdf, 0xe4, 0xfe, 0x0, 0xff,
    0xff, 0xae, 0xff, 0xff, 0xfe, 0x0, 0x0, 0x0,
    0x0, 0x2, 0x4f, 0xe0, 0x3f, 0xff, 0xf4, 0x6f,
    0xff, 0xff, 0xe0, 0x0, 0x0, 0x0, 0x0, 0x4,
    0xfe, 0x7, 0xff, 0xff, 0x0, 0x33, 0x33, 0x33,
    0x0, 0x0, 0x0, 0x0, 0x0, 0x28, 0x70, 0xcf,
    0xff, 0xd0, 0x0, 0x0, 0x0, 0x0, 0x0, 0x0,
    0x0, 0x0, 0x0, 0x0, 0xf, 0xff, 0xff, 0x40,
    0x0, 0x0, 0x0, 0x0, 0x0, 0x0, 0x0, 0x0,
    0x0, 0x4, 0xff, 0xff, 0xfc, 0x0, 0x0, 0x0,
    0x0, 0x0, 0x0, 0x0, 0x0, 0x0, 0x0, 0x8f,
    0xff, 0xff, 0xf5, 0x0, 0x0, 0x0, 0x0, 0x0,
    0x0, 0x0, 0x0, 0x0, 0xc, 0xff, 0x9e, 0xff,
    0xe0, 0x0, 0x0, 0x0, 0x0, 0x0, 0x0, 0x0,
    0x0, 0x0, 0xff, 0xf2, 0x4f, 0xff, 0x70, 0x0,
    0x0, 0x0, 0x0, 0x0, 0x0, 0x0, 0x0, 0x4f,
    0xfc, 0x0, 0x8f, 0xfd, 0x0, 0x0, 0x0, 0x0,
    0x0, 0x0, 0x0, 0x0, 0x9, 0xff, 0x60, 0x0,
    0xbf, 0xd0, 0x0, 0x0, 0x0, 0x0, 0x0, 0x0,
    0x0, 0x0, 0xdf, 0xf0, 0x0, 0x5, 0xfd, 0x0,
    0x0, 0x0, 0x0, 0x0, 0x0, 0x0, 0x0, 0x1f,
    0xfa, 0x0, 0x0, 0x5f, 0xd0, 0x0, 0x0, 0x0,
    0x0, 0x0, 0x0, 0x0, 0x5, 0xff, 0x40, 0x0,
    0x5, 0xfd, 0x0, 0x0, 0x0, 0x0, 0x0, 0x0,
    0x0, 0x0, 0x9f, 0xe0, 0x0, 0x0, 0x5f, 0xd0,
    0x0, 0x0, 0x0, 0x0, 0x0, 0x0, 0x0, 0xd,
    0xf8, 0x0, 0x0, 0x5, 0xfd, 0x0, 0x0, 0x0,
    0x0, 0x0, 0x0, 0x0, 0x1, 0xff, 0x30, 0x0,
    0x0, 0x5f, 0xd0, 0x0, 0x0, 0x0, 0x0, 0x0,
    0x0, 0x0, 0x13, 0x30, 0x0, 0x0, 0x1, 0x33,
    0x0, 0x0, 0x0, 0x0, 0x0, 0x0, 0x0, 0x0,

    /* U+F0ECC "󰻌" */
    0x0, 0x0, 0x0, 0x0, 0x0, 0x0, 0x0, 0x0,
    0x0, 0x0, 0x0, 0x0, 0x0, 0x0, 0x0, 0x0,
    0x0, 0x5c, 0xc5, 0x0, 0x0, 0x0, 0x0, 0x0,
    0x0, 0x0, 0x0, 0x0, 0x6d, 0xff, 0xff, 0xe7,
    0x0, 0x0, 0x0, 0x0, 0x0, 0x0, 0x1, 0x8e,
    0xff, 0xff, 0xff, 0xff, 0xf8, 0x10, 0x0, 0x0,
    0x0, 0x2, 0x9f, 0xff, 0xff, 0xff, 0xff, 0xff,
    0xff, 0xfa, 0x30, 0x0, 0x3, 0xbf, 0xff, 0xff,
    0xff, 0xff, 0xff, 0xff, 0xff, 0xff, 0xfb, 0x40,
    0x1f, 0xff, 0xff, 0xff, 0xff, 0xff, 0xff, 0xff,
    0xff, 0xff, 0xff, 0xf2, 0x1f, 0xff, 0xff, 0xff,
    0xff, 0xff, 0xff, 0xff, 0xff, 0xff, 0xff, 0xf2,
    0x1f, 0xff, 0xff, 0xff, 0xff, 0xf7, 0x7e, 0xff,
    0xff, 0xff, 0xff, 0xf2, 0x1f, 0xff, 0xff, 0xff,
    0xff, 0xe0, 0xd, 0xff, 0xff, 0xff, 0xff, 0xf2,
    0x1f, 0xff, 0xff, 0xff, 0xff, 0xe0, 0xd, 0xff,
    0xff, 0xff, 0xff, 0xf2, 0x1f, 0xff, 0xff, 0xff,
    0xff, 0xe0, 0xd, 0xff, 0xff, 0xff, 0xff, 0xf2,
    0x1f, 0xff, 0xff, 0xff, 0xff, 0xe0, 0xd, 0xff,
    0xff, 0xff, 0xff, 0xf2, 0x1f, 0xff, 0xff, 0xff,
    0xff, 0xe0, 0xd, 0xff, 0xff, 0xff, 0xff, 0xf2,
    0xf, 0xff, 0xff, 0xff, 0xff, 0xe0, 0xd, 0xff,
    0xff, 0xff, 0xff, 0xf2, 0xf, 0xff, 0xff, 0xff,
    0xff, 0xe0, 0xd, 0xff, 0xff, 0xff, 0xff, 0xf0,
    0xc, 0xff, 0xff, 0xff, 0xff, 0xff, 0xff, 0xff,
    0xff, 0xff, 0xff, 0xe0, 0x8, 0xff, 0xff, 0xff,
    0xff, 0xff, 0xff, 0xff, 0xff, 0xff, 0xff, 0xa0,
    0x4, 0xff, 0xff, 0xff, 0xff, 0xf7, 0x7e, 0xff,
    0xff, 0xff, 0xff, 0x50, 0x0, 0xdf, 0xff, 0xff,
    0xff, 0xe0, 0xd, 0xff, 0xff, 0xff, 0xfe, 0x0,
    0x0, 0x6f, 0xff, 0xff, 0xff, 0xe0, 0xd, 0xff,
    0xff, 0xff, 0xf8, 0x0, 0x0, 0xd, 0xff, 0xff,
    0xff, 0xff, 0xff, 0xff, 0xff, 0xff, 0xe1, 0x0,
    0x0, 0x4, 0xff, 0xff, 0xff, 0xff, 0xff, 0xff,
    0xff, 0xff, 0x50, 0x0, 0x0, 0x0, 0x8f, 0xff,
    0xff, 0xff, 0xff, 0xff, 0xff, 0xf9, 0x0, 0x0,
    0x0, 0x0, 0xa, 0xff, 0xff, 0xff, 0xff, 0xff,
    0xff, 0xb0, 0x0, 0x0, 0x0, 0x0, 0x0, 0x9f,
    0xff, 0xff, 0xff, 0xff, 0xfa, 0x0, 0x0, 0x0,
    0x0, 0x0, 0x0, 0x5, 0xef, 0xff, 0xff, 0xff,
    0x60, 0x0, 0x0, 0x0, 0x0, 0x0, 0x0, 0x0,
    0x18, 0xff, 0xff, 0x91, 0x0, 0x0, 0x0, 0x0,
    0x0, 0x0, 0x0, 0x0, 0x0, 0x5, 0x51, 0x0,
    0x0, 0x0, 0x0, 0x0,

    /* U+F0FC6 "󰿆" */
    0x0, 0x0, 0x0, 0x0, 0x0, 0x0, 0x0, 0x0,
    0x0, 0x0, 0x0, 0x0, 0x0, 0x0, 0x0, 0x0,
    0x0, 0x0, 0x0, 0x0, 0x0, 0x0, 0x3a, 0xef,
    0xea, 0x40, 0x0, 0x0, 0x0, 0x0, 0x0, 0x0,
    0x0, 0x0, 0x0, 0x7f, 0xff, 0xff, 0xff, 0x90,
    0x0, 0x0, 0x0, 0x0, 0x0, 0x0, 0x0, 0x0,
    0x6f, 0xff, 0xa8, 0xae, 0xff, 0x90, 0x0, 0x0,
    0x0, 0x0, 0x0, 0x0, 0x0, 0x1f, 0xfd, 0x20,
    0x0, 0x1c, 0xff, 0x30, 0x0, 0x0, 0x0, 0x0,
    0x0, 0x0, 0x7, 0xff, 0x30, 0x0, 0x0, 0x1f,
    0xfa, 0x0, 0x0, 0x0, 0x0, 0x0, 0x0, 0x0,
    0xaf, 0xd0, 0x0, 0x0, 0x0, 0xbf, 0xd0, 0x0,
    0x0, 0x0, 0x0, 0x0, 0x0, 0xc, 0xfc, 0x0,
    0x0, 0x0, 0x9, 0xfe, 0x0, 0x0, 0x0, 0x0,
    0x0, 0x0, 0x0, 0xcf, 0xb0, 0x0, 0x0, 0x0,
    0x9f, 0xe0, 0x2, 0x33, 0x33, 0x33, 0x33, 0x33,
    0x3d, 0xfc, 0x32, 0x0, 0x0, 0x7, 0xcb, 0xa,
    0xff, 0xff, 0xff, 0xff, 0xff, 0xff, 0xff, 0xff,
    0xfa, 0x0, 0x0, 0x0, 0x5, 0xff, 0xff, 0xff,
    0xff, 0xff, 0xff, 0xff, 0xff, 0xff, 0xf5, 0x0,
    0x0, 0x0, 0x7f, 0xff, 0xff, 0xff, 0xff, 0xff,
    0xff, 0xff, 0xff, 0xff, 0x70, 0x0, 0x0, 0x7,
    0xff, 0xff, 0xff, 0xff, 0xff, 0xff, 0xff, 0xff,
    0xff, 0xf7, 0x0, 0x0, 0x0, 0x7f, 0xff, 0xff,
    0xff, 0xff, 0xff, 0xff, 0xff, 0xff, 0xff, 0x70,
    0x0, 0x0, 0x7, 0xff, 0xff, 0xff, 0xff, 0xff,
    0xff, 0xff, 0xff, 0xff, 0xf7, 0x0, 0x0, 0x0,
    0x7f, 0xff, 0xff, 0xff, 0xe4, 0x4, 0xdf, 0xff,
    0xff, 0xff, 0x70, 0x0, 0x0, 0x7, 0xff, 0xff,
    0xff, 0xf4, 0x0, 0x4, 0xff, 0xff, 0xff, 0xf7,
    0x0, 0x0, 0x0, 0x7f, 0xff, 0xff, 0xff, 0x0,
    0x0, 0xf, 0xff, 0xff, 0xff, 0x70, 0x0, 0x0,
    0x7, 0xff, 0xff, 0xff, 0xf4, 0x0, 0x4, 0xff,
    0xff, 0xff, 0xf7, 0x0, 0x0, 0x0, 0x7f, 0xff,
    0xff, 0xff, 0xe4, 0x3, 0xdf, 0xff, 0xff, 0xff,
    0x70, 0x0, 0x0, 0x7, 0xff, 0xff, 0xff, 0xff,
    0xff, 0xff, 0xff, 0xff, 0xff, 0xf7, 0x0, 0x0,
    0x0, 0x7f, 0xff, 0xff, 0xff, 0xff, 0xff, 0xff,
    0xff, 0xff, 0xff, 0x70, 0x0, 0x0, 0x7, 0xff,
    0xff, 0xff, 0xff, 0xff, 0xff, 0xff, 0xff, 0xff,
    0xf7, 0x0, 0x0, 0x0, 0x7f, 0xff, 0xff, 0xff,
    0xff, 0xff, 0xff, 0xff, 0xff, 0xff, 0x70, 0x0,
    0x0, 0x5, 0xff, 0xff, 0xff, 0xff, 0xff, 0xff,
    0xff, 0xff, 0xff, 0xf5, 0x0, 0x0, 0x0, 0xa,
    0xff, 0xff, 0xff, 0xff, 0xff, 0xff, 0xff, 0xff,
    0xfa, 0x0, 0x0, 0x0, 0x0, 0x2, 0x33, 0x33,
    0x33, 0x33, 0x33, 0x33, 0x33, 0x32, 0x0, 0x0,
    0x0, 0x0,

    /* U+F0FCE "󰿎" */
    0x0, 0x0, 0x0, 0x0, 0x0, 0x0, 0x0, 0x0,
    0x0, 0x0, 0x2, 0x58, 0x30, 0x0, 0x0, 0x0,
    0x0, 0x0, 0x0, 0x0, 0x0, 0x0, 0x4, 0xff,
    0xff, 0x80, 0x0, 0x0, 0x0, 0x0, 0x0, 0x0,
    0x5, 0xce, 0x20, 0x0, 0xaf, 0xff, 0xb0, 0x0,
    0x0, 0x0, 0x5, 0x9a, 0x0, 0x1, 0xef, 0xc0,
    0x0, 0xd, 0xff, 0xe0, 0x1, 0x65, 0x0, 0x5,
    0xff, 0x80, 0x0, 0x3f, 0xf9, 0x0, 0x2, 0xff,
    0xf1, 0x3f, 0xff, 0x40, 0x0, 0x8f, 0xf5, 0x0,
    0x6, 0xff, 0x60, 0x0, 0x58, 0x50, 0xbf, 0xff,
    0xe1, 0x0, 0xb, 0xff, 0x20, 0x0, 0x9b, 0x70,
    0x0, 0x0, 0x0, 0xcf, 0xff, 0xfc, 0x0, 0x1,
    0xee, 0x90, 0x0, 0x0, 0x0, 0x0, 0x0, 0x0,
    0x9f, 0xff, 0xff, 0x70, 0x0, 0x0, 0x0, 0x0,
    0x0, 0x0, 0x0, 0x0, 0x0, 0x6e, 0xb8, 0x52,
    0x0, 0x0, 0x0, 0x0, 0x0, 0x0, 0x0, 0x0,
    0x0, 0x0, 0x4f, 0xff, 0xff, 0xff, 0xff, 0xff,
    0xff, 0xff, 0xff, 0xff, 0xff, 0xff, 0xfa, 0x4f,
    0xff, 0xff, 0xff, 0xff, 0xff, 0xff, 0xff, 0xff,
    0xff, 0xff, 0xff, 0xfb, 0x4f, 0xff, 0xff, 0xff,
    0xff, 0xff, 0xff, 0xff, 0xff, 0xff, 0xff, 0xff,
    0xfb, 0x4f, 0xff, 0xff, 0xff, 0xff, 0xff, 0xff,
    0xff, 0xff, 0xff, 0xff, 0xff, 0xfb, 0x4f, 0xff,
    0xff, 0xff, 0xff, 0xff, 0xff, 0xff, 0xff, 0xff,
    0xff, 0xff, 0xfb, 0x4f, 0xff, 0xff, 0xff, 0xff,
    0xff, 0xff, 0xff, 0xff, 0xff, 0xff, 0xff, 0xfb,
    0x4f, 0xff, 0xff, 0xff, 0xff, 0xff, 0xff, 0xff,
    0xff, 0xff, 0xff, 0xff, 0xfb, 0x4f, 0xff, 0xff,
    0xff, 0xff, 0xff, 0xff, 0xff, 0xff, 0xff, 0xff,
    0xff, 0xfb, 0x4f, 0xff, 0xff, 0xff, 0xff, 0xff,
    0xff, 0xff, 0xff, 0xff, 0xff, 0xff, 0xfb, 0x4f,
    0xff, 0xff, 0xff, 0xff, 0xff, 0xff, 0xff, 0xff,
    0xff, 0xff, 0xff, 0xfb, 0x4f, 0xff, 0xff, 0xff,
    0xff, 0xff, 0xff, 0xff, 0xff, 0xff, 0xff, 0xff,
    0xfb, 0x4f, 0xff, 0xff, 0xff, 0xff, 0xff, 0xff,
    0xff, 0xff, 0xff, 0xff, 0xff, 0xfb, 0x3f, 0xff,
    0xff, 0xff, 0xff, 0xff, 0xff, 0xff, 0xff, 0xff,
    0xff, 0xff, 0xfa, 0x1f, 0xff, 0xff, 0xff, 0xff,
    0xff, 0xff, 0xff, 0xff, 0xff, 0xff, 0xff, 0xf7,
    0x4, 0xef, 0xff, 0xff, 0xff, 0xff, 0xff, 0xff,
    0xff, 0xff, 0xff, 0xff, 0xa0, 0x0, 0x0, 0x0,
    0x0, 0x0, 0x0, 0x0, 0x0, 0x0, 0x0, 0x0,
    0x0, 0x0,

    /* U+F1020 "󱀠" */
    0x0, 0x0, 0x0, 0x0, 0x0, 0x0, 0x0, 0x78,
    0x70, 0x0, 0x0, 0x0, 0x0, 0x0, 0x0, 0x0,
    0x0, 0x0, 0x0, 0x1, 0xff, 0xf1, 0x0, 0x0,
    0x0, 0x0, 0x0, 0x0, 0x0, 0x0, 0x0, 0x0,
    0x7, 0xff, 0xf6, 0x0, 0x0, 0x0, 0x0, 0x0,
    0x0, 0x0, 0x0, 0x0, 0x0, 0xc, 0xff, 0xfb,
    0x0, 0x0, 0x0, 0x0, 0x0, 0x0, 0x0, 0x0,
    0x0, 0x1, 0x8f, 0xff, 0xff, 0x81, 0x0, 0x0,
    0x0, 0x0, 0x0, 0x0, 0x0, 0x1, 0x8f, 0xff,
    0xff, 0xff, 0xff, 0x81, 0x0, 0x0, 0x25, 0x50,
    0x0, 0x1, 0x8f, 0xff, 0xff, 0xff, 0xff, 0xff,
    0xff, 0x81, 0x0, 0x7f, 0xf0, 0x0, 0x7e, 0xff,
    0xff, 0xff, 0xff, 0xff, 0xff, 0xff, 0xfe, 0x70,
    0x7f, 0xf0, 0x0, 0x0, 0xef, 0x90, 0x0, 0x0,
    0x0, 0x0, 0x9f, 0xe0, 0x0, 0x7f, 0xf0, 0x0,
    0x0, 0xaf, 0xc0, 0x0, 0x0, 0x0, 0x0, 0xdf,
    0xb0, 0x0, 0x7f, 0xf0, 0x0, 0x0, 0x7f, 0xf0,
    0x0, 0x0, 0x0, 0x0, 0xff, 0x70, 0x0, 0x7f,
    0xf7, 0x77, 0x77, 0xaf, 0xf3, 0x0, 0x0, 0x0,
    0x3, 0xff, 0x40, 0x0, 0x7f, 0xff, 0xff, 0xff,
    0xff, 0xf7, 0x0, 0x0, 0x0, 0x7, 0xff, 0x10,
    0x0, 0x7f, 0xff, 0xff, 0xff, 0xff, 0xfa, 0x0,
    0x0, 0x0, 0xa, 0xfe, 0x0, 0x0, 0x7f, 0xf0,
    0x0, 0x0, 0xa, 0xfd, 0x0, 0x0, 0x0, 0xd,
    0xfa, 0x0, 0x0, 0x7f, 0xf0, 0x0, 0x0, 0x7,
    0xff, 0x10, 0x0, 0x0, 0xf, 0xf7, 0x0, 0x0,
    0x7f, 0xf0, 0x0, 0x0, 0x4, 0xff, 0x40, 0x0,
    0x0, 0x4f, 0xf4, 0x0, 0x0, 0x7f, 0xf0, 0x0,
    0x0, 0x0, 0xff, 0x80, 0x0, 0x0, 0x7f, 0xf1,
    0x0, 0x0, 0x7f, 0xf0, 0x0, 0x0, 0x0, 0xdf,
    0xb0, 0x0, 0x0, 0xaf, 0xd0, 0x0, 0x0, 0x0,
    0x0, 0x0, 0x0, 0x0, 0xaf, 0xff, 0xff, 0xff,
    0xff, 0xa0, 0x0, 0x0, 0x0, 0x0, 0x0, 0x0,
    0x0, 0x4f, 0xff, 0xff, 0xff, 0xff, 0x40, 0x0,
    0x0, 0x0, 0x0, 0x0, 0x0, 0x0, 0x4, 0xff,
    0xff, 0xff, 0xf4, 0x0, 0x0, 0x0, 0x0, 0x0,
    0x0, 0x0, 0x0, 0x0, 0x4f, 0xff, 0xff, 0x40,
    0x0, 0x0, 0x0, 0x0, 0x0, 0x0, 0x0, 0x0,
    0x0, 0xa, 0xff, 0xfa, 0x0, 0x0, 0x0, 0x0,
    0x0, 0x0, 0x0, 0x0, 0x0, 0x0, 0x2, 0xff,
    0xf2, 0x0, 0x0, 0x0, 0x0, 0x0, 0x0, 0x0,
    0x0, 0x0, 0x0, 0x0, 0x33, 0x30, 0x0, 0x0,
    0x0, 0x0,

    /* U+F1051 "󱁑" */
    0x2, 0x40, 0x0, 0x0, 0x0, 0x0, 0x0, 0x0,
    0x0, 0x0, 0x0, 0x0, 0x0, 0x8, 0xff, 0xc8,
    0x40, 0x0, 0x0, 0x0, 0x0, 0x0, 0x0, 0x0,
    0x0, 0x0, 0xc, 0xfc, 0x7b, 0xff, 0xc8, 0x40,
    0x0, 0x0, 0x0, 0x0, 0x0, 0x0, 0x0, 0xf,
    0xf8, 0x0, 0xef, 0xdc, 0xff, 0xc8, 0x40, 0x0,
    0x0, 0x0, 0x0, 0x0, 0x4f, 0xf6, 0x2, 0xff,
    0x50, 0x1f, 0xfd, 0xff, 0xc8, 0x40, 0x0, 0x0,
    0x0, 0x39, 0xdf, 0xec, 0xff, 0x20, 0x5f, 0xf3,
    0x7, 0xff, 0xff, 0xc8, 0x40, 0x0, 0x0, 0x1,
    0x59, 0xdf, 0xea, 0xbf, 0xf0, 0x7, 0xff, 0x23,
    0xaf, 0xf3, 0x0, 0x0, 0x0, 0x0, 0x1, 0x59,
    0xdf, 0xfa, 0x6c, 0xfd, 0x0, 0x8f, 0xf0, 0x0,
    0x0, 0x0, 0x0, 0x0, 0x0, 0x1, 0x59, 0xef,
    0xfd, 0x62, 0xcf, 0xc0, 0x0, 0x0, 0x0, 0x0,
    0x0, 0x0, 0x5, 0x40, 0x2, 0x6a, 0xef, 0xff,
    0x80, 0x0, 0x0, 0x0, 0x0, 0x0, 0x39, 0xff,
    0xff, 0xc8, 0x40, 0x2, 0x6a, 0x30, 0x0, 0x0,
    0x0, 0x0, 0x6c, 0xff, 0xff, 0xff, 0xff, 0xff,
    0xc6, 0x0, 0x0, 0x0, 0x0, 0x1, 0x20, 0x4,
    0x8c, 0xff, 0xff, 0xff, 0xfb, 0x40, 0x0, 0x0,
    0x0, 0x0, 0x6, 0xfe, 0xa6, 0x20, 0x4, 0x8c,
    0xd7, 0x10, 0x0, 0x0, 0x0, 0x0, 0x0, 0xa,
    0xfe, 0xae, 0xfe, 0x95, 0x10, 0x0, 0x0, 0x0,
    0x0, 0x0, 0x0, 0x0, 0xe, 0xfa, 0x0, 0xcf,
    0xfe, 0xfd, 0x95, 0x10, 0x0, 0x0, 0x0, 0x0,
    0x0, 0x1f, 0xf7, 0x0, 0xff, 0x90, 0x2e, 0xff,
    0xfd, 0x95, 0x10, 0x0, 0x0, 0x0, 0x3c, 0xff,
    0xb9, 0xff, 0x50, 0x1f, 0xf7, 0x27, 0xff, 0xfd,
    0x95, 0x10, 0x0, 0x0, 0x4, 0x8c, 0xff, 0xc8,
    0x8f, 0xf3, 0x4, 0xff, 0x66, 0xbf, 0xf5, 0x0,
    0x0, 0x0, 0x0, 0x4, 0x8c, 0xff, 0xf8, 0x48,
    0xff, 0x10, 0x6f, 0xf2, 0x0, 0x0, 0x0, 0x0,
    0x0, 0x0, 0x4, 0x8c, 0xff, 0xfe, 0x30, 0xaf,
    0xe0, 0x0, 0x0, 0x0, 0x0, 0x0, 0x0, 0x0,
    0x0, 0x4, 0x8c, 0xff, 0xff, 0xa0, 0x0, 0x0,
    0x0, 0x0, 0x0, 0x0, 0x0, 0x0, 0x0, 0x0,
    0x4, 0x8c, 0x60,

    /* U+F10C2 "󱃂" */
    0x0, 0x0, 0x3, 0x89, 0x50, 0x0, 0x0, 0x0,
    0x0, 0x7f, 0xff, 0xfc, 0x0, 0x0, 0x0, 0x3,
    0xff, 0xfe, 0xff, 0x80, 0x0, 0x0, 0x8, 0xff,
    0x20, 0xcf, 0xd0, 0x0, 0x0, 0x9, 0xff, 0xff,
    0xff, 0xe0, 0x0, 0x0, 0x9, 0xff, 0xff, 0xff,
    0xe0, 0x0, 0x0, 0x9, 0xff, 0xff, 0xff, 0xe0,
    0x0, 0x0, 0x9, 0xff, 0xff, 0xff, 0xe0, 0x0,
    0x0, 0x9, 0xff, 0xff, 0xff, 0xe0, 0x0, 0x0,
    0x9, 0xff, 0xff, 0xff, 0xe0, 0x0, 0x0, 0x9,
    0xff, 0xff, 0xff, 0xe0, 0x0, 0x0, 0x9, 0xff,
    0xff, 0xff, 0xe0, 0x0, 0x0, 0x9, 0xff, 0xff,
    0xff, 0xe0, 0x0, 0x0, 0x9, 0xff, 0xff, 0xff,
    0xe0, 0x0, 0x0, 0x3e, 0xff, 0xff, 0xff, 0xf7,
    0x0, 0x1, 0xef, 0xff, 0xff, 0xff, 0xff, 0x50,
    0x9, 0xff, 0xff, 0xff, 0xff, 0xff, 0xe0, 0xe,
    0xff, 0xff, 0xff, 0xff, 0xff, 0xf3, 0x1f, 0xff,
    0xff, 0xff, 0xff, 0xff, 0xf6, 0xf, 0xff, 0xff,
    0xff, 0xff, 0xff, 0xf6, 0xe, 0xff, 0xff, 0xff,
    0xff, 0xff, 0xf3, 0x7, 0xff, 0xff, 0xff, 0xff,
    0xff, 0xd0, 0x0, 0xef, 0xff, 0xff, 0xff, 0xff,
    0x40, 0x0, 0x2e, 0xff, 0xff, 0xff, 0xf6, 0x0,
    0x0, 0x1, 0x9f, 0xff, 0xfc, 0x40, 0x0, 0x0,
    0x0, 0x0, 0x23, 0x10, 0x0, 0x0,

    /* U+F10C3 "󱃃" */
    0x0, 0x0, 0x3, 0x89, 0x50, 0x0, 0x0, 0x0,
    0x0, 0x7f, 0xff, 0xfc, 0x0, 0x0, 0x0, 0x3,
    0xff, 0xfe, 0xff, 0x80, 0x0, 0x0, 0x8, 0xff,
    0x20, 0xcf, 0xd0, 0x0, 0x0, 0x9, 0xfe, 0x0,
    0x9f, 0xe0, 0x0, 0x0, 0x9, 0xfe, 0x0, 0x9f,
    0xe0, 0x0, 0x0, 0x9, 0xfe, 0x0, 0x9f, 0xe0,
    0x0, 0x0, 0x9, 0xfe, 0x0, 0x9f, 0xe0, 0x0,
    0x0, 0x9, 0xfe, 0x0, 0x9f, 0xe0, 0x0, 0x0,
    0x9, 0xfe, 0x0, 0x9f, 0xe0, 0x0, 0x0, 0x9,
    0xfe, 0x0, 0x9f, 0xe0, 0x0, 0x0, 0x9, 0xfe,
    0x0, 0x9f, 0xe0, 0x0, 0x0, 0x9, 0xff, 0x33,
    0xbf, 0xe0, 0x0, 0x0, 0x9, 0xff, 0xff, 0xff,
    0xe0, 0x0, 0x0, 0x3e, 0xff, 0xff, 0xff, 0xf7,
    0x0, 0x1, 0xef, 0xff, 0xff, 0xff, 0xff, 0x50,
    0x9, 0xff, 0xff, 0xff, 0xff, 0xff, 0xe0, 0xe,
    0xff, 0xff, 0xff, 0xff, 0xff, 0xf3, 0x1f, 0xff,
    0xff, 0xff, 0xff, 0xff, 0xf6, 0xf, 0xff, 0xff,
    0xff, 0xff, 0xff, 0xf6, 0xe, 0xff, 0xff, 0xff,
    0xff, 0xff, 0xf3, 0x7, 0xff, 0xff, 0xff, 0xff,
    0xff, 0xd0, 0x0, 0xef, 0xff, 0xff, 0xff, 0xff,
    0x40, 0x0, 0x2e, 0xff, 0xff, 0xff, 0xf6, 0x0,
    0x0, 0x1, 0x9f, 0xff, 0xfc, 0x40, 0x0, 0x0,
    0x0, 0x0, 0x23, 0x10, 0x0, 0x0,

    /* U+F1253 "󱉓" */
    0x0, 0x0, 0x0, 0x0, 0x0, 0x6c, 0xff, 0xc7,
    0x0, 0x0, 0x0, 0x0, 0x0, 0x0, 0x0, 0x0,
    0x0, 0x1d, 0xff, 0xff, 0xff, 0xd1, 0x0, 0x0,
    0x0, 0x0, 0x0, 0x1, 0x50, 0x1, 0xdf, 0xff,
    0xff, 0xff, 0xfd, 0x10, 0x5, 0x10, 0x0, 0x0,
    0x7f, 0xb0, 0x8, 0xff, 0xff, 0xff, 0xff, 0xff,
    0x80, 0xb, 0xf7, 0x0, 0x7, 0xff, 0x70, 0xf,
    0xff, 0xff, 0xff, 0xff, 0xff, 0xf0, 0x7, 0xff,
    0x70, 0x1f, 0xff, 0x50, 0x3f, 0xff, 0xff, 0xff,
    0xff, 0xff, 0xf2, 0x5, 0xff, 0xf0, 0x5f, 0xff,
    0x40, 0x3f, 0xff, 0xff, 0xff, 0xff, 0xff, 0xf3,
    0x4, 0xff, 0xf5, 0x7f, 0xff, 0x60, 0x1f, 0xff,
    0xff, 0xff, 0xff, 0xff, 0xf1, 0x6, 0xff, 0xf7,
    0x5f, 0xff, 0x90, 0xd, 0xff, 0xff, 0xff, 0xff,
    0xff, 0xd0, 0x9, 0xff, 0xf5, 0x1f, 0xff, 0xe0,
    0x5, 0xff, 0xff, 0xff, 0xff, 0xff, 0x50, 0xe,
    0xff, 0xf1, 0x6, 0xff, 0xf6, 0x0, 0x9f, 0xff,
    0xff, 0xff, 0xf9, 0x0, 0x6f, 0xff, 0x60, 0x0,
    0x6f, 0xfe, 0x20, 0xc, 0xff, 0xff, 0xff, 0xc0,
    0x2, 0xef, 0xf6, 0x0, 0x0, 0xf, 0xff, 0xb0,
    0xc, 0xff, 0xff, 0xff, 0xc0, 0xa, 0xff, 0xf0,
    0x0, 0x0, 0xf, 0xff, 0xb0, 0xb, 0xff, 0xff,
    0xff, 0xb0, 0xb, 0xff, 0xf0, 0x0, 0x0, 0xa,
    0xff, 0xb0, 0x6, 0xff, 0xff, 0xff, 0x60, 0xb,
    0xff, 0xa0, 0x0, 0x0, 0x0, 0x0, 0x0, 0x0,
    0x0, 0x0, 0x0, 0x0, 0x0, 0x0, 0x0, 0x0,
    0x0, 0x0, 0x8b, 0x80, 0x0, 0x6b, 0xbb, 0xb6,
    0x0, 0x8, 0xb8, 0x0, 0x0, 0x0, 0x0, 0xbf,
    0xc0, 0x0, 0x7f, 0xff, 0xf8, 0x0, 0xb, 0xfb,
    0x0, 0x0, 0x0, 0x0, 0x3b, 0xb0, 0x0, 0x1b,
    0xcc, 0xb1, 0x0, 0xa, 0xb3, 0x0, 0x0,

    /* U+F1254 "󱉔" */
    0x0, 0x0, 0x0, 0x0, 0x0, 0x0, 0x0, 0x0,
    0x0, 0x0, 0x0, 0x0, 0x0, 0x0, 0x0, 0x0,
    0x0, 0x0, 0x39, 0xcc, 0x94, 0x0, 0x0, 0x0,
    0x0, 0x0, 0x0, 0x0, 0x0, 0x0, 0xb, 0xff,
    0xff, 0xff, 0xb1, 0x0, 0x0, 0x0, 0x0, 0x0,
    0x0, 0x20, 0x0, 0xcf, 0xfe, 0xcc, 0xff, 0xfc,
    0x0, 0x2, 0x0, 0x0, 0x0, 0x4d, 0xc0, 0x7,
    0xff, 0x80, 0x0, 0x1b, 0xff, 0x70, 0xc, 0xd4,
    0x0, 0x4, 0xff, 0x70, 0xe, 0xf9, 0x0, 0x0,
    0x0, 0xdf, 0xe0, 0x7, 0xff, 0x40, 0xe, 0xff,
    0x50, 0x2f, 0xf2, 0x0, 0x0, 0x0, 0x6f, 0xf2,
    0x5, 0xff, 0xe0, 0x5f, 0xff, 0x40, 0x3f, 0xf0,
    0x0, 0x0, 0x0, 0x4f, 0xf3, 0x4, 0xff, 0xf4,
    0x6f, 0xff, 0x60, 0x2f, 0xf3, 0x0, 0x0, 0x0,
    0x7f, 0xf2, 0x5, 0xff, 0xf7, 0x6f, 0xff, 0x80,
    0xd, 0xfb, 0x0, 0x0, 0x1, 0xef, 0xd0, 0x8,
    0xff, 0xf6, 0x1f, 0xff, 0xd0, 0x6, 0xff, 0xa1,
    0x0, 0x4d, 0xff, 0x60, 0xd, 0xff, 0xf1, 0x8,
    0xff, 0xf4, 0x0, 0xbf, 0xf8, 0x0, 0xff, 0xfb,
    0x0, 0x4f, 0xff, 0x80, 0x0, 0x9f, 0xfd, 0x0,
    0xd, 0xf8, 0x0, 0xff, 0xd0, 0x0, 0xdf, 0xf9,
    0x0, 0x0, 0xf, 0xff, 0xa0, 0xc, 0xfb, 0x55,
    0xff, 0xc0, 0xa, 0xff, 0xf0, 0x0, 0x0, 0xf,
    0xff, 0xb0, 0xb, 0xff, 0xff, 0xff, 0xb0, 0xb,
    0xff, 0xf0, 0x0, 0x0, 0xc, 0xff, 0xb0, 0x8,
    0xff, 0xff, 0xff, 0x80, 0xb, 0xff, 0xc0, 0x0,
    0x0, 0x0, 0x33, 0x20, 0x0, 0x23, 0x33, 0x32,
    0x0, 0x2, 0x33, 0x0, 0x0, 0x0, 0x0, 0x69,
    0x40, 0x0, 0x68, 0x88, 0x82, 0x0, 0x6, 0x86,
    0x0, 0x0, 0x0, 0x0, 0xbf, 0x80, 0x0, 0xbf,
    0xff, 0xf4, 0x0, 0xb, 0xfb, 0x0, 0x0, 0x0,
    0x0, 0x6e, 0xa0, 0x0, 0x5e, 0xff, 0xc1, 0x0,
    0xd, 0xe5, 0x0, 0x0,

    /* U+F12A8 "󱊨" */
    0x3, 0xab, 0xbb, 0xbb, 0xbb, 0xbb, 0xbb, 0xbb,
    0xbb, 0xbb, 0xbb, 0xba, 0x20, 0x2f, 0xff, 0xff,
    0xff, 0xff, 0xff, 0xff, 0xff, 0xff, 0xff, 0xff,
    0xff, 0xf1, 0x7f, 0xfb, 0xbb, 0xbb, 0xbb, 0xbb,
    0xbb, 0xbb, 0xbb, 0xbb, 0xbb, 0xbf, 0xf6, 0x7f,
    0xf0, 0x0, 0x0, 0x0, 0x0, 0x0, 0x0, 0x0,
    0x0, 0x0, 0xf, 0xf7, 0x7f, 0xf0, 0x0, 0x0,
    0x0, 0x2, 0xae, 0xfc, 0x60, 0x0, 0x0, 0xf,
    0xf7, 0x7f, 0xf0, 0x0, 0x0, 0x0, 0x4f, 0xa5,
    0x47, 0xeb, 0x0, 0x0, 0xf, 0xf7, 0x7f, 0xf0,
    0x0, 0x0, 0x1, 0xf7, 0x0, 0x0, 0x1e, 0x80,
    0x0, 0xf, 0xf7, 0x7f, 0xf0, 0x0, 0x0, 0x8,
    0xc0, 0x2, 0x50, 0x5, 0xf0, 0x0, 0xf, 0xf7,
    0x7f, 0xf0, 0x0, 0x0, 0xb, 0x80, 0xe, 0xf6,
    0x1, 0xf3, 0x0, 0xf, 0xf7, 0x7f, 0xf0, 0x0,
    0x0, 0xb, 0x80, 0xf, 0xf8, 0x1, 0xf2, 0x0,
    0xf, 0xf7, 0x7f, 0xf0, 0x0, 0x0, 0x8, 0xc0,
    0xf, 0xf8, 0x5, 0xf0, 0x0, 0xf, 0xf7, 0x7f,
    0xf0, 0x0, 0x0, 0x1, 0xf7, 0xf, 0xf8, 0x1e,
    0x80, 0x0, 0xf, 0xf7, 0x7f, 0xf3, 0x33, 0x33,
    0x0, 0x4b, 0xf, 0xf8, 0x4b, 0x0, 0x23, 0x3f,
    0xf7, 0x4f, 0xff, 0xff, 0xff, 0x0, 0x0, 0xf,
    0xf8, 0x0, 0x0, 0x8f, 0xff, 0xf4, 0x8, 0xff,
    0xff, 0xff, 0x0, 0x0, 0xf, 0xfc, 0x72, 0x0,
    0x8f, 0xff, 0x80, 0x0, 0x1, 0x11, 0x11, 0x0,
    0x0, 0xf, 0xff, 0xff, 0x81, 0x1, 0x10, 0x0,
    0x0, 0x0, 0x0, 0x0, 0x0, 0x0, 0xf, 0xff,
    0xff, 0xfe, 0x70, 0x0, 0x0, 0x0, 0x0, 0x0,
    0x0, 0x0, 0x0, 0xf, 0xff, 0xff, 0xff, 0xfe,
    0x30, 0x0, 0x0, 0x0, 0x0, 0x0, 0x4f, 0xc1,
    0xf, 0xff, 0xff, 0xff, 0xff, 0xe0, 0x0, 0x0,
    0x0, 0x0, 0x0, 0xbf, 0xfe, 0x5f, 0xff, 0xff,
    0xff, 0xff, 0xf0, 0x0, 0x0, 0x0, 0x0, 0x0,
    0xc, 0xff, 0xff, 0xff, 0xff, 0xff, 0xff, 0xf0,
    0x0, 0x0, 0x0, 0x0, 0x0, 0x1, 0xdf, 0xff,
    0xff, 0xff, 0xff, 0xff, 0xf0, 0x0, 0x0, 0x0,
    0x0, 0x0, 0x0, 0x1d, 0xff, 0xff, 0xff, 0xff,
    0xff, 0xf0, 0x0, 0x0, 0x0, 0x0, 0x0, 0x0,
    0x1, 0xef, 0xff, 0xff, 0xff, 0xff, 0xe0, 0x0,
    0x0, 0x0, 0x0, 0x0, 0x0, 0x0, 0x2d, 0xff,
    0xff, 0xff, 0xff, 0x50, 0x0, 0x0, 0x0, 0x0,
    0x0, 0x0, 0x0, 0x0, 0x0, 0x0, 0x0, 0x0,
    0x0, 0x0,

    /* U+F140B "󱐋" */
    0x0, 0x0, 0x0, 0x0, 0x0, 0x0, 0x0, 0x0,
    0x0, 0x0, 0x0, 0x0, 0x12, 0x0, 0x0, 0x0,
    0x0, 0x0, 0x0, 0x0, 0x83, 0x0, 0x0, 0x0,
    0x0, 0x0, 0x0, 0x1, 0xf3, 0x0, 0x0, 0x0,
    0x0, 0x0, 0x0, 0x8, 0xf3, 0x0, 0x0, 0x0,
    0x0, 0x0, 0x0, 0x1f, 0xf3, 0x0, 0x0, 0x0,
    0x0, 0x0, 0x0, 0x8f, 0xf3, 0x0, 0x0, 0x0,
    0x0, 0x0, 0x1, 0xff, 0xf3, 0x0, 0x0, 0x0,
    0x0, 0x0, 0x8, 0xff, 0xf3, 0x0, 0x0, 0x0,
    0x0, 0x0, 0x1f, 0xff, 0xf3, 0x0, 0x0, 0x0,
    0x0, 0x0, 0x8f, 0xff, 0xf3, 0x0, 0x0, 0x0,
    0x0, 0x1, 0xff, 0xff, 0xff, 0xff, 0xff, 0xf3,
    0x0, 0x8, 0xff, 0xff, 0xff, 0xff, 0xff, 0xc0,
    0x0, 0x1f, 0xff, 0xff, 0xff, 0xff, 0xff, 0x40,
    0x0, 0x8f, 0xff, 0xff, 0xff, 0xff, 0xfc, 0x0,
    0x1, 0xff, 0xff, 0xff, 0xff, 0xff, 0xf4, 0x0,
    0x8, 0xff, 0xff, 0xff, 0xff, 0xff, 0xc0, 0x0,
    0x1f, 0xff, 0xff, 0xff, 0xff, 0xff, 0x40, 0x0,
    0x38, 0x88, 0x88, 0x9f, 0xff, 0xfc, 0x0, 0x0,
    0x0, 0x0, 0x0, 0x3f, 0xff, 0xf4, 0x0, 0x0,
    0x0, 0x0, 0x0, 0x3f, 0xff, 0xc0, 0x0, 0x0,
    0x0, 0x0, 0x0, 0x3f, 0xff, 0x40, 0x0, 0x0,
    0x0, 0x0, 0x0, 0x3f, 0xfc, 0x0, 0x0, 0x0,
    0x0, 0x0, 0x0, 0x3f, 0xf4, 0x0, 0x0, 0x0,
    0x0, 0x0, 0x0, 0x3f, 0xc0, 0x0, 0x0, 0x0,
    0x0, 0x0, 0x0, 0x3f, 0x40, 0x0, 0x0, 0x0,
    0x0, 0x0, 0x0, 0x3c, 0x0, 0x0, 0x0, 0x0,
    0x0, 0x0, 0x0, 0x34, 0x0, 0x0, 0x0, 0x0,
    0x0, 0x0, 0x0, 0x10, 0x0, 0x0, 0x0, 0x0,

    /* U+F1435 "󱐵" */
    0x0, 0x0, 0x0, 0x0, 0x0, 0x0, 0x0, 0x0,
    0x0, 0x0, 0x0, 0x0, 0x0, 0x0, 0x0, 0x0,
    0x0, 0x0, 0x0, 0x7f, 0xe4, 0x0, 0x0, 0x0,
    0x0, 0x0, 0x0, 0x0, 0x0, 0x0, 0x0, 0x0,
    0x2, 0xff, 0xff, 0x0, 0x0, 0x3f, 0x80, 0xdd,
    0x7, 0xfe, 0x6, 0xb0, 0x0, 0x0, 0x4, 0xff,
    0xff, 0x10, 0x0, 0x1f, 0xa0, 0xaf, 0x11, 0xee,
    0x2f, 0xfb, 0x0, 0x0, 0x0, 0xef, 0xfb, 0x0,
    0x0, 0xe, 0xe0, 0x4f, 0xa0, 0x16, 0x6, 0xff,
    0xb0, 0x0, 0x2, 0x16, 0x50, 0x0, 0x0, 0x8,
    0xf5, 0xa, 0xfa, 0x10, 0x0, 0x6f, 0xfb, 0x0,
    0xc, 0xb0, 0x0, 0x0, 0x0, 0x1, 0xfe, 0x10,
    0xaf, 0xfd, 0x0, 0x3d, 0xff, 0xb0, 0x0, 0xc8,
    0x0, 0x0, 0x0, 0x0, 0x5f, 0xc1, 0x4, 0xab,
    0x4, 0xff, 0xff, 0xfb, 0x0, 0xb, 0x20, 0x0,
    0x0, 0x0, 0x7, 0xfe, 0x60, 0x0, 0x4, 0xff,
    0xb8, 0xff, 0xb0, 0x0, 0x70, 0x0, 0x0, 0x0,
    0x0, 0x4e, 0xff, 0xb9, 0x4, 0xfe, 0x0, 0xcf,
    0xfb, 0x0, 0x1, 0x0, 0x0, 0x0, 0x0, 0x1,
    0x7d, 0xfe, 0x4, 0xfe, 0x0, 0xff, 0xff, 0xb0,
    0x0, 0xcf, 0xfe, 0x0, 0x0, 0x0, 0x0, 0x1,
    0x4, 0xfe, 0x4, 0xff, 0xff, 0xfb, 0x0, 0x1c,
    0xfe, 0x0, 0x0, 0x0, 0x0, 0x0, 0x4, 0xfe,
    0x8, 0xff, 0xff, 0xff, 0xb0, 0x0, 0x32, 0x0,
    0x0, 0x0, 0x0, 0x0, 0x2, 0x77, 0xc, 0xff,
    0xfd, 0x3f, 0xfb, 0x0, 0x0, 0x0, 0x0, 0x0,
    0x0, 0x0, 0x0, 0x0, 0xf, 0xff, 0xff, 0x43,
    0xff, 0xb0, 0x0, 0x0, 0x0, 0x0, 0x0, 0x0,
    0x0, 0x0, 0x4f, 0xff, 0xff, 0xd0, 0x4f, 0xfb,
    0x0, 0x0, 0x0, 0x0, 0x0, 0x0, 0x0, 0x0,
    0x8f, 0xff, 0xff, 0xf6, 0x4, 0xff, 0xb0, 0x0,
    0x0, 0x0, 0x0, 0x0, 0x0, 0x0, 0xdf, 0xf9,
    0xef, 0xfe, 0x0, 0x4f, 0xfb, 0x0, 0x0, 0x0,
    0x0, 0x0, 0x0, 0x1, 0xff, 0xf1, 0x4f, 0xff,
    0x70, 0x4, 0xff, 0xb0, 0x0, 0x0, 0x0, 0x0,
    0x0, 0x5, 0xff, 0xb0, 0x7, 0xff, 0xd0, 0x0,
    0x4f, 0xfb, 0x0, 0x0, 0x0, 0x0, 0x0, 0x9,
    0xff, 0x60, 0x0, 0xbf, 0xd0, 0x0, 0x4, 0xff,
    0xb0, 0x0, 0x0, 0x0, 0x0, 0xd, 0xff, 0x0,
    0x0, 0x5f, 0xd0, 0x0, 0x0, 0x4f, 0xfb, 0x0,
    0x0, 0x0, 0x0, 0x1f, 0xfa, 0x0, 0x0, 0x5f,
    0xd0, 0x0, 0x0, 0x5, 0xff, 0xb0, 0x0, 0x0,
    0x0, 0x5f, 0xf4, 0x0, 0x0, 0x5f, 0xd0, 0x0,
    0x0, 0x0, 0x5f, 0xfb, 0x0, 0x0, 0x0, 0x9f,
    0xe0, 0x0, 0x0, 0x5f, 0xd0, 0x0, 0x0, 0x0,
    0x5, 0xff, 0xb0, 0x0, 0x0, 0xdf, 0x80, 0x0,
    0x0, 0x5f, 0xd0, 0x0, 0x0, 0x0, 0x0, 0x5f,
    0xfb, 0x0, 0x2, 0xff, 0x20, 0x0, 0x0, 0x5f,
    0xd0, 0x0, 0x0, 0x0, 0x0, 0x5, 0xff, 0x90,
    0x0, 0x33, 0x0, 0x0, 0x0, 0x13, 0x20, 0x0,
    0x0, 0x0, 0x0, 0x0, 0x6d, 0x10, 0x0, 0x0,
    0x0, 0x0, 0x0, 0x0, 0x0, 0x0, 0x0, 0x0,
    0x0, 0x0, 0x0, 0x0,

    /* U+F1502 "󱔂" */
    0x0, 0x0, 0x0, 0x0, 0x0, 0x0, 0x0, 0x0,
    0x0, 0x0, 0x0, 0x0, 0x0, 0x0, 0x2, 0xd2,
    0x0, 0x0, 0x0, 0x0, 0x0, 0x0, 0x0, 0x0,
    0x0, 0xd, 0xfd, 0x0, 0x0, 0x0, 0x0, 0x0,
    0x0, 0x0, 0x0, 0x0, 0xaf, 0xff, 0x90, 0x0,
    0x0, 0x0, 0x0, 0x0, 0x0, 0x0, 0x6, 0xff,
    0xff, 0xf5, 0x0, 0x0, 0x0, 0x0, 0x0, 0x0,
    0x0, 0x2f, 0xff, 0xff, 0xff, 0x20, 0x0, 0x0,
    0x48, 0x80, 0x0, 0x0, 0xcf, 0xff, 0xff, 0xff,
    0xc0, 0x0, 0x0, 0x8f, 0xf0, 0x0, 0x7, 0xff,
    0xff, 0xff, 0xff, 0xf6, 0x0, 0x0, 0x8f, 0xf0,
    0x0, 0x1f, 0xff, 0xff, 0xff, 0xff, 0xfe, 0x0,
    0x0, 0x8f, 0xf0, 0x0, 0x8f, 0xff, 0xff, 0xff,
    0xff, 0xff, 0x80, 0x0, 0x8f, 0xf0, 0x1, 0xff,
    0xff, 0xff, 0xff, 0xff, 0xff, 0xf0, 0x0, 0x8f,
    0xf0, 0x7, 0xff, 0xff, 0xff, 0xff, 0xff, 0xff,
    0xf6, 0x0, 0x8f, 0xf0, 0xc, 0xff, 0xff, 0xff,
    0xff, 0xff, 0xff, 0xfb, 0x0, 0x7f, 0xf0, 0xf,
    0xff, 0xff, 0xff, 0xff, 0xff, 0xff, 0xfe, 0x0,
    0x0, 0x0, 0xf, 0xff, 0xff, 0xff, 0xff, 0xff,
    0xff, 0xff, 0x0, 0x0, 0x0, 0xe, 0xff, 0xff,
    0xff, 0xff, 0xff, 0xff, 0xfd, 0x0, 0x37, 0x70,
    0xa, 0xff, 0xff, 0xff, 0xff, 0xff, 0xff, 0xf9,
    0x0, 0x7f, 0xf0, 0x4, 0xff, 0xff, 0xff, 0xff,
    0xff, 0xff, 0xf3, 0x0, 0x7f, 0xf0, 0x0, 0x9f,
    0xff, 0xff, 0xff, 0xff, 0xff, 0x90, 0x0, 0x0,
    0x0, 0x0, 0xb, 0xff, 0xff, 0xff, 0xff, 0xfc,
    0x0, 0x0, 0x0, 0x0, 0x0, 0x0, 0x8f, 0xff,
    0xff, 0xff, 0x80, 0x0, 0x0, 0x0, 0x0, 0x0,
    0x0, 0x2, 0x7a, 0xca, 0x72, 0x0, 0x0, 0x0,
    0x0, 0x0,

    /* U+F179B "󱞛" */
    0x0, 0x0, 0x0, 0x0, 0x3, 0x56, 0x77, 0x65,
    0x30, 0x0, 0x0, 0x0, 0x0, 0x0, 0x0, 0x1,
    0x7c, 0xff, 0xff, 0xff, 0xff, 0xff, 0xc7, 0x10,
    0x0, 0x0, 0x0, 0x2, 0xaf, 0xff, 0xff, 0xff,
    0xff, 0xff, 0xff, 0xff, 0xfa, 0x10, 0x0, 0x0,
    0x5f, 0xff, 0xfe, 0x95, 0x21, 0x0, 0x12, 0x59,
    0xef, 0xff, 0xf5, 0x0, 0x5, 0xff, 0xfd, 0xf9,
    0x0, 0x0, 0x0, 0x0, 0x0, 0x9f, 0xdf, 0xff,
    0x50, 0x1f, 0xff, 0x41, 0xef, 0xc5, 0x10, 0x0,
    0x1, 0x5c, 0xfe, 0x14, 0xff, 0xf1, 0x5f, 0xf5,
    0x0, 0x2c, 0xff, 0xfe, 0xdd, 0xef, 0xff, 0xc2,
    0x0, 0x5f, 0xf5, 0x7f, 0xf0, 0x0, 0x0, 0x38,
    0xce, 0xff, 0xec, 0x83, 0x0, 0x0, 0xf, 0xf7,
    0x4f, 0xf7, 0x0, 0x0, 0x0, 0x0, 0x0, 0x0,
    0x0, 0x0, 0x0, 0x8f, 0xf4, 0xd, 0xff, 0x90,
    0x0, 0x0, 0x0, 0x0, 0x0, 0x0, 0x0, 0x9,
    0xff, 0xd0, 0x2, 0xef, 0xfe, 0x82, 0x0, 0x0,
    0x0, 0x0, 0x0, 0x28, 0xef, 0xfe, 0x20, 0x0,
    0x1b, 0xff, 0xff, 0xeb, 0x87, 0x66, 0x78, 0xbe,
    0xff, 0xff, 0xb1, 0x0, 0x0, 0x0, 0x4c, 0xff,
    0xff, 0xff, 0xff, 0xff, 0xff, 0xff, 0xc4, 0x0,
    0x0, 0x0, 0x0, 0x0, 0x26, 0xad, 0xff, 0xff,
    0xff, 0xda, 0x62, 0x0, 0x0, 0x0, 0x0, 0x0,
    0x0, 0x0, 0x0, 0x0, 0x11, 0x0, 0x0, 0x0,
    0x0, 0x0, 0x0,

    /* U+F17C7 "󱟇" */
    0x0, 0x0, 0x0, 0x0, 0x0, 0x44, 0x0, 0x0,
    0x0, 0x0, 0x0, 0x0, 0x0, 0x0, 0x0, 0x3,
    0xff, 0x30, 0x0, 0x0, 0x0, 0x0, 0x0, 0x0,
    0x0, 0x0, 0x3, 0xff, 0x30, 0x0, 0x0, 0x0,
    0x0, 0x0, 0x0, 0x0, 0x0, 0x3, 0xff, 0x30,
    0x0, 0x0, 0x0, 0x0, 0x0, 0x0, 0x0, 0x0,
    0x3, 0xff, 0x30, 0x0, 0x0, 0x0, 0x0, 0x0,
    0x0, 0x0, 0x0, 0x3, 0xff, 0x30, 0x0, 0x0,
    0x0, 0x0, 0x0, 0x0, 0x0, 0x0, 0x3, 0xff,
    0x30, 0x0, 0x0, 0x0, 0x0, 0x0, 0x0, 0x3,
    0xff, 0xff, 0xff, 0xff, 0xff, 0x30, 0x0, 0x0,
    0x0, 0x0, 0xb, 0xff, 0xff, 0xff, 0xff, 0xff,
    0xb0, 0x0, 0x0, 0x0, 0x0, 0x3f, 0xfb, 0x88,
    0x88, 0x88, 0xbf, 0xf3, 0x0, 0x0, 0x0, 0x0,
    0xbf, 0xf1, 0x0, 0x0, 0x0, 0x1f, 0xfb, 0x0,
    0x0, 0x0, 0x3, 0xff, 0x80, 0x0, 0x0, 0x0,
    0x8, 0xff, 0x30, 0x0, 0x0, 0xb, 0xff, 0x10,
    0x0, 0x0, 0x0, 0x1, 0xff, 0xb0, 0x0, 0x0,
    0x4f, 0xf8, 0x0, 0x0, 0x0, 0x0, 0x0, 0x8f,
    0xf3, 0x0, 0x0, 0xcf, 0xf9, 0x77, 0x77, 0x77,
    0x77, 0x77, 0x9f, 0xfc, 0x0, 0x4, 0xff, 0xff,
    0xff, 0xff, 0xff, 0xff, 0xff, 0xff, 0xff, 0x40,
    0xc, 0xff, 0xff, 0xff, 0xff, 0xff, 0xff, 0xff,
    0xff, 0xff, 0xc0, 0x0, 0x0, 0x0, 0x0, 0x0,
    0x0, 0x0, 0x0, 0x0, 0x0, 0x0, 0x0, 0x0,
    0x0, 0x0, 0x48, 0x88, 0x84, 0x0, 0x0, 0x0,
    0x0, 0x0, 0x0, 0x0, 0x0, 0x3f, 0xff, 0xf3,
    0x0, 0x0, 0x0, 0x0, 0x0, 0x0, 0x0, 0x0,
    0x6, 0xdd, 0x60, 0x0, 0x0, 0x0, 0x0,

    /* U+F18D6 "󱣖" */
    0x0, 0x0, 0x0, 0x0, 0x0, 0x6, 0x0, 0x0,
    0x0, 0x0, 0x0, 0x0, 0x0, 0x0, 0x0, 0x0,
    0x0, 0x0, 0x6, 0xf6, 0x0, 0x0, 0x0, 0x0,
    0x0, 0x0, 0x0, 0x0, 0x0, 0x0, 0x0, 0x2,
    0xff, 0xf2, 0x0, 0x0, 0x0, 0x0, 0x0, 0x0,
    0x0, 0x0, 0x0, 0x0, 0x0, 0xcf, 0xff, 0xc0,
    0x0, 0x0, 0x0, 0x0, 0x0, 0x0, 0x0, 0x0,
    0x0, 0x0, 0x24, 0x10, 0x14, 0x20, 0x0, 0x0,
    0x8, 0xed, 0x30, 0x0, 0x0, 0x0, 0x0, 0x0,
    0x0, 0x0, 0x0, 0x0, 0x0, 0x6, 0xe5, 0x9e,
    0x0, 0x17, 0x8a, 0xb5, 0x0, 0x1, 0x46, 0x41,
    0x0, 0x0, 0x0, 0xa8, 0x0, 0xf3, 0x0, 0xef,
    0xfa, 0x0, 0x9, 0xff, 0xff, 0xfa, 0x10, 0x0,
    0xb, 0x80, 0xf, 0x40, 0x7, 0xfd, 0x0, 0x1d,
    0xff, 0xff, 0xff, 0xfd, 0x10, 0x0, 0xbf, 0xff,
    0xf4, 0x0, 0xf, 0x60, 0xb, 0xff, 0xff, 0xff,
    0xff, 0xfc, 0x0, 0xb, 0xff, 0xff, 0x40, 0x0,
    0x81, 0x3, 0xff, 0xff, 0xff, 0xff, 0xff, 0xf4,
    0x0, 0xbf, 0xff, 0xf4, 0x0, 0x0, 0x0, 0x8f,
    0xff, 0xff, 0xff, 0xff, 0xff, 0x90, 0xb, 0xff,
    0xff, 0x40, 0x0, 0x0, 0xa, 0xff, 0xff, 0xff,
    0xff, 0xff, 0xfb, 0x0, 0xbf, 0xff, 0xf4, 0x0,
    0x0, 0x0, 0xaf, 0xff, 0xff, 0xff, 0xff, 0xff,
    0xa0, 0xb, 0xff, 0xff, 0x40, 0x0, 0x10, 0x7,
    0xff, 0xff, 0xff, 0xff, 0xff, 0xf8, 0x0, 0xbf,
    0xff, 0xf4, 0x0, 0x7, 0x30, 0x2f, 0xff, 0xff,
    0xff, 0xff, 0xff, 0x20, 0x2e, 0xff, 0xff, 0x90,
    0x0, 0xe9, 0x0, 0x8f, 0xff, 0xff, 0xff, 0xff,
    0x90, 0xa, 0xff, 0xff, 0xff, 0x30, 0x6f, 0xf2,
    0x0, 0xaf, 0xff, 0xff, 0xff, 0xb0, 0x0, 0xff,
    0xff, 0xff, 0xf7, 0xd, 0xff, 0xc0, 0x0, 0x6d,
    0xff, 0xfd, 0x60, 0x0, 0xf, 0xff, 0xff, 0xff,
    0x60, 0x45, 0x78, 0x50, 0x0, 0x1, 0x21, 0x0,
    0x0, 0x0, 0xaf, 0xff, 0xff, 0xf2, 0x0, 0x0,
    0x0, 0x0, 0x0, 0x0, 0x0, 0x0, 0x0, 0x1,
    0xdf, 0xff, 0xf7, 0x0, 0x0, 0x0, 0x0, 0x2,
    0x96, 0x56, 0x92, 0x0, 0x0, 0x0, 0x7a, 0x93,
    0x0, 0x0, 0x0, 0x0, 0x0, 0x9, 0xff, 0xf9,
    0x0, 0x0, 0x0, 0x0, 0x0, 0x0, 0x0, 0x0,
    0x0, 0x0, 0x0, 0xd, 0xfd, 0x0, 0x0, 0x0,
    0x0, 0x0, 0x0, 0x0, 0x0, 0x0, 0x0, 0x0,
    0x0, 0x2f, 0x30, 0x0, 0x0, 0x0, 0x0, 0x0,
    0x0, 0x0, 0x0, 0x0, 0x0, 0x0, 0x0, 0x20,
    0x0, 0x0, 0x0, 0x0, 0x0, 0x0, 0x0
};


/*---------------------
 *  GLYPH DESCRIPTION
 *--------------------*/

static const lv_font_fmt_txt_glyph_dsc_t glyph_dsc[] = {
    {.bitmap_index = 0, .adv_w = 0, .box_w = 0, .box_h = 0, .ofs_x = 0, .ofs_y = 0} /* id = 0 reserved */,
    {.bitmap_index = 0, .adv_w = 480, .box_w = 22, .box_h = 21, .ofs_x = 4, .ofs_y = 1},
    {.bitmap_index = 231, .adv_w = 480, .box_w = 23, .box_h = 25, .ofs_x = 3, .ofs_y = -3},
    {.bitmap_index = 519, .adv_w = 480, .box_w = 28, .box_h = 24, .ofs_x = 1, .ofs_y = 0},
    {.bitmap_index = 855, .adv_w = 480, .box_w = 26, .box_h = 26, .ofs_x = 2, .ofs_y = -2},
    {.bitmap_index = 1193, .adv_w = 480, .box_w = 16, .box_h = 26, .ofs_x = 7, .ofs_y = -2},
    {.bitmap_index = 1401, .adv_w = 480, .box_w = 16, .box_h = 26, .ofs_x = 7, .ofs_y = -2},
    {.bitmap_index = 1609, .adv_w = 480, .box_w = 16, .box_h = 26, .ofs_x = 7, .ofs_y = -2},
    {.bitmap_index = 1817, .adv_w = 480, .box_w = 16, .box_h = 26, .ofs_x = 7, .ofs_y = -2},
    {.bitmap_index = 2025, .adv_w = 480, .box_w = 16, .box_h = 26, .ofs_x = 7, .ofs_y = -2},
    {.bitmap_index = 2233, .adv_w = 480, .box_w = 16, .box_h = 26, .ofs_x = 7, .ofs_y = -2},
    {.bitmap_index = 2441, .adv_w = 480, .box_w = 16, .box_h = 26, .ofs_x = 7, .ofs_y = -2},
    {.bitmap_index = 2649, .adv_w = 480, .box_w = 16, .box_h = 26, .ofs_x = 7, .ofs_y = -2},
    {.bitmap_index = 2857, .adv_w = 480, .box_w = 16, .box_h = 26, .ofs_x = 7, .ofs_y = -2},
    {.bitmap_index = 3065, .adv_w = 480, .box_w = 30, .box_h = 30, .ofs_x = 0, .ofs_y = -4},
    {.bitmap_index = 3515, .adv_w = 480, .box_w = 10, .box_h = 16, .ofs_x = 10, .ofs_y = 3},
    {.bitmap_index = 3595, .adv_w = 480, .box_w = 26, .box_h = 26, .ofs_x = 2, .ofs_y = -2},
    {.bitmap_index = 3933, .adv_w = 480, .box_w = 26, .box_h = 26, .ofs_x = 2, .ofs_y = -2},
    {.bitmap_index = 4271, .adv_w = 480, .box_w = 21, .box_h = 6, .ofs_x = 4, .ofs_y = 8},
    {.bitmap_index = 4334, .adv_w = 480, .box_w = 26, .box_h = 26, .ofs_x = 2, .ofs_y = -2},
    {.bitmap_index = 4672, .adv_w = 480, .box_w = 19, .box_h = 24, .ofs_x = 6, .ofs_y = -1},
    {.bitmap_index = 4900, .adv_w = 480, .box_w = 14, .box_h = 26, .ofs_x = 8, .ofs_y = -2},
    {.bitmap_index = 5082, .adv_w = 480, .box_w = 26, .box_h = 26, .ofs_x = 2, .ofs_y = -2},
    {.bitmap_index = 5420, .adv_w = 480, .box_w = 26, .box_h = 26, .ofs_x = 2, .ofs_y = -2},
    {.bitmap_index = 5758, .adv_w = 480, .box_w = 28, .box_h = 29, .ofs_x = 1, .ofs_y = -3},
    {.bitmap_index = 6164, .adv_w = 480, .box_w = 18, .box_h = 26, .ofs_x = 6, .ofs_y = -2},
    {.bitmap_index = 6398, .adv_w = 480, .box_w = 18, .box_h = 26, .ofs_x = 6, .ofs_y = -2},
    {.bitmap_index = 6632, .adv_w = 480, .box_w = 22, .box_h = 28, .ofs_x = 4, .ofs_y = -2},
    {.bitmap_index = 6940, .adv_w = 480, .box_w = 24, .box_h = 23, .ofs_x = 3, .ofs_y = 0},
    {.bitmap_index = 7216, .adv_w = 480, .box_w = 24, .box_h = 23, .ofs_x = 3, .ofs_y = 0},
    {.bitmap_index = 7492, .adv_w = 480, .box_w = 26, .box_h = 26, .ofs_x = 2, .ofs_y = -2},
    {.bitmap_index = 7830, .adv_w = 480, .box_w = 24, .box_h = 23, .ofs_x = 3, .ofs_y = 0},
    {.bitmap_index = 8106, .adv_w = 480, .box_w = 26, .box_h = 26, .ofs_x = 2, .ofs_y = -2},
    {.bitmap_index = 8444, .adv_w = 480, .box_w = 26, .box_h = 26, .ofs_x = 2, .ofs_y = -2},
    {.bitmap_index = 8782, .adv_w = 480, .box_w = 22, .box_h = 22, .ofs_x = 4, .ofs_y = 1},
    {.bitmap_index = 9024, .adv_w = 480, .box_w = 26, .box_h = 23, .ofs_x = 2, .ofs_y = 0},
    {.bitmap_index = 9323, .adv_w = 480, .box_w = 22, .box_h = 29, .ofs_x = 4, .ofs_y = -3},
    {.bitmap_index = 9642, .adv_w = 480, .box_w = 24, .box_h = 21, .ofs_x = 3, .ofs_y = 1},
    {.bitmap_index = 9894, .adv_w = 480, .box_w = 14, .box_h = 26, .ofs_x = 8, .ofs_y = -2},
    {.bitmap_index = 10076, .adv_w = 480, .box_w = 26, .box_h = 14, .ofs_x = 2, .ofs_y = 4},
    {.bitmap_index = 10258, .adv_w = 480, .box_w = 26, .box_h = 14, .ofs_x = 2, .ofs_y = 4},
    {.bitmap_index = 10440, .adv_w = 480, .box_w = 24, .box_h = 29, .ofs_x = 3, .ofs_y = -3},
    {.bitmap_index = 10788, .adv_w = 480, .box_w = 24, .box_h = 23, .ofs_x = 3, .ofs_y = 0},
    {.bitmap_index = 11064, .adv_w = 480, .box_w = 16, .box_h = 22, .ofs_x = 7, .ofs_y = 1},
    {.bitmap_index = 11240, .adv_w = 480, .box_w = 28, .box_h = 18, .ofs_x = 1, .ofs_y = 2},
    {.bitmap_index = 11492, .adv_w = 480, .box_w = 28, .box_h = 23, .ofs_x = 1, .ofs_y = 0},
    {.bitmap_index = 11814, .adv_w = 480, .box_w = 25, .box_h = 28, .ofs_x = 2, .ofs_y = -2},
    {.bitmap_index = 12164, .adv_w = 480, .box_w = 27, .box_h = 27, .ofs_x = 1, .ofs_y = -2},
    {.bitmap_index = 12529, .adv_w = 480, .box_w = 28, .box_h = 25, .ofs_x = 1, .ofs_y = -1},
    {.bitmap_index = 12879, .adv_w = 480, .box_w = 28, .box_h = 26, .ofs_x = 1, .ofs_y = -2},
    {.bitmap_index = 13243, .adv_w = 480, .box_w = 28, .box_h = 27, .ofs_x = 1, .ofs_y = -3},
    {.bitmap_index = 13621, .adv_w = 480, .box_w = 22, .box_h = 26, .ofs_x = 4, .ofs_y = -2},
    {.bitmap_index = 13907, .adv_w = 480, .box_w = 25, .box_h = 26, .ofs_x = 3, .ofs_y = -2},
    {.bitmap_index = 14232, .adv_w = 480, .box_w = 28, .box_h = 23, .ofs_x = 1, .ofs_y = 0},
    {.bitmap_index = 14554, .adv_w = 480, .box_w = 28, .box_h = 23, .ofs_x = 1, .ofs_y = 0},
    {.bitmap_index = 14876, .adv_w = 480, .box_w = 22, .box_h = 26, .ofs_x = 4, .ofs_y = -2},
    {.bitmap_index = 15162, .adv_w = 480, .box_w = 22, .box_h = 26, .ofs_x = 4, .ofs_y = -2},
    {.bitmap_index = 15448, .adv_w = 480, .box_w = 26, .box_h = 26, .ofs_x = 2, .ofs_y = -2},
    {.bitmap_index = 15786, .adv_w = 480, .box_w = 16, .box_h = 23, .ofs_x = 7, .ofs_y = 0},
    {.bitmap_index = 15970, .adv_w = 480, .box_w = 27, .box_h = 28, .ofs_x = 1, .ofs_y = -3},
    {.bitmap_index = 16348, .adv_w = 480, .box_w = 21, .box_h = 26, .ofs_x = 4, .ofs_y = -2},
    {.bitmap_index = 16621, .adv_w = 480, .box_w = 18, .box_h = 19, .ofs_x = 6, .ofs_y = 1},
    {.bitmap_index = 16792, .adv_w = 480, .box_w = 18, .box_h = 19, .ofs_x = 6, .ofs_y = 1},
    {.bitmap_index = 16963, .adv_w = 480, .box_w = 24, .box_h = 26, .ofs_x = 3, .ofs_y = -2},
    {.bitmap_index = 17275, .adv_w = 480, .box_w = 22, .box_h = 21, .ofs_x = 4, .ofs_y = 1},
    {.bitmap_index = 17506, .adv_w = 480, .box_w = 26, .box_h = 22, .ofs_x = 2, .ofs_y = 1},
    {.bitmap_index = 17792, .adv_w = 480, .box_w = 23, .box_h = 15, .ofs_x = 3, .ofs_y = 3},
    {.bitmap_index = 17965, .adv_w = 480, .box_w = 26, .box_h = 23, .ofs_x = 2, .ofs_y = 0},
    {.bitmap_index = 18264, .adv_w = 480, .box_w = 26, .box_h = 23, .ofs_x = 2, .ofs_y = 0},
    {.bitmap_index = 18563, .adv_w = 480, .box_w = 26, .box_h = 26, .ofs_x = 2, .ofs_y = -2},
    {.bitmap_index = 18901, .adv_w = 480, .box_w = 26, .box_h = 26, .ofs_x = 2, .ofs_y = -3},
    {.bitmap_index = 19239, .adv_w = 480, .box_w = 26, .box_h = 26, .ofs_x = 2, .ofs_y = -2},
    {.bitmap_index = 19577, .adv_w = 480, .box_w = 26, .box_h = 26, .ofs_x = 2, .ofs_y = -2},
    {.bitmap_index = 19915, .adv_w = 480, .box_w = 27, .box_h = 29, .ofs_x = 2, .ofs_y = -2},
    {.bitmap_index = 20307, .adv_w = 480, .box_w = 24, .box_h = 29, .ofs_x = 3, .ofs_y = -3},
    {.bitmap_index = 20655, .adv_w = 480, .box_w = 27, .box_h = 28, .ofs_x = 2, .ofs_y = -2},
    {.bitmap_index = 21033, .adv_w = 480, .box_w = 26, .box_h = 26, .ofs_x = 2, .ofs_y = -2},
    {.bitmap_index = 21371, .adv_w = 480, .box_w = 26, .box_h = 26, .ofs_x = 2, .ofs_y = -2},
    {.bitmap_index = 21709, .adv_w = 480, .box_w = 26, .box_h = 23, .ofs_x = 2, .ofs_y = 0},
    {.bitmap_index = 22008, .adv_w = 480, .box_w = 14, .box_h = 26, .ofs_x = 8, .ofs_y = -2},
    {.bitmap_index = 22190, .adv_w = 480, .box_w = 14, .box_h = 26, .ofs_x = 8, .ofs_y = -2},
    {.bitmap_index = 22372, .adv_w = 480, .box_w = 26, .box_h = 19, .ofs_x = 2, .ofs_y = 1},
    {.bitmap_index = 22619, .adv_w = 480, .box_w = 26, .box_h = 20, .ofs_x = 2, .ofs_y = 1},
    {.bitmap_index = 22879, .adv_w = 480, .box_w = 26, .box_h = 26, .ofs_x = 2, .ofs_y = -2},
    {.bitmap_index = 23217, .adv_w = 480, .box_w = 16, .box_h = 29, .ofs_x = 7, .ofs_y = -3},
    {.bitmap_index = 23449, .adv_w = 480, .box_w = 28, .box_h = 30, .ofs_x = 1, .ofs_y = -3},
    {.bitmap_index = 23869, .adv_w = 480, .box_w = 22, .box_h = 22, .ofs_x = 4, .ofs_y = 1},
    {.bitmap_index = 24111, .adv_w = 480, .box_w = 26, .box_h = 15, .ofs_x = 2, .ofs_y = 3},
    {.bitmap_index = 24306, .adv_w = 480, .box_w = 22, .box_h = 21, .ofs_x = 4, .ofs_y = 1},
    {.bitmap_index = 24537, .adv_w = 480, .box_w = 27, .box_h = 26, .ofs_x = 1, .ofs_y = -2}
};

/*---------------------
 *  CHARACTER MAPPING
 *--------------------*/

static const uint16_t unicode_list_0[] = {
    0x0, 0xe, 0x22, 0x24, 0x75, 0x76, 0x78, 0x7a,
    0x7c, 0x7e, 0x7f, 0x80, 0x8a, 0xda, 0x13e, 0x14c,
    0x155, 0x1d4, 0x20c, 0x234, 0x23d, 0x296, 0x2d3, 0x315,
    0x331, 0x332, 0x33a, 0x357, 0x38e, 0x38f, 0x3d4, 0x3e1,
    0x408, 0x421, 0x4c1, 0x4e2, 0x4e3, 0x50b, 0x51d, 0x51e,
    0x561, 0x57a, 0x58a, 0x58c, 0x58d, 0x590, 0x591, 0x592,
    0x593, 0x594, 0x595, 0x599, 0x5a5, 0x5a6, 0x5aa, 0x5ad,
    0x5dc, 0x6a1, 0x6a2, 0x6b1, 0x6d5, 0x6d6, 0x713, 0x765,
    0x7cd, 0x7e0, 0x817, 0x818, 0x819, 0xa5c, 0xbbe, 0xd3f,
    0xd8d, 0xec8, 0xfc2, 0xfca, 0x101c, 0x104d, 0x10be, 0x10bf,
    0x124f, 0x1250, 0x12a4, 0x1407, 0x1431, 0x14fe, 0x1797, 0x17c3,
    0x18d2
};

/*Collect the unicode lists and glyph_id offsets*/
static const lv_font_fmt_txt_cmap_t cmaps[] =
{
    {
        .range_start = 983044, .range_length = 6355, .glyph_id_start = 1,
        .unicode_list = unicode_list_0, .glyph_id_ofs_list = NULL, .list_length = 89, .type = LV_FONT_FMT_TXT_CMAP_SPARSE_TINY
    }
};



/*--------------------
 *  ALL CUSTOM DATA
 *--------------------*/

#if LVGL_VERSION_MAJOR == 8
/*Store all the custom data of the font*/
static  lv_font_fmt_txt_glyph_cache_t cache;
#endif

#if LVGL_VERSION_MAJOR >= 8
static const lv_font_fmt_txt_dsc_t font_dsc = {
#else
static lv_font_fmt_txt_dsc_t font_dsc = {
#endif
    .glyph_bitmap = glyph_bitmap,
    .glyph_dsc = glyph_dsc,
    .cmaps = cmaps,
    .kern_dsc = NULL,
    .kern_scale = 0,
    .cmap_num = 1,
    .bpp = 4,
    .kern_classes = 0,
    .bitmap_format = 0,
#if LVGL_VERSION_MAJOR == 8
    .cache = &cache
#endif
};



/*-----------------
 *  PUBLIC FONT
 *----------------*/

/*Initialize a public general font descriptor*/
#if LVGL_VERSION_MAJOR >= 8
const lv_font_t fleet_icons_30 = {
#else
lv_font_t fleet_icons_30 = {
#endif
    .get_glyph_dsc = lv_font_get_glyph_dsc_fmt_txt,    /*Function pointer to get glyph's data*/
    .get_glyph_bitmap = lv_font_get_bitmap_fmt_txt,    /*Function pointer to get glyph's bitmap*/
    .line_height = 31,          /*The maximum line height required by the font*/
    .base_line = 4,             /*Baseline measured from the bottom of the line*/
#if !(LVGL_VERSION_MAJOR == 6 && LVGL_VERSION_MINOR == 0)
    .subpx = LV_FONT_SUBPX_NONE,
#endif
#if LV_VERSION_CHECK(7, 4, 0) || LVGL_VERSION_MAJOR >= 8
    .underline_position = 0,
    .underline_thickness = 0,
#endif
    .dsc = &font_dsc,          /*The custom font data. Will be accessed by `get_glyph_bitmap/dsc` */
#if LV_VERSION_CHECK(8, 2, 0) || LVGL_VERSION_MAJOR >= 9
    .fallback = NULL,
#endif
    .user_data = NULL,
};



#endif /*#if FLEET_ICONS_30*/

