/* fleet-glyph-set: 5d9cc6d04166 - generated by scripts/gen_icon_font.py. Do not edit. */
/*******************************************************************************
 * Size: 26 px
 * Bpp: 4
 * Opts: --font C:\Users\Marge\Documents\PlatformIO\Projects\ESP32 Voice Assistant Fleet\assets\fonts\materialdesignicons-webfont-7.4.47.ttf -r 0xF0004,0xF0012,0xF0026,0xF0028,0xF0079,0xF007A,0xF007C,0xF007E,0xF0080,0xF0082,0xF0083,0xF0084,0xF008E,0xF00DE,0xF0142,0xF0150,0xF0159,0xF01D8,0xF0210,0xF0238,0xF0241,0xF029A,0xF02D7,0xF0319,0xF0335,0xF0336,0xF033E,0xF035B,0xF0392,0xF0393,0xF03D8,0xF03E5,0xF040C,0xF0425,0xF04C5,0xF04E6,0xF04E7,0xF050F,0xF0521,0xF0522,0xF0565,0xF057E,0xF058E,0xF0590,0xF0591,0xF0594,0xF0595,0xF0596,0xF0597,0xF0598,0xF0599,0xF059D,0xF05A9,0xF05AA,0xF05AE,0xF05B1,0xF05E0,0xF06A5,0xF06A6,0xF06B5,0xF06D9,0xF06DA,0xF0717,0xF0769,0xF07D1,0xF07E4,0xF081B,0xF081C,0xF081D,0xF0A60,0xF0BC2,0xF0D43,0xF0D91,0xF0ECC,0xF0FC6,0xF0FCE,0xF1020,0xF1051,0xF10C2,0xF10C3,0xF1253,0xF1254,0xF12A8,0xF140B,0xF1435,0xF1502,0xF179B,0xF17C7,0xF18D6 --size 26 --bpp 4 --format lvgl --no-compress --lv-include lvgl.h -o C:\Users\Marge\Documents\PlatformIO\Projects\ESP32 Voice Assistant Fleet\src\UI\fonts\fleet_icons_26.c
 ******************************************************************************/

#ifdef LV_LVGL_H_INCLUDE_SIMPLE
#include "lvgl.h"
#else
#include "lvgl.h"
#endif

#ifndef FLEET_ICONS_26
#define FLEET_ICONS_26 1
#endif

#if FLEET_ICONS_26

/*-----------------
 *    BITMAPS
 *----------------*/

/*Store the image of the glyphs*/
static LV_ATTRIBUTE_LARGE_CONST const uint8_t glyph_bitmap[] = {
    /* U+F0004 "󰀄" */
    0x0, 0x0, 0x0, 0x5, 0x87, 0x20, 0x0, 0x0,
    0x0, 0x0, 0x0, 0x2, 0xdf, 0xff, 0xf8, 0x0,
    0x0, 0x0, 0x0, 0x0, 0xd, 0xff, 0xff, 0xff,
    0x60, 0x0, 0x0, 0x0, 0x0, 0x5f, 0xff, 0xff,
    0xff, 0xe0, 0x0, 0x0, 0x0, 0x0, 0x8f, 0xff,
    0xff, 0xff, 0xf0, 0x0, 0x0, 0x0, 0x0, 0x7f,
    0xff, 0xff, 0xff, 0xf0, 0x0, 0x0, 0x0, 0x0,
    0x2f, 0xff, 0xff, 0xff, 0xb0, 0x0, 0x0, 0x0,
    0x0, 0x9, 0xff, 0xff, 0xff, 0x20, 0x0, 0x0,
    0x0, 0x0, 0x0, 0x7e, 0xff, 0xc2, 0x0, 0x0,
    0x0, 0x0, 0x0, 0x0, 0x0, 0x11, 0x0, 0x0,
    0x0, 0x0, 0x0, 0x0, 0x0, 0x0, 0x0, 0x0,
    0x0, 0x0, 0x0, 0x0, 0x0, 0x2, 0x67, 0x88,
    0x64, 0x10, 0x0, 0x0, 0x0, 0x39, 0xff, 0xff,
    0xff, 0xff, 0xfd, 0x70, 0x0, 0x8, 0xff, 0xff,
    0xff, 0xff, 0xff, 0xff, 0xfd, 0x30, 0x7f, 0xff,
    0xff, 0xff, 0xff, 0xff, 0xff, 0xff, 0xf1, 0xdf,
    0xff, 0xff, 0xff, 0xff, 0xff, 0xff, 0xff, 0xf6,
    0xef, 0xff, 0xff, 0xff, 0xff, 0xff, 0xff, 0xff,
    0xf7, 0xdf, 0xff, 0xff, 0xff, 0xff, 0xff, 0xff,
    0xff, 0xf7,

    /* U+F0012 "󰀒" */
    0x0, 0x0, 0x0, 0x0, 0x3, 0x65, 0x10, 0x0,
    0x0, 0x0, 0x0, 0x0, 0x0, 0x1, 0xbf, 0xff,
    0xf6, 0x0, 0x0, 0x0, 0x0, 0x20, 0x0, 0xb,
    0xff, 0xff, 0xff, 0x50, 0x0, 0x0, 0xc, 0xe3,
    0x0, 0x3f, 0xff, 0xff, 0xff, 0xd0, 0x0, 0x0,
    0x9, 0xfe, 0x30, 0x2e, 0xff, 0xff, 0xff, 0xf0,
    0x0, 0x0, 0x0, 0x9f, 0xe3, 0x3, 0xef, 0xff,
    0xff, 0xf0, 0x0, 0x0, 0x0, 0x9, 0xfe, 0x30,
    0x3e, 0xff, 0xff, 0xc0, 0x0, 0x0, 0x0, 0x0,
    0x9f, 0xe3, 0x3, 0xef, 0xff, 0x30, 0x0, 0x0,
    0x0, 0x0, 0x9, 0xfe, 0x30, 0x3e, 0xd4, 0x0,
    0x0, 0x0, 0x0, 0x0, 0x0, 0x9f, 0xe3, 0x1,
    0x0, 0x0, 0x0, 0x0, 0x0, 0x0, 0x0, 0x9,
    0xfe, 0x30, 0x0, 0x0, 0x0, 0x0, 0x0, 0x0,
    0x0, 0x2, 0xdf, 0xe3, 0x0, 0x10, 0x0, 0x0,
    0x0, 0x0, 0x29, 0xff, 0xff, 0xfe, 0x30, 0x2b,
    0x70, 0x0, 0x0, 0x8, 0xff, 0xff, 0xff, 0xff,
    0xe3, 0x2, 0xee, 0x30, 0x0, 0x7f, 0xff, 0xff,
    0xff, 0xff, 0xfe, 0x30, 0x2e, 0xf1, 0x0, 0xdf,
    0xff, 0xff, 0xff, 0xff, 0xff, 0xe3, 0x2, 0xe6,
    0x0, 0xef, 0xff, 0xff, 0xff, 0xff, 0xff, 0xfe,
    0x30, 0x25, 0x0, 0xdf, 0xff, 0xff, 0xff, 0xff,
    0xff, 0xff, 0xe3, 0x0, 0x0, 0x0, 0x0, 0x0,
    0x0, 0x0, 0x0, 0x9, 0xfe, 0x30, 0x0, 0x0,
    0x0, 0x0, 0x0, 0x0, 0x0, 0x0, 0x9f, 0xf2,
    0x0, 0x0, 0x0, 0x0, 0x0, 0x0, 0x0, 0x0,
    0x9, 0xb0, 0x0, 0x0, 0x0, 0x0, 0x0, 0x0,
    0x0, 0x0, 0x0, 0x0,

    /* U+F0026 "󰀦" */
    0x0, 0x0, 0x0, 0x0, 0x0, 0x0, 0x0, 0x0,
    0x0, 0x0, 0x0, 0x0, 0x0, 0x0, 0x0, 0x0,
    0x0, 0x7, 0x70, 0x0, 0x0, 0x0, 0x0, 0x0,
    0x0, 0x0, 0x0, 0x0, 0x0, 0x1f, 0xf1, 0x0,
    0x0, 0x0, 0x0, 0x0, 0x0, 0x0, 0x0, 0x0,
    0x0, 0xaf, 0xfa, 0x0, 0x0, 0x0, 0x0, 0x0,
    0x0, 0x0, 0x0, 0x0, 0x4, 0xff, 0xff, 0x40,
    0x0, 0x0, 0x0, 0x0, 0x0, 0x0, 0x0, 0x0,
    0xd, 0xff, 0xff, 0xd0, 0x0, 0x0, 0x0, 0x0,
    0x0, 0x0, 0x0, 0x0, 0x6f, 0xff, 0xff, 0xf6,
    0x0, 0x0, 0x0, 0x0, 0x0, 0x0, 0x0, 0x1,
    0xef, 0xff, 0xff, 0xfe, 0x10, 0x0, 0x0, 0x0,
    0x0, 0x0, 0x0, 0x9, 0xff, 0xf3, 0x3f, 0xff,
    0x90, 0x0, 0x0, 0x0, 0x0, 0x0, 0x0, 0x3f,
    0xff, 0xe0, 0xe, 0xff, 0xf3, 0x0, 0x0, 0x0,
    0x0, 0x0, 0x0, 0xcf, 0xff, 0xe0, 0xe, 0xff,
    0xfc, 0x0, 0x0, 0x0, 0x0, 0x0, 0x5, 0xff,
    0xff, 0xe0, 0xe, 0xff, 0xff, 0x50, 0x0, 0x0,
    0x0, 0x0, 0xe, 0xff, 0xff, 0xe0, 0xe, 0xff,
    0xff, 0xe0, 0x0, 0x0, 0x0, 0x0, 0x8f, 0xff,
    0xff, 0xf5, 0x5f, 0xff, 0xff, 0xf8, 0x0, 0x0,
    0x0, 0x2, 0xff, 0xff, 0xff, 0xff, 0xff, 0xff,
    0xff, 0xff, 0x20, 0x0, 0x0, 0xb, 0xff, 0xff,
    0xff, 0xfc, 0xcf, 0xff, 0xff, 0xff, 0xb0, 0x0,
    0x0, 0x4f, 0xff, 0xff, 0xff, 0xe0, 0xe, 0xff,
    0xff, 0xff, 0xf4, 0x0, 0x0, 0xdf, 0xff, 0xff,
    0xff, 0xf3, 0x3f, 0xff, 0xff, 0xff, 0xfd, 0x0,
    0x7, 0xff, 0xff, 0xff, 0xff, 0xff, 0xff, 0xff,
    0xff, 0xff, 0xff, 0x70, 0x1f, 0xff, 0xff, 0xff,
    0xff, 0xff, 0xff, 0xff, 0xff, 0xff, 0xff, 0xf1,
    0xaf, 0xff, 0xff, 0xff, 0xff, 0xff, 0xff, 0xff,
    0xff, 0xff, 0xff, 0xfa,

    /* U+F0028 "󰀨" */
    0x0, 0x0, 0x0, 0x0, 0x14, 0x55, 0x41, 0x0,
    0x0, 0x0, 0x0, 0x0, 0x0, 0x0, 0x6c, 0xff,
    0xff, 0xff, 0xc6, 0x0, 0x0, 0x0, 0x0, 0x0,
    0x4e, 0xff, 0xff, 0xff, 0xff, 0xff, 0xe4, 0x0,
    0x0, 0x0, 0x6, 0xff, 0xff, 0xff, 0xff, 0xff,
    0xff, 0xff, 0x60, 0x0, 0x0, 0x5f, 0xff, 0xff,
    0xff, 0xff, 0xff, 0xff, 0xff, 0xf5, 0x0, 0x1,
    0xff, 0xff, 0xff, 0xff, 0xff, 0xff, 0xff, 0xff,
    0xff, 0x10, 0xa, 0xff, 0xff, 0xff, 0xfe, 0x0,
    0xef, 0xff, 0xff, 0xff, 0x90, 0x1f, 0xff, 0xff,
    0xff, 0xfe, 0x0, 0xef, 0xff, 0xff, 0xff, 0xf1,
    0x6f, 0xff, 0xff, 0xff, 0xfe, 0x0, 0xef, 0xff,
    0xff, 0xff, 0xf6, 0xaf, 0xff, 0xff, 0xff, 0xfe,
    0x0, 0xef, 0xff, 0xff, 0xff, 0xfa, 0xbf, 0xff,
    0xff, 0xff, 0xfe, 0x0, 0xef, 0xff, 0xff, 0xff,
    0xfb, 0xcf, 0xff, 0xff, 0xff, 0xfe, 0x0, 0xef,
    0xff, 0xff, 0xff, 0xfc, 0xbf, 0xff, 0xff, 0xff,
    0xff, 0xee, 0xff, 0xff, 0xff, 0xff, 0xfb, 0x9f,
    0xff, 0xff, 0xff, 0xff, 0xff, 0xff, 0xff, 0xff,
    0xff, 0xf9, 0x4f, 0xff, 0xff, 0xff, 0xff, 0x44,
    0xff, 0xff, 0xff, 0xff, 0xf4, 0xe, 0xff, 0xff,
    0xff, 0xfe, 0x0, 0xef, 0xff, 0xff, 0xff, 0xe0,
    0x7, 0xff, 0xff, 0xff, 0xff, 0x44, 0xff, 0xff,
    0xff, 0xff, 0x60, 0x0, 0xcf, 0xff, 0xff, 0xff,
    0xff, 0xff, 0xff, 0xff, 0xfc, 0x0, 0x0, 0x1e,
    0xff, 0xff, 0xff, 0xff, 0xff, 0xff, 0xff, 0xe1,
    0x0, 0x0, 0x2, 0xdf, 0xff, 0xff, 0xff, 0xff,
    0xff, 0xfd, 0x20, 0x0, 0x0, 0x0, 0x8, 0xff,
    0xff, 0xff, 0xff, 0xff, 0x80, 0x0, 0x0, 0x0,
    0x0, 0x0, 0x17, 0xbe, 0xff, 0xeb, 0x71, 0x0,
    0x0, 0x0, 0x0, 0x0, 0x0, 0x0, 0x0, 0x0,
    0x0, 0x0, 0x0, 0x0, 0x0,

    /* U+F0079 "󰁹" */
    0x0, 0x4, 0x99, 0x99, 0x99, 0x0, 0x0, 0x0,
    0x7, 0xff, 0xff, 0xff, 0x0, 0x0, 0x6, 0x7b,
    0xff, 0xff, 0xff, 0x77, 0x30, 0x9f, 0xff, 0xff,
    0xff, 0xff, 0xff, 0xf2, 0xbf, 0xff, 0xff, 0xff,
    0xff, 0xff, 0xf4, 0xbf, 0xff, 0xff, 0xff, 0xff,
    0xff, 0xf4, 0xbf, 0xff, 0xff, 0xff, 0xff, 0xff,
    0xf4, 0xbf, 0xff, 0xff, 0xff, 0xff, 0xff, 0xf4,
    0xbf, 0xff, 0xff, 0xff, 0xff, 0xff, 0xf4, 0xbf,
    0xff, 0xff, 0xff, 0xff, 0xff, 0xf4, 0xbf, 0xff,
    0xff, 0xff, 0xff, 0xff, 0xf4, 0xbf, 0xff, 0xff,
    0xff, 0xff, 0xff, 0xf4, 0xbf, 0xff, 0xff, 0xff,
    0xff, 0xff, 0xf4, 0xbf, 0xff, 0xff, 0xff, 0xff,
    0xff, 0xf4, 0xbf, 0xff, 0xff, 0xff, 0xff, 0xff,
    0xf4, 0xbf, 0xff, 0xff, 0xff, 0xff, 0xff, 0xf4,
    0xbf, 0xff, 0xff, 0xff, 0xff, 0xff, 0xf4, 0xbf,
    0xff, 0xff, 0xff, 0xff, 0xff, 0xf4, 0xbf, 0xff,
    0xff, 0xff, 0xff, 0xff, 0xf4, 0xbf, 0xff, 0xff,
    0xff, 0xff, 0xff, 0xf4, 0xbf, 0xff, 0xff, 0xff,
    0xff, 0xff, 0xf4, 0x5f, 0xff, 0xff, 0xff, 0xff,
    0xff, 0xd0, 0x0, 0x0, 0x0, 0x0, 0x0, 0x0,
    0x0,

    /* U+F007A "󰁺" */
    0x0, 0x0, 0x55, 0x55, 0x55, 0x30, 0x0, 0x0,
    0x0, 0xff, 0xff, 0xff, 0xa0, 0x0, 0x1, 0x33,
    0xff, 0xff, 0xff, 0xb3, 0x30, 0x1e, 0xff, 0xff,
    0xff, 0xff, 0xff, 0xfa, 0x4f, 0xff, 0xff, 0xff,
    0xff, 0xff, 0xfe, 0x4f, 0xe0, 0x0, 0x0, 0x0,
    0x4, 0xfe, 0x4f, 0xe0, 0x0, 0x0, 0x0, 0x4,
    0xfe, 0x4f, 0xe0, 0x0, 0x0, 0x0, 0x4, 0xfe,
    0x4f, 0xe0, 0x0, 0x0, 0x0, 0x4, 0xfe, 0x4f,
    0xe0, 0x0, 0x0, 0x0, 0x4, 0xfe, 0x4f, 0xe0,
    0x0, 0x0, 0x0, 0x4, 0xfe, 0x4f, 0xe0, 0x0,
    0x0, 0x0, 0x4, 0xfe, 0x4f, 0xe0, 0x0, 0x0,
    0x0, 0x4, 0xfe, 0x4f, 0xe0, 0x0, 0x0, 0x0,
    0x4, 0xfe, 0x4f, 0xe0, 0x0, 0x0, 0x0, 0x4,
    0xfe, 0x4f, 0xe0, 0x0, 0x0, 0x0, 0x4, 0xfe,
    0x4f, 0xe0, 0x0, 0x0, 0x0, 0x4, 0xfe, 0x4f,
    0xe3, 0x33, 0x33, 0x33, 0x37, 0xfe, 0x4f, 0xff,
    0xff, 0xff, 0xff, 0xff, 0xfe, 0x4f, 0xff, 0xff,
    0xff, 0xff, 0xff, 0xfe, 0x4f, 0xff, 0xff, 0xff,
    0xff, 0xff, 0xfe, 0xd, 0xff, 0xff, 0xff, 0xff,
    0xff, 0xf8, 0x0, 0x0, 0x0, 0x0, 0x0, 0x0,
    0x0,

    /* U+F007C "󰁼" */
    0x0, 0x0, 0x55, 0x55, 0x55, 0x30, 0x0, 0x0,
    0x0, 0xff, 0xff, 0xff, 0xa0, 0x0, 0x1, 0x33,
    0xff, 0xff, 0xff, 0xb3, 0x30, 0x1e, 0xff, 0xff,
    0xff, 0xff, 0xff, 0xfa, 0x4f, 0xff, 0xff, 0xff,
    0xff, 0xff, 0xfe, 0x4f, 0xe0, 0x0, 0x0, 0x0,
    0x4, 0xfe, 0x4f, 0xe0, 0x0, 0x0, 0x0, 0x4,
    0xfe, 0x4f, 0xe0, 0x0, 0x0, 0x0, 0x4, 0xfe,
    0x4f, 0xe0, 0x0, 0x0, 0x0, 0x4, 0xfe, 0x4f,
    0xe0, 0x0, 0x0, 0x0, 0x4, 0xfe, 0x4f, 0xe0,
    0x0, 0x0, 0x0, 0x4, 0xfe, 0x4f, 0xe0, 0x0,
    0x0, 0x0, 0x4, 0xfe, 0x4f, 0xe0, 0x0, 0x0,
    0x0, 0x4, 0xfe, 0x4f, 0xe0, 0x0, 0x0, 0x0,
    0x4, 0xfe, 0x4f, 0xf8, 0x88, 0x88, 0x88, 0x8a,
    0xfe, 0x4f, 0xff, 0xff, 0xff, 0xff, 0xff, 0xfe,
    0x4f, 0xff, 0xff, 0xff, 0xff, 0xff, 0xfe, 0x4f,
    0xff, 0xff, 0xff, 0xff, 0xff, 0xfe, 0x4f, 0xff,
    0xff, 0xff, 0xff, 0xff, 0xfe, 0x4f, 0xff, 0xff,
    0xff, 0xff, 0xff, 0xfe, 0x4f, 0xff, 0xff, 0xff,
    0xff, 0xff, 0xfe, 0xd, 0xff, 0xff, 0xff, 0xff,
    0xff, 0xf8, 0x0, 0x0, 0x0, 0x0, 0x0, 0x0,
    0x0,

    /* U+F007E "󰁾" */
    0x0, 0x0, 0x55, 0x55, 0x55, 0x30, 0x0, 0x0,
    0x0, 0xff, 0xff, 0xff, 0xa0, 0x0, 0x1, 0x33,
    0xff, 0xff, 0xff, 0xb3, 0x30, 0x1e, 0xff, 0xff,
    0xff, 0xff, 0xff, 0xfa, 0x4f, 0xff, 0xff, 0xff,
    0xff, 0xff, 0xfe, 0x4f, 0xe0, 0x0, 0x0, 0x0,
    0x4, 0xfe, 0x4f, 0xe0, 0x0, 0x0, 0x0, 0x4,
    0xfe, 0x4f, 0xe0, 0x0, 0x0, 0x0, 0x4, 0xfe,
    0x4f, 0xe0, 0x0, 0x0, 0x0, 0x4, 0xfe, 0x4f,
    0xe0, 0x0, 0x0, 0x0, 0x4, 0xfe, 0x4f, 0xe0,
    0x0, 0x0, 0x0, 0x4, 0xfe, 0x4f, 0xe0, 0x0,
    0x0, 0x0, 0x4, 0xfe, 0x4f, 0xfb, 0xbb, 0xbb,
    0xbb, 0xbc, 0xfe, 0x4f, 0xff, 0xff, 0xff, 0xff,
    0xff, 0xfe, 0x4f, 0xff, 0xff, 0xff, 0xff, 0xff,
    0xfe, 0x4f, 0xff, 0xff, 0xff, 0xff, 0xff, 0xfe,
    0x4f, 0xff, 0xff, 0xff, 0xff, 0xff, 0xfe, 0x4f,
    0xff, 0xff, 0xff, 0xff, 0xff, 0xfe, 0x4f, 0xff,
    0xff, 0xff, 0xff, 0xff, 0xfe, 0x4f, 0xff, 0xff,
    0xff, 0xff, 0xff, 0xfe, 0x4f, 0xff, 0xff, 0xff,
    0xff, 0xff, 0xfe, 0xd, 0xff, 0xff, 0xff, 0xff,
    0xff, 0xf8, 0x0, 0x0, 0x0, 0x0, 0x0, 0x0,
    0x0,

    /* U+F0080 "󰂀" */
    0x0, 0x0, 0x55, 0x55, 0x55, 0x30, 0x0, 0x0,
    0x0, 0xff, 0xff, 0xff, 0xa0, 0x0, 0x1, 0x33,
    0xff, 0xff, 0xff, 0xb3, 0x30, 0x1e, 0xff, 0xff,
    0xff, 0xff, 0xff, 0xfa, 0x4f, 0xff, 0xff, 0xff,
    0xff, 0xff, 0xfe, 0x4f, 0xe0, 0x0, 0x0, 0x0,
    0x4, 0xfe, 0x4f, 0xe0, 0x0, 0x0, 0x0, 0x4,
    0xfe, 0x4f, 0xe0, 0x0, 0x0, 0x0, 0x4, 0xfe,
    0x4f, 0xe0, 0x0, 0x0, 0x0, 0x4, 0xfe, 0x4f,
    0xff, 0xff, 0xff, 0xff, 0xff, 0xfe, 0x4f, 0xff,
    0xff, 0xff, 0xff, 0xff, 0xfe, 0x4f, 0xff, 0xff,
    0xff, 0xff, 0xff, 0xfe, 0x4f, 0xff, 0xff, 0xff,
    0xff, 0xff, 0xfe, 0x4f, 0xff, 0xff, 0xff, 0xff,
    0xff, 0xfe, 0x4f, 0xff, 0xff, 0xff, 0xff, 0xff,
    0xfe, 0x4f, 0xff, 0xff, 0xff, 0xff, 0xff, 0xfe,
    0x4f, 0xff, 0xff, 0xff, 0xff, 0xff, 0xfe, 0x4f,
    0xff, 0xff, 0xff, 0xff, 0xff, 0xfe, 0x4f, 0xff,
    0xff, 0xff, 0xff, 0xff, 0xfe, 0x4f, 0xff, 0xff,
    0xff, 0xff, 0xff, 0xfe, 0x4f, 0xff, 0xff, 0xff,
    0xff, 0xff, 0xfe, 0xd, 0xff, 0xff, 0xff, 0xff,
    0xff, 0xf8, 0x0, 0x0, 0x0, 0x0, 0x0, 0x0,
    0x0,

    /* U+F0082 "󰂂" */
    0x0, 0x0, 0x55, 0x55, 0x55, 0x30, 0x0, 0x0,
    0x0, 0xff, 0xff, 0xff, 0xa0, 0x0, 0x1, 0x33,
    0xff, 0xff, 0xff, 0xb3, 0x30, 0x1e, 0xff, 0xff,
    0xff, 0xff, 0xff, 0xfa, 0x4f, 0xff, 0xff, 0xff,
    0xff, 0xff, 0xfe, 0x4f, 0xe0, 0x0, 0x0, 0x0,
    0x4, 0xfe, 0x4f, 0xe0, 0x0, 0x0, 0x0, 0x4,
    0xfe, 0x4f, 0xff, 0xff, 0xff, 0xff, 0xff, 0xfe,
    0x4f, 0xff, 0xff, 0xff, 0xff, 0xff, 0xfe, 0x4f,
    0xff, 0xff, 0xff, 0xff, 0xff, 0xfe, 0x4f, 0xff,
    0xff, 0xff, 0xff, 0xff, 0xfe, 0x4f, 0xff, 0xff,
    0xff, 0xff, 0xff, 0xfe, 0x4f, 0xff, 0xff, 0xff,
    0xff, 0xff, 0xfe, 0x4f, 0xff, 0xff, 0xff, 0xff,
    0xff, 0xfe, 0x4f, 0xff, 0xff, 0xff, 0xff, 0xff,
    0xfe, 0x4f, 0xff, 0xff, 0xff, 0xff, 0xff, 0xfe,
    0x4f, 0xff, 0xff, 0xff, 0xff, 0xff, 0xfe, 0x4f,
    0xff, 0xff, 0xff, 0xff, 0xff, 0xfe, 0x4f, 0xff,
    0xff, 0xff, 0xff, 0xff, 0xfe, 0x4f, 0xff, 0xff,
    0xff, 0xff, 0xff, 0xfe, 0x4f, 0xff, 0xff, 0xff,
    0xff, 0xff, 0xfe, 0xd, 0xff, 0xff, 0xff, 0xff,
    0xff, 0xf8, 0x0, 0x0, 0x0, 0x0, 0x0, 0x0,
    0x0,

    /* U+F0083 "󰂃" */
    0x0, 0x2, 0x88, 0x88, 0x88, 0x20, 0x0, 0x0,
    0x3, 0xff, 0xff, 0xff, 0x30, 0x0, 0x4, 0x69,
    0xff, 0xff, 0xff, 0x96, 0x40, 0x5f, 0xff, 0xff,
    0xff, 0xff, 0xff, 0xf4, 0x7f, 0xff, 0xff, 0xff,
    0xff, 0xff, 0xf6, 0x7f, 0xff, 0xff, 0xff, 0xff,
    0xff, 0xf6, 0x7f, 0xff, 0xff, 0xff, 0xff, 0xff,
    0xf6, 0x7f, 0xff, 0xfe, 0x0, 0xef, 0xff, 0xf6,
    0x7f, 0xff, 0xfe, 0x0, 0xef, 0xff, 0xf6, 0x7f,
    0xff, 0xfe, 0x0, 0xef, 0xff, 0xf6, 0x7f, 0xff,
    0xfe, 0x0, 0xef, 0xff, 0xf6, 0x7f, 0xff, 0xfe,
    0x0, 0xef, 0xff, 0xf6, 0x7f, 0xff, 0xfe, 0x0,
    0xef, 0xff, 0xf6, 0x7f, 0xff, 0xff, 0x55, 0xff,
    0xff, 0xf6, 0x7f, 0xff, 0xff, 0xff, 0xff, 0xff,
    0xf6, 0x7f, 0xff, 0xff, 0xcc, 0xff, 0xff, 0xf6,
    0x7f, 0xff, 0xfe, 0x0, 0xef, 0xff, 0xf6, 0x7f,
    0xff, 0xff, 0x33, 0xff, 0xff, 0xf6, 0x7f, 0xff,
    0xff, 0xff, 0xff, 0xff, 0xf6, 0x7f, 0xff, 0xff,
    0xff, 0xff, 0xff, 0xf6, 0x7f, 0xff, 0xff, 0xff,
    0xff, 0xff, 0xf6, 0x2e, 0xff, 0xff, 0xff, 0xff,
    0xff, 0xe2, 0x0, 0x0, 0x0, 0x0, 0x0, 0x0,
    0x0,

    /* U+F0084 "󰂄" */
    0x0, 0x1, 0x66, 0x66, 0x66, 0x10, 0x0, 0x0,
    0x3, 0xff, 0xff, 0xff, 0x30, 0x0, 0x4, 0x69,
    0xff, 0xff, 0xff, 0x96, 0x40, 0x5f, 0xff, 0xff,
    0xff, 0xff, 0xff, 0xf5, 0x7f, 0xff, 0xff, 0xff,
    0xff, 0xff, 0xf7, 0x7f, 0xff, 0xff, 0xff, 0xff,
    0xff, 0xf7, 0x7f, 0xff, 0xff, 0xfb, 0xef, 0xff,
    0xf7, 0x7f, 0xff, 0xff, 0xf3, 0xef, 0xff, 0xf7,
    0x7f, 0xff, 0xff, 0xa0, 0xef, 0xff, 0xf7, 0x7f,
    0xff, 0xff, 0x20, 0xef, 0xff, 0xf7, 0x7f, 0xff,
    0xf9, 0x0, 0xef, 0xff, 0xf7, 0x7f, 0xff, 0xf1,
    0x0, 0xef, 0xff, 0xf7, 0x7f, 0xff, 0x80, 0x0,
    0x1, 0xff, 0xf7, 0x7f, 0xff, 0x10, 0x0, 0x9,
    0xff, 0xf7, 0x7f, 0xff, 0xfe, 0x0, 0x2f, 0xff,
    0xf7, 0x7f, 0xff, 0xfe, 0x0, 0xaf, 0xff, 0xf7,
    0x7f, 0xff, 0xfe, 0x3, 0xff, 0xff, 0xf7, 0x7f,
    0xff, 0xfe, 0xc, 0xff, 0xff, 0xf7, 0x7f, 0xff,
    0xfe, 0x4f, 0xff, 0xff, 0xf7, 0x7f, 0xff, 0xff,
    0xdf, 0xff, 0xff, 0xf7, 0x7f, 0xff, 0xff, 0xff,
    0xff, 0xff, 0xf7, 0x3e, 0xff, 0xff, 0xff, 0xff,
    0xff, 0xe2, 0x0, 0x0, 0x0, 0x0, 0x0, 0x0,
    0x0,

    /* U+F008E "󰂎" */
    0x0, 0x0, 0x55, 0x55, 0x55, 0x30, 0x0, 0x0,
    0x0, 0xff, 0xff, 0xff, 0xa0, 0x0, 0x1, 0x33,
    0xff, 0xff, 0xff, 0xb3, 0x30, 0x1e, 0xff, 0xff,
    0xff, 0xff, 0xff, 0xfa, 0x4f, 0xff, 0xff, 0xff,
    0xff, 0xff, 0xfe, 0x4f, 0xe0, 0x0, 0x0, 0x0,
    0x4, 0xfe, 0x4f, 0xe0, 0x0, 0x0, 0x0, 0x4,
    0xfe, 0x4f, 0xe0, 0x0, 0x0, 0x0, 0x4, 0xfe,
    0x4f, 0xe0, 0x0, 0x0, 0x0, 0x4, 0xfe, 0x4f,
    0xe0, 0x0, 0x0, 0x0, 0x4, 0xfe, 0x4f, 0xe0,
    0x0, 0x0, 0x0, 0x4, 0xfe, 0x4f, 0xe0, 0x0,
    0x0, 0x0, 0x4, 0xfe, 0x4f, 0xe0, 0x0, 0x0,
    0x0, 0x4, 0xfe, 0x4f, 0xe0, 0x0, 0x0, 0x0,
    0x4, 0xfe, 0x4f, 0xe0, 0x0, 0x0, 0x0, 0x4,
    0xfe, 0x4f, 0xe0, 0x0, 0x0, 0x0, 0x4, 0xfe,
    0x4f, 0xe0, 0x0, 0x0, 0x0, 0x4, 0xfe, 0x4f,
    0xe0, 0x0, 0x0, 0x0, 0x4, 0xfe, 0x4f, 0xe0,
    0x0, 0x0, 0x0, 0x4, 0xfe, 0x4f, 0xe0, 0x0,
    0x0, 0x0, 0x4, 0xfe, 0x4f, 0xff, 0xff, 0xff,
    0xff, 0xff, 0xfe, 0xd, 0xff, 0xff, 0xff, 0xff,
    0xff, 0xf8, 0x0, 0x0, 0x0, 0x0, 0x0, 0x0,
    0x0,

    /* U+F00DE "󰃞" */
    0x0, 0x0, 0x0, 0x0, 0x0, 0x0, 0xa4, 0x0,
    0x0, 0x0, 0x0, 0x0, 0x0, 0x0, 0x0, 0x0,
    0x0, 0x0, 0xb, 0xff, 0x40, 0x0, 0x0, 0x0,
    0x0, 0x0, 0x0, 0x0, 0x0, 0x0, 0x0, 0xbf,
    0xff, 0xf5, 0x0, 0x0, 0x0, 0x0, 0x0, 0x0,
    0x0, 0x66, 0x66, 0x6b, 0xff, 0xff, 0xff, 0x76,
    0x66, 0x63, 0x0, 0x0, 0x0, 0x0, 0xef, 0xff,
    0xff, 0xff, 0xff, 0xff, 0xff, 0xff, 0xf7, 0x0,
    0x0, 0x0, 0x0, 0xef, 0xff, 0xff, 0xfe, 0xcd,
    0xff, 0xff, 0xff, 0xf7, 0x0, 0x0, 0x0, 0x0,
    0xef, 0xff, 0xfa, 0x30, 0x0, 0x6, 0xef, 0xff,
    0xf7, 0x0, 0x0, 0x0, 0x0, 0xef, 0xff, 0x60,
    0x0, 0x0, 0x0, 0x1b, 0xff, 0xf7, 0x0, 0x0,
    0x0, 0x0, 0xef, 0xf8, 0x0, 0x0, 0x0, 0x0,
    0x1, 0xef, 0xf8, 0x0, 0x0, 0x0, 0xb, 0xff,
    0xe0, 0x0, 0x0, 0x0, 0x0, 0x0, 0x5f, 0xff,
    0x50, 0x0, 0x0, 0xbf, 0xff, 0x80, 0x0, 0x0,
    0x0, 0x0, 0x0, 0xf, 0xff, 0xf4, 0x0, 0xa,
    0xff, 0xff, 0x50, 0x0, 0x0, 0x0, 0x0, 0x0,
    0xd, 0xff, 0xff, 0x40, 0x3f, 0xff, 0xff, 0x50,
    0x0, 0x0, 0x0, 0x0, 0x0, 0xc, 0xff, 0xff,
    0xb0, 0x4, 0xff, 0xff, 0x60, 0x0, 0x0, 0x0,
    0x0, 0x0, 0xd, 0xff, 0xfc, 0x0, 0x0, 0x4f,
    0xff, 0xb0, 0x0, 0x0, 0x0, 0x0, 0x0, 0x2f,
    0xff, 0xc0, 0x0, 0x0, 0x4, 0xff, 0xf2, 0x0,
    0x0, 0x0, 0x0, 0x0, 0x9f, 0xfc, 0x0, 0x0,
    0x0, 0x0, 0xef, 0xfd, 0x0, 0x0, 0x0, 0x0,
    0x5, 0xff, 0xf7, 0x0, 0x0, 0x0, 0x0, 0xef,
    0xff, 0xd2, 0x0, 0x0, 0x0, 0x6f, 0xff, 0xf7,
    0x0, 0x0, 0x0, 0x0, 0xef, 0xff, 0xff, 0xa6,
    0x45, 0x7d, 0xff, 0xff, 0xf7, 0x0, 0x0, 0x0,
    0x0, 0xef, 0xff, 0xff, 0xff, 0xff, 0xff, 0xff,
    0xff, 0xf7, 0x0, 0x0, 0x0, 0x0, 0xdf, 0xff,
    0xff, 0xff, 0xff, 0xff, 0xff, 0xff, 0xf7, 0x0,
    0x0, 0x0, 0x0, 0x0, 0x0, 0x4, 0xff, 0xff,
    0xfc, 0x0, 0x0, 0x0, 0x0, 0x0, 0x0, 0x0,
    0x0, 0x0, 0x0, 0x4f, 0xff, 0xc0, 0x0, 0x0,
    0x0, 0x0, 0x0, 0x0, 0x0, 0x0, 0x0, 0x0,
    0x4, 0xfc, 0x0, 0x0, 0x0, 0x0, 0x0, 0x0,
    0x0, 0x0, 0x0, 0x0, 0x0, 0x0, 0x30, 0x0,
    0x0, 0x0, 0x0, 0x0, 0x0,

    /* U+F0142 "󰅂" */
    0x0, 0x0, 0x0, 0x0, 0x1, 0xd8, 0x0, 0x0,
    0x0, 0x6f, 0xf8, 0x0, 0x0, 0x0, 0x7f, 0xf8,
    0x0, 0x0, 0x0, 0x7f, 0xf8, 0x0, 0x0, 0x0,
    0x7f, 0xf8, 0x0, 0x0, 0x0, 0x7f, 0xf8, 0x0,
    0x0, 0x1, 0xef, 0xe1, 0x0, 0x1, 0xdf, 0xe2,
    0x0, 0x1, 0xdf, 0xe2, 0x0, 0x1, 0xdf, 0xe2,
    0x0, 0x1, 0xdf, 0xe2, 0x0, 0x0, 0x6f, 0xe2,
    0x0, 0x0, 0x0, 0x62, 0x0, 0x0, 0x0,

    /* U+F0150 "󰅐" */
    0x0, 0x0, 0x0, 0x0, 0x3, 0x44, 0x30, 0x0,
    0x0, 0x0, 0x0, 0x0, 0x0, 0x0, 0x5b, 0xff,
    0xff, 0xff, 0xb5, 0x0, 0x0, 0x0, 0x0, 0x0,
    0x3d, 0xff, 0xfe, 0xdd, 0xef, 0xff, 0xd3, 0x0,
    0x0, 0x0, 0x5, 0xff, 0xf8, 0x20, 0x0, 0x2,
    0x8f, 0xff, 0x50, 0x0, 0x0, 0x4f, 0xfc, 0x10,
    0x0, 0x0, 0x0, 0x2, 0xcf, 0xf4, 0x0, 0x1,
    0xef, 0xb0, 0x0, 0x0, 0x31, 0x0, 0x0, 0xb,
    0xfe, 0x10, 0x9, 0xfd, 0x10, 0x0, 0x1, 0xf9,
    0x0, 0x0, 0x1, 0xdf, 0x90, 0x1f, 0xf4, 0x0,
    0x0, 0x1, 0xf9, 0x0, 0x0, 0x0, 0x4f, 0xf1,
    0x6f, 0xd0, 0x0, 0x0, 0x1, 0xf9, 0x0, 0x0,
    0x0, 0xd, 0xf5, 0xaf, 0x80, 0x0, 0x0, 0x1,
    0xf9, 0x0, 0x0, 0x0, 0x8, 0xf9, 0xbf, 0x50,
    0x0, 0x0, 0x1, 0xf9, 0x0, 0x0, 0x0, 0x5,
    0xfb, 0xcf, 0x50, 0x0, 0x0, 0x1, 0xfb, 0x0,
    0x0, 0x0, 0x5, 0xfc, 0xbf, 0x60, 0x0, 0x0,
    0x0, 0xaf, 0xe5, 0x0, 0x0, 0x6, 0xfb, 0x9f,
    0x90, 0x0, 0x0, 0x0, 0x4, 0xdf, 0xb2, 0x0,
    0x9, 0xf9, 0x5f, 0xe0, 0x0, 0x0, 0x0, 0x0,
    0x7, 0xff, 0x30, 0xe, 0xf4, 0xe, 0xf6, 0x0,
    0x0, 0x0, 0x0, 0x0, 0x18, 0x0, 0x6f, 0xe0,
    0x7, 0xff, 0x20, 0x0, 0x0, 0x0, 0x0, 0x0,
    0x2, 0xff, 0x70, 0x0, 0xdf, 0xd2, 0x0, 0x0,
    0x0, 0x0, 0x0, 0x2d, 0xfd, 0x0, 0x0, 0x2e,
    0xff, 0x50, 0x0, 0x0, 0x0, 0x5, 0xff, 0xe1,
    0x0, 0x0, 0x2, 0xdf, 0xfc, 0x73, 0x11, 0x36,
    0xcf, 0xfd, 0x20, 0x0, 0x0, 0x0, 0x9, 0xff,
    0xff, 0xff, 0xff, 0xff, 0x80, 0x0, 0x0, 0x0,
    0x0, 0x0, 0x17, 0xcf, 0xff, 0xeb, 0x71, 0x0,
    0x0, 0x0, 0x0, 0x0, 0x0, 0x0, 0x0, 0x0,
    0x0, 0x0, 0x0, 0x0, 0x0,

    /* U+F0159 "󰅙" */
    0x0, 0x0, 0x0, 0x0, 0x47, 0x88, 0x74, 0x0,
    0x0, 0x0, 0x0, 0x0, 0x0, 0x1, 0x9f, 0xff,
    0xff, 0xff, 0xf9, 0x10, 0x0, 0x0, 0x0, 0x0,
    0x6f, 0xff, 0xff, 0xff, 0xff, 0xff, 0xf6, 0x0,
    0x0, 0x0, 0x8, 0xff, 0xff, 0xff, 0xff, 0xff,
    0xff, 0xff, 0x80, 0x0, 0x0, 0x7f, 0xff, 0xff,
    0xff, 0xff, 0xff, 0xff, 0xff, 0xf7, 0x0, 0x2,
    0xff, 0xff, 0xff, 0xff, 0xff, 0xff, 0xff, 0xff,
    0xff, 0x20, 0xb, 0xff, 0xff, 0x64, 0xff, 0xff,
    0xff, 0x46, 0xff, 0xff, 0xb0, 0x2f, 0xff, 0xfc,
    0x0, 0x4f, 0xff, 0xf4, 0x0, 0xdf, 0xff, 0xf2,
    0x7f, 0xff, 0xff, 0xb0, 0x4, 0xff, 0x40, 0xb,
    0xff, 0xff, 0xf7, 0xaf, 0xff, 0xff, 0xfb, 0x0,
    0x44, 0x0, 0xbf, 0xff, 0xff, 0xfa, 0xcf, 0xff,
    0xff, 0xff, 0xb0, 0x0, 0xb, 0xff, 0xff, 0xff,
    0xfc, 0xcf, 0xff, 0xff, 0xff, 0xf3, 0x0, 0x3f,
    0xff, 0xff, 0xff, 0xfc, 0xbf, 0xff, 0xff, 0xff,
    0x40, 0x0, 0x4, 0xff, 0xff, 0xff, 0xfb, 0x9f,
    0xff, 0xff, 0xf4, 0x0, 0xbb, 0x0, 0x4f, 0xff,
    0xff, 0xf8, 0x4f, 0xff, 0xff, 0x40, 0xb, 0xff,
    0xb0, 0x4, 0xff, 0xff, 0xf4, 0xe, 0xff, 0xfd,
    0x10, 0xbf, 0xff, 0xfb, 0x1, 0xdf, 0xff, 0xe0,
    0x7, 0xff, 0xff, 0xdb, 0xff, 0xff, 0xff, 0xbd,
    0xff, 0xff, 0x70, 0x0, 0xcf, 0xff, 0xff, 0xff,
    0xff, 0xff, 0xff, 0xff, 0xfc, 0x0, 0x0, 0x2e,
    0xff, 0xff, 0xff, 0xff, 0xff, 0xff, 0xff, 0xe1,
    0x0, 0x0, 0x2, 0xdf, 0xff, 0xff, 0xff, 0xff,
    0xff, 0xfd, 0x20, 0x0, 0x0, 0x0, 0x9, 0xff,
    0xff, 0xff, 0xff, 0xff, 0x90, 0x0, 0x0, 0x0,
    0x0, 0x0, 0x17, 0xcf, 0xff, 0xfc, 0x71, 0x0,
    0x0, 0x0, 0x0, 0x0, 0x0, 0x0, 0x0, 0x0,
    0x0, 0x0, 0x0, 0x0, 0x0,

    /* U+F01D8 "󰇘" */
    0x1a, 0xe9, 0x0, 0x5, 0xdd, 0x30, 0x1, 0xae,
    0x90, 0x9f, 0xff, 0x60, 0x1f, 0xff, 0xe0, 0x9,
    0xff, 0xf6, 0xbf, 0xff, 0x80, 0x3f, 0xff, 0xf0,
    0xb, 0xff, 0xf8, 0x5f, 0xff, 0x30, 0xc, 0xff,
    0xa0, 0x5, 0xff, 0xf3, 0x3, 0x62, 0x0, 0x0,
    0x55, 0x0, 0x0, 0x36, 0x20,

    /* U+F0210 "󰈐" */
    0x0, 0x0, 0x0, 0x0, 0x1, 0x79, 0x85, 0x0,
    0x0, 0x0, 0x0, 0x0, 0x0, 0x0, 0x0, 0x3e,
    0xff, 0xff, 0xd1, 0x0, 0x0, 0x0, 0x0, 0x0,
    0x0, 0x0, 0xcf, 0xff, 0xff, 0xf7, 0x0, 0x0,
    0x0, 0x0, 0x0, 0x0, 0x1, 0xff, 0xff, 0xff,
    0xf8, 0x0, 0x0, 0x0, 0x0, 0x0, 0x0, 0x2,
    0xff, 0xff, 0xff, 0xf2, 0x0, 0x0, 0x0, 0x0,
    0x0, 0x0, 0x0, 0xff, 0xff, 0xfd, 0x30, 0x0,
    0x0, 0x0, 0x0, 0x54, 0x0, 0x0, 0xdf, 0xff,
    0xd0, 0x0, 0x0, 0x0, 0x0, 0xd, 0xff, 0xb0,
    0x0, 0x8f, 0xff, 0x60, 0x0, 0x0, 0x0, 0x0,
    0x7f, 0xff, 0xf8, 0x0, 0x2f, 0xff, 0xa0, 0x39,
    0xce, 0xea, 0x20, 0xbf, 0xff, 0xff, 0x92, 0xbf,
    0xff, 0xff, 0xff, 0xff, 0xff, 0xf3, 0xcf, 0xff,
    0xff, 0xff, 0xff, 0x55, 0xff, 0xff, 0xff, 0xff,
    0xfa, 0xbf, 0xff, 0xff, 0xff, 0xff, 0x0, 0xff,
    0xff, 0xff, 0xff, 0xfd, 0x6f, 0xff, 0xff, 0xff,
    0xff, 0xdd, 0xfe, 0x9f, 0xff, 0xff, 0xfc, 0x8,
    0xff, 0xff, 0xfa, 0x7f, 0xff, 0xf5, 0x1, 0xcf,
    0xff, 0xfa, 0x0, 0x15, 0x64, 0x10, 0x5, 0xff,
    0xf5, 0x0, 0x1f, 0xff, 0xf4, 0x0, 0x0, 0x0,
    0x0, 0xa, 0xff, 0xfb, 0x0, 0x3, 0xbc, 0x50,
    0x0, 0x0, 0x0, 0x0, 0x6f, 0xff, 0xff, 0x0,
    0x0, 0x0, 0x0, 0x0, 0x0, 0x0, 0xa, 0xff,
    0xff, 0xff, 0x10, 0x0, 0x0, 0x0, 0x0, 0x0,
    0x0, 0x6f, 0xff, 0xff, 0xff, 0x10, 0x0, 0x0,
    0x0, 0x0, 0x0, 0x0, 0x8f, 0xff, 0xff, 0xfe,
    0x0, 0x0, 0x0, 0x0, 0x0, 0x0, 0x0, 0x4f,
    0xff, 0xff, 0xf7, 0x0, 0x0, 0x0, 0x0, 0x0,
    0x0, 0x0, 0x4, 0xcf, 0xfe, 0x70, 0x0, 0x0,
    0x0, 0x0, 0x0, 0x0, 0x0, 0x0, 0x0, 0x0,
    0x0, 0x0, 0x0, 0x0, 0x0,

    /* U+F0238 "󰈸" */
    0x0, 0x0, 0x0, 0x0, 0x4, 0x0, 0x0, 0x0,
    0x0, 0x0, 0x0, 0x2, 0xcb, 0x0, 0x0, 0x0,
    0x0, 0x0, 0x0, 0x4f, 0xf8, 0x0, 0x0, 0x0,
    0x0, 0x0, 0x2, 0xef, 0xf8, 0x0, 0x0, 0x0,
    0x0, 0x0, 0xa, 0xff, 0xfc, 0x0, 0x0, 0x0,
    0x0, 0x0, 0x2f, 0xff, 0xff, 0x20, 0x0, 0x0,
    0x0, 0x0, 0x7f, 0xff, 0xff, 0xd1, 0x0, 0x0,
    0x0, 0x80, 0xaf, 0xff, 0xff, 0xfd, 0x20, 0x0,
    0x7, 0xa0, 0xbf, 0xff, 0xff, 0xff, 0xf4, 0x0,
    0xe, 0xa0, 0xaf, 0xff, 0xaf, 0xff, 0xff, 0x30,
    0x4f, 0xd0, 0x8f, 0xff, 0x58, 0xff, 0xff, 0xc0,
    0x7f, 0xf4, 0x3f, 0xff, 0x60, 0x7f, 0xff, 0xf3,
    0x8f, 0xfe, 0xaf, 0xff, 0x90, 0xb, 0xff, 0xf7,
    0x7f, 0xff, 0xff, 0xff, 0xa0, 0x5, 0xff, 0xf8,
    0x4f, 0xff, 0xff, 0xff, 0x40, 0x5, 0xff, 0xf7,
    0xe, 0xff, 0xff, 0xe6, 0x0, 0xb, 0xff, 0xf2,
    0x6, 0xff, 0xff, 0xd4, 0x2, 0xaf, 0xff, 0xb0,
    0x0, 0xaf, 0xff, 0xff, 0xff, 0xff, 0xfe, 0x20,
    0x0, 0x7, 0xff, 0xff, 0xff, 0xff, 0xc2, 0x0,
    0x0, 0x0, 0x18, 0xce, 0xfd, 0xb5, 0x0, 0x0,
    0x0, 0x0, 0x0, 0x0, 0x0, 0x0, 0x0, 0x0,

    /* U+F0241 "󰉁" */
    0x5c, 0xcc, 0xcc, 0xcc, 0xcc, 0xc2, 0x6f, 0xff,
    0xff, 0xff, 0xff, 0xc0, 0x6f, 0xff, 0xff, 0xff,
    0xff, 0x40, 0x6f, 0xff, 0xff, 0xff, 0xfc, 0x0,
    0x6f, 0xff, 0xff, 0xff, 0xf4, 0x0, 0x6f, 0xff,
    0xff, 0xff, 0xc0, 0x0, 0x6f, 0xff, 0xff, 0xff,
    0x40, 0x0, 0x6f, 0xff, 0xff, 0xfb, 0x0, 0x0,
    0x6f, 0xff, 0xff, 0xf6, 0x22, 0x20, 0x6f, 0xff,
    0xff, 0xff, 0xff, 0xf1, 0x6f, 0xff, 0xff, 0xff,
    0xff, 0x70, 0x6f, 0xff, 0xff, 0xff, 0xfd, 0x0,
    0x1, 0x14, 0xff, 0xff, 0xf4, 0x0, 0x0, 0x2,
    0xff, 0xff, 0xb0, 0x0, 0x0, 0x2, 0xff, 0xff,
    0x20, 0x0, 0x0, 0x2, 0xff, 0xf8, 0x0, 0x0,
    0x0, 0x2, 0xff, 0xe0, 0x0, 0x0, 0x0, 0x2,
    0xff, 0x50, 0x0, 0x0, 0x0, 0x2, 0xfc, 0x0,
    0x0, 0x0, 0x0, 0x2, 0xf3, 0x0, 0x0, 0x0,
    0x0, 0x2, 0x90, 0x0, 0x0, 0x0, 0x0, 0x2,
    0x10, 0x0, 0x0, 0x0,

    /* U+F029A "󰊚" */
    0x0, 0x0, 0x0, 0x0, 0x3, 0x44, 0x30, 0x0,
    0x0, 0x0, 0x0, 0x0, 0x0, 0x0, 0x5b, 0xff,
    0xff, 0xff, 0xb5, 0x0, 0x0, 0x0, 0x0, 0x0,
    0x3d, 0xff, 0xfe, 0xdd, 0xef, 0xff, 0xd3, 0x0,
    0x0, 0x0, 0x5, 0xff, 0xf8, 0x20, 0x0, 0x2,
    0x8f, 0xff, 0x50, 0x0, 0x0, 0x4f, 0xfc, 0x10,
    0x21, 0x0, 0x13, 0x2, 0xcf, 0xf4, 0x0, 0x1,
    0xef, 0xb0, 0x1, 0xfd, 0x0, 0xdf, 0x20, 0xb,
    0xfe, 0x10, 0x9, 0xfd, 0x10, 0x0, 0xc9, 0x4,
    0xff, 0x0, 0x1, 0xdf, 0x90, 0x1f, 0xf4, 0x0,
    0x0, 0x0, 0xb, 0xf9, 0x0, 0x0, 0x4f, 0xf1,
    0x6f, 0xd0, 0x3e, 0x80, 0x0, 0x1f, 0xf3, 0x8,
    0xe3, 0xd, 0xf5, 0xaf, 0x80, 0x4f, 0x90, 0x4,
    0xdf, 0xd0, 0x9, 0xf4, 0x8, 0xf9, 0xbf, 0x50,
    0x1, 0x0, 0xf, 0xff, 0xd0, 0x0, 0x10, 0x5,
    0xfb, 0xcf, 0x50, 0x0, 0x0, 0x2f, 0xff, 0xf1,
    0x0, 0x0, 0x5, 0xfc, 0xbf, 0x60, 0x0, 0x0,
    0xb, 0xff, 0xa0, 0x0, 0x0, 0x7, 0xfb, 0x9f,
    0x90, 0x0, 0x0, 0x0, 0x55, 0x0, 0x0, 0x0,
    0xa, 0xf9, 0x4f, 0xe0, 0x0, 0x0, 0x0, 0x0,
    0x0, 0x0, 0x0, 0xf, 0xf4, 0xe, 0xf7, 0x0,
    0x0, 0x4, 0x66, 0x40, 0x0, 0x0, 0x7f, 0xe0,
    0x7, 0xff, 0x30, 0x2a, 0xff, 0xff, 0xff, 0xa2,
    0x3, 0xff, 0x70, 0x0, 0xdf, 0xe7, 0xff, 0xff,
    0xff, 0xff, 0xff, 0x7e, 0xfd, 0x0, 0x0, 0x2e,
    0xff, 0xff, 0xff, 0xff, 0xff, 0xff, 0xff, 0xe1,
    0x0, 0x0, 0x2, 0xdf, 0xff, 0xff, 0xff, 0xff,
    0xff, 0xfd, 0x20, 0x0, 0x0, 0x0, 0x8, 0xff,
    0xff, 0xff, 0xff, 0xff, 0x80, 0x0, 0x0, 0x0,
    0x0, 0x0, 0x17, 0xbe, 0xff, 0xeb, 0x71, 0x0,
    0x0, 0x0, 0x0, 0x0, 0x0, 0x0, 0x0, 0x0,
    0x0, 0x0, 0x0, 0x0, 0x0,

    /* U+F02D7 "󰋗" */
    0x0, 0x0, 0x0, 0x0, 0x13, 0x55, 0x41, 0x0,
    0x0, 0x0, 0x0, 0x0, 0x0, 0x0, 0x6c, 0xff,
    0xff, 0xff, 0xc6, 0x0, 0x0, 0x0, 0x0, 0x0,
    0x3d, 0xff, 0xff, 0xff, 0xff, 0xff, 0xd3, 0x0,
    0x0, 0x0, 0x6, 0xff, 0xff, 0xff, 0xee, 0xff,
    0xff, 0xff, 0x60, 0x0, 0x0, 0x4f, 0xff, 0xff,
    0xb2, 0x0, 0x2b, 0xff, 0xff, 0xf5, 0x0, 0x1,
    0xff, 0xff, 0xfa, 0x0, 0x0, 0x0, 0xaf, 0xff,
    0xff, 0x10, 0x9, 0xff, 0xff, 0xf1, 0x4, 0xdd,
    0x50, 0x1f, 0xff, 0xff, 0xa0, 0x1f, 0xff, 0xff,
    0xc0, 0xf, 0xff, 0xf0, 0xc, 0xff, 0xff, 0xf1,
    0x6f, 0xff, 0xff, 0xec, 0xdf, 0xff, 0xf1, 0xb,
    0xff, 0xff, 0xf6, 0xaf, 0xff, 0xff, 0xff, 0xff,
    0xff, 0xb0, 0xe, 0xff, 0xff, 0xfa, 0xbf, 0xff,
    0xff, 0xff, 0xff, 0xfc, 0x0, 0x9f, 0xff, 0xff,
    0xfc, 0xcf, 0xff, 0xff, 0xff, 0xff, 0xd0, 0x8,
    0xff, 0xff, 0xff, 0xfc, 0xbf, 0xff, 0xff, 0xff,
    0xff, 0x40, 0x5f, 0xff, 0xff, 0xff, 0xfb, 0x9f,
    0xff, 0xff, 0xff, 0xff, 0x0, 0xcf, 0xff, 0xff,
    0xff, 0xf9, 0x4f, 0xff, 0xff, 0xff, 0xff, 0x44,
    0xef, 0xff, 0xff, 0xff, 0xf4, 0xe, 0xff, 0xff,
    0xff, 0xff, 0xff, 0xff, 0xff, 0xff, 0xff, 0xe0,
    0x7, 0xff, 0xff, 0xff, 0xff, 0xee, 0xff, 0xff,
    0xff, 0xff, 0x60, 0x0, 0xcf, 0xff, 0xff, 0xfe,
    0x0, 0xef, 0xff, 0xff, 0xfc, 0x0, 0x0, 0x1e,
    0xff, 0xff, 0xff, 0x22, 0xff, 0xff, 0xff, 0xe1,
    0x0, 0x0, 0x2, 0xdf, 0xff, 0xff, 0xff, 0xff,
    0xff, 0xfd, 0x20, 0x0, 0x0, 0x0, 0x8, 0xff,
    0xff, 0xff, 0xff, 0xff, 0x80, 0x0, 0x0, 0x0,
    0x0, 0x0, 0x17, 0xbe, 0xff, 0xeb, 0x71, 0x0,
    0x0, 0x0, 0x0, 0x0, 0x0, 0x0, 0x0, 0x0,
    0x0, 0x0, 0x0, 0x0, 0x0,

    /* U+F0319 "󰌙" */
    0x1, 0xae, 0xee, 0xee, 0xee, 0xb2, 0x0, 0x0,
    0x0, 0x0, 0x0, 0x0, 0x0, 0x9f, 0xff, 0xff,
    0xff, 0xff, 0xc0, 0x0, 0x0, 0x0, 0x0, 0x0,
    0x0, 0xc, 0xf8, 0x44, 0x44, 0x46, 0xff, 0x0,
    0x0, 0x0, 0x0, 0x0, 0x0, 0x0, 0xcf, 0x40,
    0x0, 0x0, 0x2f, 0xf0, 0x0, 0x0, 0x0, 0x0,
    0x0, 0x0, 0xc, 0xf4, 0x0, 0x0, 0x2, 0xff,
    0x0, 0x0, 0x0, 0x0, 0x0, 0x0, 0x0, 0xcf,
    0x40, 0x0, 0x0, 0x2f, 0xf0, 0x0, 0x0, 0x0,
    0x0, 0x0, 0x0, 0xc, 0xf7, 0x22, 0x22, 0x25,
    0xff, 0x0, 0x0, 0x0, 0x0, 0x0, 0x0, 0x0,
    0xaf, 0xff, 0xff, 0xff, 0xff, 0xd0, 0x0, 0x0,
    0x0, 0x0, 0x0, 0x0, 0x1, 0xcf, 0xff, 0xff,
    0xff, 0xd3, 0x0, 0x0, 0x0, 0x0, 0x0, 0x0,
    0xe, 0xff, 0xff, 0xff, 0xff, 0xff, 0xff, 0x0,
    0x0, 0x0, 0x0, 0x0, 0x0, 0xef, 0xff, 0xff,
    0xff, 0xff, 0xff, 0xf0, 0x0, 0x0, 0x0, 0x0,
    0x0, 0x2, 0x22, 0x22, 0x22, 0x22, 0x22, 0x22,
    0x0, 0x0, 0x0, 0x0, 0x0, 0x0, 0x0, 0x0,
    0x0, 0x0, 0x0, 0x0, 0x0, 0x0, 0x0, 0x0,
    0x0, 0x0, 0x0, 0x0, 0x20, 0x0, 0x20, 0x0,
    0x2, 0xbe, 0xee, 0xee, 0xee, 0xb1, 0x0, 0x0,
    0xae, 0x20, 0x2e, 0xa0, 0x0, 0xcf, 0xff, 0xff,
    0xff, 0xff, 0xb0, 0x0, 0x1e, 0xfe, 0x4e, 0xfe,
    0x10, 0xf, 0xf6, 0x44, 0x44, 0x46, 0xfe, 0x0,
    0x0, 0x2e, 0xff, 0xfe, 0x20, 0x0, 0xff, 0x30,
    0x0, 0x0, 0x3f, 0xe0, 0x0, 0x0, 0x4f, 0xff,
    0x40, 0x0, 0xf, 0xf3, 0x0, 0x0, 0x3, 0xfe,
    0x0, 0x0, 0x1d, 0xff, 0xfd, 0x10, 0x0, 0xff,
    0x30, 0x0, 0x0, 0x3f, 0xe0, 0x0, 0x1d, 0xff,
    0x6f, 0xfd, 0x10, 0xf, 0xf5, 0x22, 0x22, 0x25,
    0xfe, 0x0, 0x0, 0xcf, 0x30, 0x3f, 0xc0, 0x0,
    0xdf, 0xff, 0xff, 0xff, 0xff, 0xc0, 0x0, 0x0,
    0x30, 0x0, 0x30, 0x0, 0x3, 0xdf, 0xff, 0xff,
    0xff, 0xd2, 0x0, 0x0, 0x0, 0x0, 0x0, 0x0,
    0xf, 0xff, 0xff, 0xff, 0xff, 0xff, 0xff, 0x0,
    0x0, 0x0, 0x0, 0x0, 0x0, 0xff, 0xff, 0xff,
    0xff, 0xff, 0xff, 0xf0, 0x0, 0x0, 0x0, 0x0,
    0x0, 0x2, 0x22, 0x22, 0x22, 0x22, 0x22, 0x22,
    0x0,

    /* U+F0335 "󰌵" */
    0x0, 0x0, 0x0, 0x35, 0x42, 0x0, 0x0, 0x0,
    0x0, 0x1, 0x9f, 0xff, 0xff, 0xd5, 0x0, 0x0,
    0x0, 0x3e, 0xff, 0xff, 0xff, 0xff, 0xa0, 0x0,
    0x2, 0xef, 0xff, 0xff, 0xff, 0xff, 0xfa, 0x0,
    0xc, 0xff, 0xff, 0xff, 0xff, 0xff, 0xff, 0x50,
    0x4f, 0xff, 0xff, 0xff, 0xff, 0xff, 0xff, 0xd0,
    0x9f, 0xff, 0xff, 0xff, 0xff, 0xff, 0xff, 0xf2,
    0xbf, 0xff, 0xff, 0xff, 0xff, 0xff, 0xff, 0xf4,
    0xbf, 0xff, 0xff, 0xff, 0xff, 0xff, 0xff, 0xf5,
    0x9f, 0xff, 0xff, 0xff, 0xff, 0xff, 0xff, 0xf3,
    0x6f, 0xff, 0xff, 0xff, 0xff, 0xff, 0xff, 0xe0,
    0xf, 0xff, 0xff, 0xff, 0xff, 0xff, 0xff, 0x90,
    0x6, 0xff, 0xff, 0xff, 0xff, 0xff, 0xfe, 0x10,
    0x0, 0x8f, 0xff, 0xff, 0xff, 0xff, 0xe3, 0x0,
    0x0, 0x9, 0xff, 0xff, 0xff, 0xff, 0x30, 0x0,
    0x0, 0x8, 0xff, 0xff, 0xff, 0xff, 0x10, 0x0,
    0x0, 0x8, 0xff, 0xff, 0xff, 0xff, 0x10, 0x0,
    0x0, 0x4, 0xef, 0xff, 0xff, 0xfc, 0x0, 0x0,
    0x0, 0x0, 0x0, 0x0, 0x0, 0x0, 0x0, 0x0,
    0x0, 0x0, 0x0, 0x0, 0x0, 0x0, 0x0, 0x0,
    0x0, 0x0, 0x7f, 0xff, 0xff, 0xf0, 0x0, 0x0,
    0x0, 0x0, 0x4f, 0xff, 0xff, 0xd0, 0x0, 0x0,
    0x0, 0x0, 0x0, 0x0, 0x0, 0x0, 0x0, 0x0,

    /* U+F0336 "󰌶" */
    0x0, 0x0, 0x0, 0x35, 0x42, 0x0, 0x0, 0x0,
    0x0, 0x1, 0x9f, 0xff, 0xff, 0xd5, 0x0, 0x0,
    0x0, 0x3e, 0xff, 0xfd, 0xdf, 0xff, 0xa0, 0x0,
    0x1, 0xef, 0xe5, 0x0, 0x1, 0x8f, 0xfa, 0x0,
    0xc, 0xfd, 0x10, 0x0, 0x0, 0x5, 0xff, 0x50,
    0x4f, 0xf2, 0x0, 0x0, 0x0, 0x0, 0x8f, 0xd0,
    0x9f, 0xa0, 0x0, 0x0, 0x0, 0x0, 0x1f, 0xf2,
    0xbf, 0x70, 0x0, 0x0, 0x0, 0x0, 0xd, 0xf4,
    0xbf, 0x60, 0x0, 0x0, 0x0, 0x0, 0xd, 0xf5,
    0x9f, 0x90, 0x0, 0x0, 0x0, 0x0, 0xf, 0xf3,
    0x5f, 0xe0, 0x0, 0x0, 0x0, 0x0, 0x5f, 0xe0,
    0xe, 0xfa, 0x0, 0x0, 0x0, 0x1, 0xef, 0x90,
    0x4, 0xff, 0xa1, 0x0, 0x0, 0x2d, 0xfe, 0x10,
    0x0, 0x6f, 0xfc, 0x0, 0x0, 0xff, 0xe3, 0x0,
    0x0, 0x6, 0xfd, 0x0, 0x0, 0xff, 0x30, 0x0,
    0x0, 0x4, 0xfd, 0x33, 0x33, 0xff, 0x10, 0x0,
    0x0, 0x4, 0xff, 0xff, 0xff, 0xff, 0x10, 0x0,
    0x0, 0x1, 0xef, 0xff, 0xff, 0xfc, 0x0, 0x0,
    0x0, 0x0, 0x0, 0x0, 0x0, 0x0, 0x0, 0x0,
    0x0, 0x0, 0x1, 0x11, 0x11, 0x10, 0x0, 0x0,
    0x0, 0x0, 0x3f, 0xff, 0xff, 0xf0, 0x0, 0x0,
    0x0, 0x0, 0x1f, 0xff, 0xff, 0xd0, 0x0, 0x0,
    0x0, 0x0, 0x0, 0x11, 0x11, 0x0, 0x0, 0x0,

    /* U+F033E "󰌾" */
    0x0, 0x0, 0x0, 0x28, 0xcc, 0xa4, 0x0, 0x0,
    0x0, 0x0, 0x0, 0x5, 0xff, 0xff, 0xff, 0xa0,
    0x0, 0x0, 0x0, 0x0, 0x4f, 0xfc, 0x76, 0xaf,
    0xf9, 0x0, 0x0, 0x0, 0x0, 0xdf, 0xb0, 0x0,
    0x5, 0xff, 0x20, 0x0, 0x0, 0x2, 0xff, 0x10,
    0x0, 0x0, 0xcf, 0x80, 0x0, 0x0, 0x4, 0xfe,
    0x0, 0x0, 0x0, 0x8f, 0xa0, 0x0, 0x0, 0x5,
    0xfd, 0x0, 0x0, 0x0, 0x8f, 0xa0, 0x0, 0x0,
    0x5, 0xfd, 0x11, 0x11, 0x11, 0x8f, 0xb0, 0x0,
    0xb, 0xff, 0xff, 0xff, 0xff, 0xff, 0xff, 0xff,
    0xd3, 0x7f, 0xff, 0xff, 0xff, 0xff, 0xff, 0xff,
    0xff, 0xfc, 0x9f, 0xff, 0xff, 0xff, 0xff, 0xff,
    0xff, 0xff, 0xfe, 0x9f, 0xff, 0xff, 0xff, 0xff,
    0xff, 0xff, 0xff, 0xfe, 0x9f, 0xff, 0xff, 0xff,
    0xff, 0xff, 0xff, 0xff, 0xfe, 0x9f, 0xff, 0xff,
    0xfe, 0x76, 0xcf, 0xff, 0xff, 0xfe, 0x9f, 0xff,
    0xff, 0xf3, 0x0, 0xd, 0xff, 0xff, 0xfe, 0x9f,
    0xff, 0xff, 0xf0, 0x0, 0xa, 0xff, 0xff, 0xfe,
    0x9f, 0xff, 0xff, 0xf3, 0x0, 0xd, 0xff, 0xff,
    0xfe, 0x9f, 0xff, 0xff, 0xfe, 0x76, 0xcf, 0xff,
    0xff, 0xfe, 0x9f, 0xff, 0xff, 0xff, 0xff, 0xff,
    0xff, 0xff, 0xfe, 0x9f, 0xff, 0xff, 0xff, 0xff,
    0xff, 0xff, 0xff, 0xfe, 0x9f, 0xff, 0xff, 0xff,
    0xff, 0xff, 0xff, 0xff, 0xfe, 0x7f, 0xff, 0xff,
    0xff, 0xff, 0xff, 0xff, 0xff, 0xfc, 0xb, 0xff,
    0xff, 0xff, 0xff, 0xff, 0xff, 0xff, 0xe3, 0x0,
    0x1, 0x11, 0x11, 0x11, 0x11, 0x11, 0x10, 0x0,

    /* U+F035B "󰍛" */
    0x0, 0x0, 0x0, 0x15, 0x50, 0x5, 0x50, 0x0,
    0x0, 0x0, 0x0, 0x0, 0x0, 0x4f, 0xe0, 0x2f,
    0xf0, 0x0, 0x0, 0x0, 0x0, 0x0, 0x22, 0x6f,
    0xe2, 0x4f, 0xf3, 0x21, 0x0, 0x0, 0x0, 0x3e,
    0xff, 0xff, 0xff, 0xff, 0xff, 0xff, 0x80, 0x0,
    0x0, 0xbf, 0xff, 0xff, 0xff, 0xff, 0xff, 0xff,
    0xf1, 0x0, 0x0, 0xcf, 0x50, 0x0, 0x0, 0x0,
    0x0, 0xe, 0xf3, 0x0, 0x0, 0xcf, 0x50, 0x0,
    0x0, 0x0, 0x0, 0xe, 0xf3, 0x0, 0xff, 0xff,
    0x50, 0x4f, 0xff, 0xff, 0xf0, 0xe, 0xff, 0xf6,
    0xff, 0xff, 0x50, 0x4f, 0xff, 0xff, 0xf0, 0xe,
    0xff, 0xf6, 0x22, 0xdf, 0x50, 0x4f, 0xe2, 0x5f,
    0xf0, 0xe, 0xf5, 0x21, 0x0, 0xcf, 0x50, 0x4f,
    0xe0, 0x2f, 0xf0, 0xe, 0xf3, 0x0, 0xee, 0xff,
    0x50, 0x4f, 0xfe, 0xef, 0xf0, 0xe, 0xfe, 0xe5,
    0xff, 0xff, 0x50, 0x4f, 0xff, 0xff, 0xf0, 0xe,
    0xff, 0xf6, 0x44, 0xdf, 0x50, 0x14, 0x44, 0x44,
    0x40, 0xe, 0xf6, 0x41, 0x0, 0xcf, 0x50, 0x0,
    0x0, 0x0, 0x0, 0xe, 0xf3, 0x0, 0x0, 0xcf,
    0x72, 0x22, 0x22, 0x22, 0x22, 0x2e, 0xf3, 0x0,
    0x0, 0x9f, 0xff, 0xff, 0xff, 0xff, 0xff, 0xff,
    0xf0, 0x0, 0x0, 0xa, 0xef, 0xff, 0xff, 0xff,
    0xff, 0xfd, 0x50, 0x0, 0x0, 0x0, 0x0, 0x4f,
    0xe0, 0x2f, 0xf0, 0x0, 0x0, 0x0, 0x0, 0x0,
    0x0, 0x4f, 0xe0, 0x2f, 0xf0, 0x0, 0x0, 0x0,
    0x0, 0x0, 0x0, 0x2, 0x20, 0x2, 0x20, 0x0,
    0x0, 0x0,

    /* U+F0392 "󰎒" */
    0x2, 0x44, 0x44, 0x44, 0x44, 0x44, 0x44, 0x44,
    0x43, 0x0, 0x6f, 0xff, 0xff, 0xff, 0xff, 0xff,
    0xff, 0xff, 0xff, 0xc0, 0xdf, 0xff, 0xff, 0xff,
    0xff, 0xff, 0xff, 0xff, 0xff, 0xf4, 0xef, 0xff,
    0xff, 0xff, 0xff, 0xff, 0xff, 0xff, 0xff, 0xf5,
    0xef, 0xff, 0xff, 0xd6, 0x10, 0x3, 0x9f, 0xff,
    0xff, 0xf5, 0xef, 0xff, 0xf9, 0x0, 0x0, 0x0,
    0x3, 0xef, 0xff, 0xf5, 0xef, 0xff, 0xa0, 0x5,
    0xdf, 0xfb, 0x20, 0x3f, 0xff, 0xf5, 0xef, 0xff,
    0x10, 0x7f, 0xff, 0xff, 0xf2, 0x9, 0xff, 0xf5,
    0xef, 0xf9, 0x1, 0xff, 0xff, 0xff, 0xfb, 0x3,
    0xff, 0xf5, 0xef, 0xf6, 0x6, 0xff, 0xff, 0xff,
    0xff, 0x0, 0xff, 0xf5, 0xef, 0xf5, 0x7, 0xff,
    0xff, 0xff, 0xff, 0x10, 0xef, 0xf5, 0xef, 0xf7,
    0x4, 0xff, 0xff, 0xff, 0xfe, 0x0, 0xff, 0xf5,
    0xef, 0xfb, 0x0, 0xdf, 0xff, 0xff, 0xf7, 0x4,
    0xff, 0xf5, 0xef, 0xff, 0x20, 0x1d, 0xff, 0xff,
    0x90, 0xb, 0xff, 0xf5, 0xef, 0xff, 0xd0, 0x0,
    0x58, 0x73, 0x0, 0x7f, 0xff, 0xf5, 0xef, 0xff,
    0xfd, 0x20, 0x0, 0x0, 0x8, 0xff, 0xff, 0xf5,
    0xef, 0xff, 0xff, 0xfa, 0x64, 0x58, 0xef, 0xff,
    0xff, 0xf5, 0xef, 0xff, 0xff, 0xff, 0xff, 0xff,
    0xff, 0xff, 0xff, 0xf5, 0xcf, 0xff, 0xff, 0xff,
    0xff, 0xff, 0xff, 0xff, 0xff, 0xf3, 0x3d, 0xff,
    0xff, 0xff, 0xff, 0xff, 0xff, 0xff, 0xff, 0x80,

    /* U+F0393 "󰎓" */
    0x0, 0x0, 0x0, 0x0, 0x13, 0x55, 0x41, 0x0,
    0x0, 0x0, 0x0, 0x0, 0x0, 0x0, 0x6c, 0xff,
    0xff, 0xff, 0xc6, 0x0, 0x0, 0x0, 0x0, 0x0,
    0x3d, 0xff, 0xff, 0xff, 0xff, 0xff, 0xd3, 0x0,
    0x0, 0x0, 0x6, 0xff, 0xff, 0xff, 0xee, 0xff,
    0xff, 0xff, 0x60, 0x0, 0x0, 0x4f, 0xff, 0xfc,
    0x50, 0x0, 0x4, 0xaf, 0xff, 0xf5, 0x0, 0x1,
    0xff, 0xff, 0x60, 0x0, 0x0, 0x0, 0xb, 0xff,
    0xff, 0x10, 0x9, 0xff, 0xf4, 0x0, 0x0, 0x0,
    0x0, 0xaf, 0xff, 0xff, 0xa0, 0x1f, 0xff, 0x80,
    0x0, 0x3b, 0xff, 0xcb, 0xff, 0x57, 0xff, 0xf1,
    0x6f, 0xff, 0x0, 0x3, 0xff, 0xff, 0xff, 0xf5,
    0x0, 0xef, 0xf6, 0xaf, 0xfa, 0x0, 0xd, 0xff,
    0xff, 0xff, 0xe0, 0x0, 0xaf, 0xfa, 0xbf, 0xf7,
    0x0, 0x2f, 0xff, 0xff, 0xff, 0xf4, 0x0, 0x7f,
    0xfc, 0xcf, 0xf7, 0x0, 0x3f, 0xff, 0xff, 0xff,
    0xf5, 0x0, 0x7f, 0xfc, 0xbf, 0xf8, 0x0, 0xf,
    0xff, 0xff, 0xff, 0xf3, 0x0, 0x9f, 0xfb, 0x9f,
    0xfc, 0x0, 0x9, 0xff, 0xff, 0xff, 0xb0, 0x0,
    0xdf, 0xf9, 0x4f, 0xff, 0x30, 0x4, 0xff, 0xff,
    0xff, 0x60, 0x3, 0xff, 0xf4, 0xe, 0xff, 0xc0,
    0x3f, 0xff, 0xff, 0xff, 0xf5, 0xb, 0xff, 0xe0,
    0x7, 0xff, 0xfa, 0xff, 0xff, 0xff, 0xff, 0xff,
    0xaf, 0xff, 0x60, 0x0, 0xcf, 0xff, 0xff, 0xff,
    0xff, 0xff, 0xff, 0xff, 0xfc, 0x0, 0x0, 0x1e,
    0xff, 0xff, 0xff, 0xff, 0xff, 0xff, 0xff, 0xe1,
    0x0, 0x0, 0x2, 0xdf, 0xff, 0xff, 0xff, 0xff,
    0xff, 0xfd, 0x20, 0x0, 0x0, 0x0, 0x8, 0xff,
    0xff, 0xff, 0xff, 0xff, 0x80, 0x0, 0x0, 0x0,
    0x0, 0x0, 0x17, 0xbe, 0xff, 0xeb, 0x71, 0x0,
    0x0, 0x0, 0x0, 0x0, 0x0, 0x0, 0x0, 0x0,
    0x0, 0x0, 0x0, 0x0, 0x0,

    /* U+F03D8 "󰏘" */
    0x0, 0x0, 0x0, 0x0, 0x34, 0x43, 0x0, 0x0,
    0x0, 0x0, 0x0, 0x0, 0x3, 0xaf, 0xff, 0xff,
    0xfb, 0x50, 0x0, 0x0, 0x0, 0x0, 0x8f, 0xfe,
    0xff, 0xff, 0xef, 0xfb, 0x20, 0x0, 0x0, 0xc,
    0xfe, 0x10, 0x8f, 0xf5, 0x2, 0xff, 0xf3, 0x0,
    0x0, 0xaf, 0xfa, 0x0, 0x3f, 0xf0, 0x0, 0xdf,
    0xfe, 0x20, 0x6, 0xff, 0xff, 0x42, 0xbf, 0xf9,
    0x15, 0xff, 0xff, 0xc0, 0xe, 0xff, 0xff, 0xff,
    0xff, 0xff, 0xff, 0xff, 0xff, 0xf3, 0x5f, 0xd2,
    0x2d, 0xff, 0xff, 0xff, 0xff, 0xb1, 0x2d, 0xf8,
    0x9f, 0x70, 0x7, 0xff, 0xff, 0xff, 0xff, 0x40,
    0x7, 0xfb, 0xbf, 0xb0, 0xb, 0xff, 0xff, 0xff,
    0xff, 0x90, 0xb, 0xfb, 0xbf, 0xfd, 0xdf, 0xff,
    0xff, 0xff, 0xff, 0xfd, 0xef, 0xf9, 0xaf, 0xff,
    0xff, 0xff, 0xff, 0xff, 0xff, 0xff, 0xff, 0xf3,
    0x8f, 0xff, 0xff, 0xff, 0xff, 0xff, 0xff, 0xff,
    0xff, 0x90, 0x3f, 0xff, 0xff, 0xff, 0xff, 0xff,
    0xff, 0xff, 0xf8, 0x0, 0xc, 0xff, 0xff, 0xff,
    0xff, 0xfd, 0x98, 0x86, 0x10, 0x0, 0x3, 0xff,
    0xff, 0xff, 0xff, 0xe0, 0x0, 0x0, 0x0, 0x0,
    0x0, 0x6f, 0xff, 0xff, 0xff, 0xc0, 0x0, 0x0,
    0x0, 0x0, 0x0, 0x7, 0xff, 0xff, 0xff, 0xf4,
    0x0, 0x0, 0x0, 0x0, 0x0, 0x0, 0x4e, 0xff,
    0xff, 0xf7, 0x0, 0x0, 0x0, 0x0, 0x0, 0x0,
    0x0, 0x5a, 0xef, 0xd2, 0x0, 0x0, 0x0, 0x0,

    /* U+F03E5 "󰏥" */
    0x0, 0x0, 0x0, 0x0, 0x46, 0x87, 0x62, 0x0,
    0x0, 0x0, 0x0, 0x0, 0x0, 0x1, 0x9f, 0xff,
    0xff, 0xff, 0xe7, 0x0, 0x0, 0x0, 0x0, 0x0,
    0x7f, 0xff, 0xff, 0xff, 0xff, 0xff, 0xe3, 0x0,
    0x0, 0x0, 0x9, 0xff, 0xff, 0xff, 0xff, 0xff,
    0xff, 0xff, 0x50, 0x0, 0x0, 0x8f, 0xff, 0xff,
    0xff, 0xff, 0xff, 0xff, 0xff, 0xf3, 0x0, 0x4,
    0xff, 0xff, 0xff, 0xff, 0xff, 0xff, 0xff, 0xff,
    0xfe, 0x0, 0xc, 0xff, 0xff, 0xff, 0xff, 0xff,
    0xff, 0xff, 0xff, 0xff, 0x70, 0x3f, 0xff, 0xff,
    0xfa, 0x2, 0xff, 0x0, 0xef, 0xff, 0xff, 0xe0,
    0x8f, 0xff, 0xff, 0xfa, 0x2, 0xff, 0x0, 0xef,
    0xff, 0xff, 0xf3, 0xcf, 0xff, 0xff, 0xfa, 0x2,
    0xff, 0x0, 0xef, 0xff, 0xff, 0xf7, 0xdf, 0xff,
    0xff, 0xfa, 0x2, 0xff, 0x0, 0xef, 0xff, 0xff,
    0xf9, 0xef, 0xff, 0xff, 0xfa, 0x2, 0xff, 0x0,
    0xef, 0xff, 0xff, 0xf9, 0xcf, 0xff, 0xff, 0xfa,
    0x2, 0xff, 0x0, 0xef, 0xff, 0xff, 0xf8, 0xaf,
    0xff, 0xff, 0xfa, 0x2, 0xff, 0x0, 0xef, 0xff,
    0xff, 0xf6, 0x5f, 0xff, 0xff, 0xfa, 0x2, 0xff,
    0x0, 0xef, 0xff, 0xff, 0xf1, 0x1f, 0xff, 0xff,
    0xfc, 0x78, 0xff, 0x77, 0xff, 0xff, 0xff, 0xb0,
    0x8, 0xff, 0xff, 0xff, 0xff, 0xff, 0xff, 0xff,
    0xff, 0xff, 0x30, 0x0, 0xdf, 0xff, 0xff, 0xff,
    0xff, 0xff, 0xff, 0xff, 0xfa, 0x0, 0x0, 0x2f,
    0xff, 0xff, 0xff, 0xff, 0xff, 0xff, 0xff, 0xc0,
    0x0, 0x0, 0x2, 0xdf, 0xff, 0xff, 0xff, 0xff,
    0xff, 0xfb, 0x0, 0x0, 0x0, 0x0, 0x19, 0xff,
    0xff, 0xff, 0xff, 0xfe, 0x60, 0x0, 0x0, 0x0,
    0x0, 0x0, 0x27, 0xce, 0xff, 0xea, 0x60, 0x0,
    0x0, 0x0, 0x0, 0x0, 0x0, 0x0, 0x0, 0x0,
    0x0, 0x0, 0x0, 0x0, 0x0,

    /* U+F040C "󰐌" */
    0x0, 0x0, 0x0, 0x0, 0x46, 0x88, 0x63, 0x0,
    0x0, 0x0, 0x0, 0x0, 0x0, 0x1, 0x9f, 0xff,
    0xff, 0xff, 0xe8, 0x0, 0x0, 0x0, 0x0, 0x0,
    0x7f, 0xff, 0xff, 0xff, 0xff, 0xff, 0xe4, 0x0,
    0x0, 0x0, 0xa, 0xff, 0xff, 0xff, 0xff, 0xff,
    0xff, 0xff, 0x60, 0x0, 0x0, 0x8f, 0xff, 0xff,
    0xff, 0xff, 0xff, 0xff, 0xff, 0xf4, 0x0, 0x4,
    0xff, 0xff, 0xff, 0xff, 0xff, 0xff, 0xff, 0xff,
    0xff, 0x10, 0xc, 0xff, 0xff, 0xff, 0xde, 0xff,
    0xff, 0xff, 0xff, 0xff, 0x90, 0x3f, 0xff, 0xff,
    0xff, 0xb1, 0xbf, 0xff, 0xff, 0xff, 0xff, 0xf0,
    0x8f, 0xff, 0xff, 0xff, 0xb0, 0x7, 0xff, 0xff,
    0xff, 0xff, 0xf4, 0xcf, 0xff, 0xff, 0xff, 0xb0,
    0x0, 0x3e, 0xff, 0xff, 0xff, 0xf8, 0xdf, 0xff,
    0xff, 0xff, 0xb0, 0x0, 0x1, 0xbf, 0xff, 0xff,
    0xfa, 0xef, 0xff, 0xff, 0xff, 0xb0, 0x0, 0x0,
    0x3f, 0xff, 0xff, 0xfa, 0xcf, 0xff, 0xff, 0xff,
    0xb0, 0x0, 0x7, 0xff, 0xff, 0xff, 0xf9, 0xaf,
    0xff, 0xff, 0xff, 0xb0, 0x1, 0xbf, 0xff, 0xff,
    0xff, 0xf7, 0x6f, 0xff, 0xff, 0xff, 0xb0, 0x3e,
    0xff, 0xff, 0xff, 0xff, 0xf2, 0x1f, 0xff, 0xff,
    0xff, 0xb7, 0xff, 0xff, 0xff, 0xff, 0xff, 0xd0,
    0x8, 0xff, 0xff, 0xff, 0xff, 0xff, 0xff, 0xff,
    0xff, 0xff, 0x40, 0x0, 0xdf, 0xff, 0xff, 0xff,
    0xff, 0xff, 0xff, 0xff, 0xfb, 0x0, 0x0, 0x2f,
    0xff, 0xff, 0xff, 0xff, 0xff, 0xff, 0xff, 0xd0,
    0x0, 0x0, 0x3, 0xef, 0xff, 0xff, 0xff, 0xff,
    0xff, 0xfc, 0x10, 0x0, 0x0, 0x0, 0x19, 0xff,
    0xff, 0xff, 0xff, 0xfe, 0x70, 0x0, 0x0, 0x0,
    0x0, 0x0, 0x27, 0xce, 0xff, 0xeb, 0x61, 0x0,
    0x0, 0x0, 0x0, 0x0, 0x0, 0x0, 0x0, 0x0,
    0x0, 0x0, 0x0, 0x0, 0x0,

    /* U+F0425 "󰐥" */
    0x0, 0x0, 0x0, 0x1, 0xbb, 0x0, 0x0, 0x0,
    0x0, 0x0, 0x0, 0x0, 0x2, 0xff, 0x0, 0x0,
    0x0, 0x0, 0x0, 0x0, 0x0, 0x2, 0xff, 0x0,
    0x0, 0x0, 0x0, 0x0, 0xa, 0x80, 0x2, 0xff,
    0x0, 0xa, 0x80, 0x0, 0x0, 0xaf, 0xf3, 0x2,
    0xff, 0x0, 0x6f, 0xf8, 0x0, 0x6, 0xff, 0x50,
    0x2, 0xff, 0x0, 0x7, 0xff, 0x40, 0xe, 0xf8,
    0x0, 0x2, 0xff, 0x0, 0x0, 0xaf, 0xd0, 0x5f,
    0xf0, 0x0, 0x2, 0xff, 0x0, 0x0, 0x2f, 0xf4,
    0x9f, 0xa0, 0x0, 0x2, 0xff, 0x0, 0x0, 0xc,
    0xf8, 0xbf, 0x70, 0x0, 0x2, 0xff, 0x0, 0x0,
    0x9, 0xfa, 0xbf, 0x70, 0x0, 0x2, 0xff, 0x0,
    0x0, 0x9, 0xfa, 0xaf, 0x90, 0x0, 0x0, 0x11,
    0x0, 0x0, 0xb, 0xf8, 0x6f, 0xe0, 0x0, 0x0,
    0x0, 0x0, 0x0, 0xf, 0xf5, 0x1f, 0xf5, 0x0,
    0x0, 0x0, 0x0, 0x0, 0x7f, 0xe0, 0x9, 0xff,
    0x20, 0x0, 0x0, 0x0, 0x3, 0xff, 0x70, 0x0,
    0xdf, 0xe4, 0x0, 0x0, 0x0, 0x5f, 0xfb, 0x0,
    0x0, 0x2d, 0xff, 0xc7, 0x45, 0x7c, 0xff, 0xc1,
    0x0, 0x0, 0x0, 0xaf, 0xff, 0xff, 0xff, 0xf9,
    0x0, 0x0, 0x0, 0x0, 0x3, 0x9c, 0xee, 0xc8,
    0x20, 0x0, 0x0,

    /* U+F04C5 "󰓅" */
    0x0, 0x0, 0x0, 0x0, 0x2, 0x44, 0x30, 0x0,
    0x0, 0x0, 0x0, 0x0, 0x0, 0x0, 0x5b, 0xff,
    0xff, 0xff, 0xb5, 0x0, 0x0, 0x0, 0x0, 0x0,
    0x2c, 0xff, 0xff, 0xee, 0xff, 0xf9, 0x10, 0x1,
    0x0, 0x0, 0x5, 0xff, 0xf9, 0x30, 0x0, 0x4,
    0x30, 0x1, 0x95, 0x0, 0x0, 0x3f, 0xfd, 0x20,
    0x0, 0x0, 0x0, 0x0, 0x6e, 0xc0, 0x0, 0x1,
    0xef, 0xc0, 0x0, 0x0, 0x0, 0x0, 0x4d, 0xff,
    0x30, 0x0, 0x8, 0xfe, 0x10, 0x0, 0x0, 0x0,
    0x2b, 0xff, 0xfa, 0x0, 0x60, 0xf, 0xf5, 0x0,
    0x0, 0x0, 0x8, 0xff, 0xff, 0xf1, 0x6, 0xf1,
    0x5f, 0xd0, 0x0, 0x0, 0x5, 0xef, 0xff, 0xff,
    0x70, 0xd, 0xf5, 0x9f, 0x80, 0x0, 0x0, 0x8f,
    0xff, 0xff, 0xfd, 0x0, 0x9, 0xf9, 0xbf, 0x60,
    0x0, 0x1, 0xff, 0xff, 0xff, 0xf5, 0x0, 0x6,
    0xfb, 0xcf, 0x50, 0x0, 0x3, 0xff, 0xff, 0xff,
    0xb0, 0x0, 0x5, 0xfc, 0xbf, 0x60, 0x0, 0x1,
    0xff, 0xff, 0xff, 0x20, 0x0, 0x6, 0xfb, 0x9f,
    0x90, 0x0, 0x0, 0x7f, 0xff, 0xf7, 0x0, 0x0,
    0x9, 0xf9, 0x5f, 0xe0, 0x0, 0x0, 0x5, 0xaa,
    0x50, 0x0, 0x0, 0xe, 0xf5, 0x1f, 0xf5, 0x0,
    0x0, 0x0, 0x0, 0x0, 0x0, 0x0, 0x5f, 0xf0,
    0x8, 0xfe, 0x10, 0x0, 0x0, 0x0, 0x0, 0x0,
    0x1, 0xef, 0x80, 0x1, 0xef, 0xb0, 0x0, 0x0,
    0x0, 0x0, 0x0, 0xb, 0xfe, 0x10, 0x0, 0x3f,
    0xf2, 0x0, 0x0, 0x0, 0x0, 0x0, 0x1f, 0xf3,
    0x0, 0x0, 0x3, 0x50, 0x0, 0x0, 0x0, 0x0,
    0x0, 0x5, 0x30, 0x0,

    /* U+F04E6 "󰓦" */
    0x0, 0x0, 0x0, 0x0, 0x20, 0x0, 0x0, 0x0,
    0x0, 0x0, 0x0, 0x0, 0x2, 0xe0, 0x0, 0x0,
    0x0, 0x0, 0x0, 0x0, 0x0, 0x2e, 0xf0, 0x0,
    0x0, 0x0, 0x0, 0x0, 0x0, 0x2, 0xef, 0xf4,
    0x20, 0x0, 0x0, 0x0, 0x0, 0x0, 0x1e, 0xff,
    0xff, 0xfe, 0x91, 0x0, 0x0, 0x0, 0x0, 0xa,
    0xff, 0xfe, 0xff, 0xfe, 0x40, 0x0, 0x0, 0x0,
    0x0, 0xaf, 0xf0, 0x6, 0xdf, 0xf6, 0x0, 0x0,
    0x0, 0x0, 0x9, 0xf0, 0x0, 0x9, 0xff, 0x30,
    0xc, 0x60, 0x0, 0x0, 0x90, 0x0, 0x0, 0xbf,
    0xd0, 0x4f, 0xf0, 0x0, 0x0, 0x0, 0x0, 0x0,
    0x2f, 0xf4, 0x8f, 0xb0, 0x0, 0x0, 0x0, 0x0,
    0x0, 0xb, 0xf8, 0xbf, 0x80, 0x0, 0x0, 0x0,
    0x0, 0x0, 0x8, 0xfb, 0xbf, 0x70, 0x0, 0x0,
    0x0, 0x0, 0x0, 0x7, 0xfb, 0xaf, 0x90, 0x0,
    0x0, 0x0, 0x0, 0x0, 0x9, 0xfa, 0x7f, 0xd0,
    0x0, 0x0, 0x0, 0x0, 0x0, 0xd, 0xf7, 0x2f,
    0xf4, 0x0, 0x0, 0x1, 0x0, 0x0, 0xe, 0xf1,
    0xa, 0xfe, 0x10, 0x0, 0xd, 0x10, 0x0, 0x2,
    0x70, 0x0, 0xdf, 0xe4, 0x0, 0xf, 0xe2, 0x0,
    0x0, 0x0, 0x0, 0x2d, 0xff, 0xc7, 0x4f, 0xfe,
    0x20, 0x0, 0x0, 0x0, 0x1, 0xaf, 0xff, 0xff,
    0xff, 0xe1, 0x0, 0x0, 0x0, 0x0, 0x3, 0x9c,
    0xef, 0xff, 0xa0, 0x0, 0x0, 0x0, 0x0, 0x0,
    0x0, 0xf, 0xfa, 0x0, 0x0, 0x0, 0x0, 0x0,
    0x0, 0x0, 0xf, 0xa0, 0x0, 0x0, 0x0, 0x0,
    0x0, 0x0, 0x0, 0xa, 0x0, 0x0, 0x0, 0x0,
    0x0, 0x0, 0x0, 0x0, 0x0, 0x0, 0x0, 0x0,
    0x0,

    /* U+F04E7 "󰓧" */
    0x0, 0x0, 0x0, 0x0, 0x0, 0x0, 0x3, 0x44,
    0x44, 0x42, 0x0, 0x0, 0x19, 0xa0, 0x0, 0x0,
    0xc, 0xff, 0xff, 0xd1, 0x0, 0x5, 0xff, 0xb0,
    0x0, 0x0, 0xc, 0xff, 0xfe, 0x10, 0x0, 0x6f,
    0xfe, 0x50, 0x0, 0x0, 0xc, 0xff, 0xf7, 0x0,
    0x3, 0xff, 0xa0, 0x0, 0x1f, 0xf0, 0xc, 0xff,
    0xff, 0x30, 0xd, 0xfb, 0x0, 0x0, 0x1f, 0xf0,
    0xc, 0xd2, 0xbf, 0xc0, 0x4f, 0xf2, 0x0, 0x0,
    0x1f, 0xf0, 0x9, 0x10, 0x2f, 0xf3, 0x8f, 0xb0,
    0x0, 0x0, 0x1f, 0xf0, 0x0, 0x0, 0xb, 0xf8,
    0xbf, 0x80, 0x0, 0x0, 0x1f, 0xf0, 0x0, 0x0,
    0x8, 0xfa, 0xbf, 0x70, 0x0, 0x0, 0x1f, 0xf0,
    0x0, 0x0, 0x7, 0xfb, 0xaf, 0x80, 0x0, 0x0,
    0x7, 0x70, 0x0, 0x0, 0x8, 0xfa, 0x7f, 0xc0,
    0x0, 0x10, 0x0, 0x0, 0x0, 0x0, 0xc, 0xf7,
    0x2f, 0xf3, 0x3, 0xa0, 0x4, 0x40, 0x0, 0x0,
    0x3f, 0xf3, 0xb, 0xfd, 0x4f, 0xb0, 0x1f, 0xf0,
    0x0, 0x1, 0xdf, 0xb0, 0x2, 0xff, 0xff, 0xb0,
    0x1e, 0xe0, 0x0, 0x1c, 0xff, 0x20, 0x0, 0x7f,
    0xff, 0xb0, 0x0, 0x0, 0x7, 0xff, 0xf4, 0x0,
    0x3, 0xef, 0xff, 0xb0, 0x0, 0x0, 0xc, 0xfe,
    0x30, 0x0, 0x3e, 0xff, 0xff, 0xb0, 0x0, 0x0,
    0x8, 0x60, 0x0, 0x0, 0x12, 0x22, 0x22, 0x10,
    0x0, 0x0, 0x0, 0x0, 0x0, 0x0,

    /* U+F050F "󰔏" */
    0x0, 0x0, 0x3, 0x40, 0x0, 0x0, 0x0, 0x3,
    0xef, 0xfe, 0x30, 0x0, 0x0, 0xe, 0xfe, 0xef,
    0xe0, 0x0, 0x0, 0x2f, 0xf1, 0x1f, 0xf2, 0x0,
    0x0, 0x3f, 0xe0, 0xe, 0xf3, 0x0, 0x0, 0x3f,
    0xe0, 0xe, 0xf3, 0x0, 0x0, 0x3f, 0xf0, 0xf,
    0xf3, 0x0, 0x0, 0x3f, 0xff, 0xff, 0xf3, 0x0,
    0x0, 0x3f, 0xff, 0xff, 0xf3, 0x0, 0x0, 0x3f,
    0xff, 0xff, 0xf3, 0x0, 0x0, 0x3f, 0xff, 0xff,
    0xf3, 0x0, 0x0, 0x3f, 0xff, 0xff, 0xf3, 0x0,
    0x0, 0x7f, 0xff, 0xff, 0xf7, 0x0, 0x5, 0xff,
    0xff, 0xff, 0xff, 0x50, 0xe, 0xff, 0xff, 0xff,
    0xff, 0xe0, 0x4f, 0xff, 0xff, 0xff, 0xff, 0xf4,
    0x6f, 0xff, 0xff, 0xff, 0xff, 0xf6, 0x5f, 0xff,
    0xff, 0xff, 0xff, 0xf5, 0x1f, 0xff, 0xff, 0xff,
    0xff, 0xf1, 0x8, 0xff, 0xff, 0xff, 0xff, 0x80,
    0x0, 0xaf, 0xff, 0xff, 0xfb, 0x0, 0x0, 0x6,
    0xdf, 0xfd, 0x60, 0x0, 0x0, 0x0, 0x0, 0x0,
    0x0, 0x0,

    /* U+F0521 "󰔡" */
    0x0, 0x0, 0x2, 0x22, 0x22, 0x22, 0x22, 0x22,
    0x20, 0x0, 0x0, 0x0, 0x3b, 0xff, 0xff, 0xff,
    0xff, 0xff, 0xff, 0xff, 0xb2, 0x0, 0x4, 0xff,
    0xff, 0xff, 0xff, 0xff, 0xff, 0xff, 0xff, 0xff,
    0x40, 0x1e, 0xff, 0xff, 0xff, 0xff, 0xff, 0xff,
    0xb2, 0x3, 0xcf, 0xe1, 0x7f, 0xff, 0xff, 0xff,
    0xff, 0xff, 0xfc, 0x0, 0x0, 0xe, 0xf7, 0xbf,
    0xff, 0xff, 0xff, 0xff, 0xff, 0xf5, 0x0, 0x0,
    0x7, 0xfb, 0xcf, 0xff, 0xff, 0xff, 0xff, 0xff,
    0xf3, 0x0, 0x0, 0x5, 0xfc, 0xaf, 0xff, 0xff,
    0xff, 0xff, 0xff, 0xf6, 0x0, 0x0, 0x8, 0xfa,
    0x5f, 0xff, 0xff, 0xff, 0xff, 0xff, 0xfe, 0x10,
    0x0, 0x2f, 0xf5, 0xc, 0xff, 0xff, 0xff, 0xff,
    0xff, 0xff, 0xe7, 0x58, 0xff, 0xc0, 0x1, 0xdf,
    0xff, 0xff, 0xff, 0xff, 0xff, 0xff, 0xff, 0xfd,
    0x10, 0x0, 0x7, 0xce, 0xee, 0xee, 0xee, 0xee,
    0xee, 0xec, 0x60, 0x0,

    /* U+F0522 "󰔢" */
    0x0, 0x0, 0x2, 0x22, 0x22, 0x22, 0x22, 0x22,
    0x20, 0x0, 0x0, 0x0, 0x3b, 0xff, 0xff, 0xff,
    0xff, 0xff, 0xff, 0xff, 0xb2, 0x0, 0x4, 0xff,
    0xff, 0xff, 0xff, 0xff, 0xff, 0xff, 0xff, 0xff,
    0x40, 0x1e, 0xfc, 0x30, 0x2b, 0xff, 0xff, 0xff,
    0xff, 0xff, 0xff, 0xe1, 0x7f, 0xd0, 0x0, 0x0,
    0xcf, 0xff, 0xff, 0xff, 0xff, 0xff, 0xf7, 0xbf,
    0x70, 0x0, 0x0, 0x5f, 0xff, 0xff, 0xff, 0xff,
    0xff, 0xfb, 0xcf, 0x50, 0x0, 0x0, 0x3f, 0xff,
    0xff, 0xff, 0xff, 0xff, 0xfc, 0xaf, 0x80, 0x0,
    0x0, 0x6f, 0xff, 0xff, 0xff, 0xff, 0xff, 0xfa,
    0x5f, 0xf2, 0x0, 0x1, 0xef, 0xff, 0xff, 0xff,
    0xff, 0xff, 0xf5, 0xc, 0xff, 0x85, 0x7e, 0xff,
    0xff, 0xff, 0xff, 0xff, 0xff, 0xc0, 0x1, 0xdf,
    0xff, 0xff, 0xff, 0xff, 0xff, 0xff, 0xff, 0xfd,
    0x10, 0x0, 0x7, 0xce, 0xee, 0xee, 0xee, 0xee,
    0xee, 0xec, 0x60, 0x0,

    /* U+F0565 "󰕥" */
    0x0, 0x0, 0x0, 0x0, 0x18, 0x60, 0x0, 0x0,
    0x0, 0x0, 0x0, 0x0, 0x0, 0x3a, 0xff, 0xfe,
    0x71, 0x0, 0x0, 0x0, 0x0, 0x0, 0x4b, 0xff,
    0xff, 0xff, 0xff, 0x92, 0x0, 0x0, 0x0, 0x6d,
    0xff, 0xff, 0xff, 0xff, 0xff, 0xff, 0xb3, 0x0,
    0x7e, 0xff, 0xff, 0xff, 0xff, 0xff, 0xff, 0xff,
    0xff, 0xc4, 0xef, 0xff, 0xff, 0xff, 0xff, 0xff,
    0xff, 0xff, 0xff, 0xf9, 0xef, 0xff, 0xff, 0xff,
    0xff, 0xff, 0xff, 0xff, 0xff, 0xf9, 0xef, 0xff,
    0xff, 0xff, 0xff, 0xff, 0xff, 0xcf, 0xff, 0xf9,
    0xef, 0xff, 0xff, 0xff, 0xff, 0xff, 0xfb, 0x3,
    0xff, 0xf9, 0xef, 0xff, 0xff, 0xff, 0xff, 0xff,
    0xb0, 0x3, 0xff, 0xf9, 0xef, 0xff, 0xff, 0xff,
    0xff, 0xfb, 0x0, 0x3f, 0xff, 0xf9, 0xef, 0xff,
    0xff, 0xff, 0xff, 0xb0, 0x3, 0xff, 0xff, 0xf8,
    0xdf, 0xfe, 0x37, 0xff, 0xfb, 0x0, 0x3f, 0xff,
    0xff, 0xf7, 0xbf, 0xf9, 0x0, 0x7f, 0xb0, 0x3,
    0xff, 0xff, 0xff, 0xf5, 0x7f, 0xff, 0x70, 0x4,
    0x0, 0x3f, 0xff, 0xff, 0xff, 0xf2, 0x3f, 0xff,
    0xf7, 0x0, 0x3, 0xff, 0xff, 0xff, 0xff, 0xd0,
    0xc, 0xff, 0xff, 0x70, 0x3f, 0xff, 0xff, 0xff,
    0xff, 0x70, 0x4, 0xff, 0xff, 0xf9, 0xff, 0xff,
    0xff, 0xff, 0xfe, 0x0, 0x0, 0xaf, 0xff, 0xff,
    0xff, 0xff, 0xff, 0xff, 0xf5, 0x0, 0x0, 0x1e,
    0xff, 0xff, 0xff, 0xff, 0xff, 0xff, 0xb0, 0x0,
    0x0, 0x2, 0xef, 0xff, 0xff, 0xff, 0xff, 0xfc,
    0x0, 0x0, 0x0, 0x0, 0x3e, 0xff, 0xff, 0xff,
    0xff, 0xc0, 0x0, 0x0, 0x0, 0x0, 0x1, 0xbf,
    0xff, 0xff, 0xf8, 0x0, 0x0, 0x0, 0x0, 0x0,
    0x0, 0x4, 0xbf, 0xf9, 0x20, 0x0, 0x0, 0x0,
    0x0, 0x0, 0x0, 0x0, 0x1, 0x0, 0x0, 0x0,
    0x0, 0x0,

    /* U+F057E "󰕾" */
    0x0, 0x0, 0x0, 0x0, 0x0, 0x0, 0x10, 0x0,
    0x0, 0x0, 0x0, 0x0, 0x0, 0x0, 0x1, 0x0,
    0xcc, 0x50, 0x0, 0x0, 0x0, 0x0, 0x0, 0x0,
    0x1d, 0x0, 0xcf, 0xfb, 0x10, 0x0, 0x0, 0x0,
    0x0, 0x1, 0xdf, 0x0, 0x18, 0xff, 0xd1, 0x0,
    0x0, 0x0, 0x0, 0x1d, 0xff, 0x0, 0x0, 0x3e,
    0xfc, 0x0, 0x0, 0x0, 0x1, 0xdf, 0xff, 0x0,
    0x0, 0x2, 0xff, 0x70, 0x0, 0x0, 0x1d, 0xff,
    0xff, 0x0, 0xa3, 0x0, 0x7f, 0xe0, 0xbf, 0xff,
    0xff, 0xff, 0xff, 0x0, 0xce, 0x10, 0xe, 0xf5,
    0xbf, 0xff, 0xff, 0xff, 0xff, 0x0, 0xcf, 0x80,
    0xa, 0xf9, 0xbf, 0xff, 0xff, 0xff, 0xff, 0x0,
    0xcf, 0xd0, 0x7, 0xfa, 0xbf, 0xff, 0xff, 0xff,
    0xff, 0x0, 0xcf, 0xe0, 0x7, 0xfb, 0xbf, 0xff,
    0xff, 0xff, 0xff, 0x0, 0xcf, 0xb0, 0x8, 0xf9,
    0xbf, 0xff, 0xff, 0xff, 0xff, 0x0, 0xcf, 0x50,
    0xc, 0xf7, 0x57, 0x77, 0x9f, 0xff, 0xff, 0x0,
    0xc9, 0x0, 0x2f, 0xf2, 0x0, 0x0, 0x7, 0xff,
    0xff, 0x0, 0x30, 0x0, 0xbf, 0xc0, 0x0, 0x0,
    0x0, 0x7f, 0xff, 0x0, 0x0, 0x9, 0xff, 0x20,
    0x0, 0x0, 0x0, 0x7, 0xff, 0x0, 0x1, 0xaf,
    0xf6, 0x0, 0x0, 0x0, 0x0, 0x0, 0x7f, 0x0,
    0x7f, 0xff, 0x70, 0x0, 0x0, 0x0, 0x0, 0x0,
    0x7, 0x0, 0xcf, 0xd3, 0x0, 0x0, 0x0, 0x0,
    0x0, 0x0, 0x0, 0x0, 0x74, 0x0, 0x0, 0x0,

    /* U+F058E "󰖎" */
    0x0, 0x0, 0x0, 0x0, 0x0, 0x0, 0x0, 0x0,
    0x0, 0x0, 0x99, 0x0, 0x0, 0x0, 0x0, 0x0,
    0x6, 0xff, 0x70, 0x0, 0x0, 0x0, 0x0, 0x3f,
    0xff, 0xf3, 0x0, 0x0, 0x0, 0x0, 0xdf, 0xff,
    0xfd, 0x0, 0x0, 0x0, 0x9, 0xff, 0xff, 0xff,
    0x90, 0x0, 0x0, 0x3f, 0xff, 0xff, 0xff, 0xf3,
    0x0, 0x0, 0xcf, 0xff, 0xff, 0xff, 0xfd, 0x0,
    0x5, 0xfa, 0x18, 0xff, 0xf5, 0xcf, 0x50, 0xc,
    0xf3, 0x1, 0xff, 0x40, 0x8f, 0xc0, 0x2f, 0xfb,
    0x3a, 0xf4, 0x8, 0xff, 0xf2, 0x6f, 0xff, 0xff,
    0x40, 0x8f, 0xff, 0xf5, 0x7f, 0xff, 0xf4, 0x8,
    0xff, 0xff, 0xf7, 0x5f, 0xff, 0x40, 0x8f, 0x60,
    0x8f, 0xf5, 0x2f, 0xf7, 0x8, 0xff, 0x10, 0x3f,
    0xf2, 0xa, 0xfe, 0x9f, 0xff, 0xb5, 0xcf, 0xa0,
    0x1, 0xef, 0xff, 0xff, 0xff, 0xfe, 0x10, 0x0,
    0x2d, 0xff, 0xff, 0xff, 0xd2, 0x0, 0x0, 0x0,
    0x6b, 0xdd, 0xb6, 0x0, 0x0,

    /* U+F0590 "󰖐" */
    0x0, 0x0, 0x0, 0x0, 0x0, 0x13, 0x31, 0x0,
    0x0, 0x0, 0x0, 0x0, 0x0, 0x0, 0x0, 0x0,
    0x5c, 0xff, 0xff, 0xc5, 0x0, 0x0, 0x0, 0x0,
    0x0, 0x0, 0x0, 0x9, 0xff, 0xfe, 0xef, 0xff,
    0xa0, 0x0, 0x0, 0x0, 0x0, 0x0, 0x0, 0x9f,
    0xf7, 0x10, 0x1, 0x8f, 0xfa, 0x0, 0x0, 0x0,
    0x0, 0x0, 0x3, 0xfe, 0x20, 0x0, 0x0, 0x3,
    0xff, 0x40, 0x0, 0x0, 0x0, 0x29, 0xef, 0xf4,
    0x0, 0x0, 0x0, 0x0, 0x5f, 0xb0, 0x0, 0x0,
    0x3, 0xef, 0xff, 0xd0, 0x0, 0x0, 0x0, 0x0,
    0xd, 0xf0, 0x0, 0x0, 0x1e, 0xfc, 0x41, 0x20,
    0x0, 0x0, 0x0, 0x0, 0xa, 0xff, 0xd7, 0x0,
    0x8f, 0xd0, 0x0, 0x0, 0x0, 0x0, 0x0, 0x0,
    0x9, 0xff, 0xff, 0xb0, 0xdf, 0x60, 0x0, 0x0,
    0x0, 0x0, 0x0, 0x0, 0x1, 0x23, 0x7f, 0xf7,
    0xef, 0x40, 0x0, 0x0, 0x0, 0x0, 0x0, 0x0,
    0x0, 0x0, 0x8, 0xfc, 0xcf, 0x70, 0x0, 0x0,
    0x0, 0x0, 0x0, 0x0, 0x0, 0x0, 0x4, 0xfe,
    0x8f, 0xe1, 0x0, 0x0, 0x0, 0x0, 0x0, 0x0,
    0x0, 0x0, 0x8, 0xfc, 0x1e, 0xfe, 0x63, 0x22,
    0x22, 0x22, 0x22, 0x22, 0x22, 0x23, 0x7f, 0xf7,
    0x3, 0xef, 0xff, 0xff, 0xff, 0xff, 0xff, 0xff,
    0xff, 0xff, 0xff, 0xb0, 0x0, 0x18, 0xdf, 0xff,
    0xff, 0xff, 0xff, 0xff, 0xff, 0xff, 0xd7, 0x0,

    /* U+F0591 "󰖑" */
    0x0, 0x0, 0x0, 0x0, 0x0, 0x24, 0x42, 0x0,
    0x0, 0x0, 0x0, 0x0, 0x0, 0x0, 0x0, 0x0,
    0x6d, 0xff, 0xff, 0xd6, 0x0, 0x0, 0x0, 0x0,
    0x0, 0x0, 0x0, 0xa, 0xff, 0xfe, 0xef, 0xff,
    0xb0, 0x0, 0x0, 0x0, 0x0, 0x0, 0x0, 0xaf,
    0xf7, 0x10, 0x1, 0x7f, 0xfa, 0x0, 0x0, 0x0,
    0x0, 0x0, 0x4, 0xfe, 0x20, 0x0, 0x0, 0x2,
    0xef, 0x40, 0x0, 0x0, 0x0, 0x2a, 0xff, 0xf4,
    0x0, 0x0, 0x0, 0x0, 0x5f, 0xb0, 0x0, 0x0,
    0x4, 0xff, 0xff, 0xd0, 0x0, 0x0, 0x0, 0x0,
    0xd, 0xf0, 0x0, 0x0, 0x2f, 0xfb, 0x30, 0x10,
    0x0, 0x0, 0x0, 0x0, 0xa, 0xff, 0xd8, 0x0,
    0x9f, 0xd0, 0x0, 0x0, 0x0, 0x0, 0x0, 0x0,
    0x9, 0xff, 0xff, 0xb0, 0xdf, 0x60, 0x0, 0x0,
    0x0, 0x0, 0x0, 0x0, 0x1, 0x33, 0x7f, 0xf7,
    0xef, 0x40, 0x0, 0x0, 0x0, 0x0, 0x0, 0x0,
    0x0, 0x0, 0x8, 0xfc, 0x56, 0x20, 0x0, 0x0,
    0x0, 0x0, 0x0, 0x0, 0x0, 0x0, 0x1, 0x66,
    0x0, 0x0, 0x0, 0x0, 0x0, 0x0, 0x0, 0x0,
    0x0, 0x0, 0x0, 0x0, 0x1, 0x44, 0x44, 0x44,
    0x44, 0x44, 0x42, 0x0, 0x44, 0x44, 0x44, 0x10,
    0xb, 0xff, 0xff, 0xff, 0xff, 0xff, 0xff, 0x1a,
    0xff, 0xff, 0xff, 0xb0, 0x7, 0xee, 0xee, 0xee,
    0xee, 0xee, 0xec, 0x6, 0xee, 0xee, 0xee, 0x70,
    0x0, 0x0, 0x0, 0x0, 0x0, 0x0, 0x0, 0x0,
    0x0, 0x0, 0x0, 0x0, 0x0, 0x23, 0x20, 0x2,
    0x33, 0x33, 0x33, 0x33, 0x33, 0x33, 0x32, 0x0,
    0xa, 0xff, 0xf5, 0x4f, 0xff, 0xff, 0xff, 0xff,
    0xff, 0xff, 0xff, 0xa0, 0x9, 0xff, 0xf4, 0x3f,
    0xff, 0xff, 0xff, 0xff, 0xff, 0xff, 0xff, 0x90,

    /* U+F0594 "󰖔" */
    0x0, 0x0, 0x0, 0x0, 0x0, 0x0, 0x3, 0x0,
    0x0, 0x0, 0x0, 0x0, 0x0, 0x0, 0x0, 0x0,
    0x0, 0xd, 0x10, 0x0, 0x0, 0x0, 0x0, 0x0,
    0x0, 0x0, 0x0, 0x0, 0x3f, 0x70, 0x0, 0x0,
    0x0, 0x0, 0x0, 0x6, 0xa2, 0x5, 0x88, 0xcf,
    0xe8, 0x87, 0x0, 0x0, 0x0, 0x0, 0x8f, 0xfa,
    0x0, 0xbf, 0xff, 0xff, 0xd2, 0x0, 0x0, 0x0,
    0x7, 0xff, 0xfb, 0x0, 0x8, 0xff, 0xfb, 0x0,
    0x0, 0x0, 0x0, 0x3f, 0xfd, 0xfc, 0x0, 0x7,
    0xff, 0xfb, 0x0, 0x0, 0x0, 0x0, 0xbf, 0xb4,
    0xfe, 0x0, 0xc, 0xc2, 0x9f, 0x0, 0x0, 0x0,
    0x2, 0xff, 0x22, 0xff, 0x10, 0x17, 0x0, 0x4,
    0x30, 0x0, 0x0, 0x7, 0xfc, 0x0, 0xdf, 0x60,
    0x0, 0x0, 0x0, 0x0, 0x24, 0x0, 0xa, 0xf7,
    0x0, 0x8f, 0xd0, 0x0, 0x0, 0x0, 0x0, 0x89,
    0x0, 0xc, 0xf5, 0x0, 0x1f, 0xf6, 0x0, 0x0,
    0x0, 0x5f, 0xff, 0xf6, 0xc, 0xf5, 0x0, 0x7,
    0xff, 0x20, 0x0, 0x0, 0x4, 0xff, 0x60, 0xb,
    0xf7, 0x0, 0x0, 0xcf, 0xe2, 0x0, 0x0, 0x8,
    0xa9, 0x90, 0x9, 0xfb, 0x0, 0x0, 0x1d, 0xff,
    0x40, 0x0, 0x2, 0x0, 0x20, 0x5, 0xff, 0x10,
    0x0, 0x1, 0xcf, 0xfb, 0x30, 0x0, 0x0, 0x0,
    0x0, 0xef, 0x90, 0x0, 0x0, 0x8, 0xff, 0xfd,
    0xa7, 0x77, 0x20, 0x0, 0x7f, 0xf4, 0x0, 0x0,
    0x0, 0x19, 0xef, 0xff, 0xff, 0xd0, 0x0, 0xd,
    0xff, 0x40, 0x0, 0x0, 0x0, 0x3, 0x6b, 0xff,
    0xc0, 0x0, 0x2, 0xef, 0xf8, 0x10, 0x0, 0x0,
    0x0, 0x7f, 0xfe, 0x10, 0x0, 0x0, 0x2d, 0xff,
    0xf9, 0x54, 0x45, 0x9e, 0xff, 0xd2, 0x0, 0x0,
    0x0, 0x0, 0x9f, 0xff, 0xff, 0xff, 0xff, 0xf9,
    0x0, 0x0, 0x0, 0x0, 0x0, 0x2, 0x8c, 0xff,
    0xff, 0xc8, 0x20, 0x0, 0x0, 0x0, 0x0, 0x0,
    0x0, 0x0, 0x1, 0x10, 0x0, 0x0, 0x0, 0x0,

    /* U+F0595 "󰖕" */
    0x0, 0x0, 0x0, 0x0, 0x0, 0x0, 0x4, 0x50,
    0x0, 0x0, 0x0, 0x0, 0x0, 0x7, 0x62, 0x0,
    0x0, 0x9, 0xfc, 0x0, 0x0, 0x0, 0x0, 0x0,
    0x0, 0xbf, 0x71, 0x0, 0x0, 0x3, 0xc1, 0x0,
    0x0, 0x0, 0x0, 0x0, 0xb, 0x30, 0x0, 0x22,
    0x10, 0x0, 0x0, 0x0, 0x0, 0x0, 0x0, 0x0,
    0x0, 0x7, 0xef, 0xff, 0xc3, 0x0, 0x0, 0x0,
    0x0, 0x0, 0x0, 0x0, 0xc, 0xff, 0xed, 0xff,
    0xf6, 0x0, 0x0, 0x0, 0x0, 0x0, 0x0, 0xa,
    0xfe, 0x50, 0x1, 0xaf, 0xf3, 0x0, 0x0, 0x0,
    0x0, 0x0, 0x2, 0xff, 0x30, 0x0, 0x0, 0xbf,
    0xb0, 0xa, 0x10, 0x0, 0x0, 0x20, 0x7f, 0xb0,
    0x0, 0x0, 0x3, 0xff, 0x0, 0xcf, 0x40, 0x0,
    0xb4, 0x9, 0xf9, 0x0, 0x6c, 0xee, 0xbf, 0xf2,
    0xb, 0xa0, 0x0, 0x8f, 0x40, 0x8f, 0xa2, 0xdf,
    0xff, 0xff, 0xff, 0x20, 0x60, 0x0, 0x0, 0x97,
    0x4, 0xff, 0xef, 0xe8, 0x45, 0x9f, 0xfb, 0x0,
    0x0, 0x0, 0x0, 0x10, 0xd, 0xff, 0xd1, 0x0,
    0x0, 0x4f, 0xf6, 0x0, 0x0, 0x0, 0x0, 0x5,
    0xaf, 0xf3, 0x0, 0x0, 0x0, 0x7f, 0xd0, 0x0,
    0x0, 0x0, 0x4e, 0xff, 0xfc, 0x0, 0x0, 0x0,
    0x1, 0xff, 0x20, 0x0, 0x0, 0x2f, 0xff, 0xcc,
    0x70, 0x0, 0x0, 0x0, 0xe, 0xf5, 0x20, 0x0,
    0x9, 0xfd, 0x10, 0x0, 0x0, 0x0, 0x0, 0x0,
    0xef, 0xff, 0xf7, 0x0, 0xcf, 0x60, 0x0, 0x0,
    0x0, 0x0, 0x0, 0xd, 0xff, 0xff, 0xf6, 0xb,
    0xf7, 0x0, 0x0, 0x0, 0x0, 0x0, 0x0, 0x0,
    0x0, 0x8f, 0xb0, 0x6f, 0xf5, 0x11, 0x11, 0x11,
    0x11, 0x11, 0x11, 0x11, 0x19, 0xfb, 0x0, 0xcf,
    0xff, 0xff, 0xff, 0xff, 0xff, 0xff, 0xff, 0xff,
    0xff, 0x50, 0x0, 0x8e, 0xff, 0xff, 0xff, 0xff,
    0xff, 0xff, 0xff, 0xfe, 0x60, 0x0, 0x0, 0x0,
    0x11, 0x11, 0x11, 0x11, 0x11, 0x11, 0x10, 0x0,
    0x0,

    /* U+F0596 "󰖖" */
    0x0, 0x0, 0x0, 0x0, 0x0, 0x24, 0x42, 0x0,
    0x0, 0x0, 0x0, 0x0, 0x0, 0x0, 0x0, 0x0,
    0x6e, 0xff, 0xff, 0xd6, 0x0, 0x0, 0x0, 0x0,
    0x0, 0x0, 0x0, 0xa, 0xff, 0xfd, 0xdf, 0xff,
    0xb0, 0x0, 0x0, 0x0, 0x0, 0x0, 0x0, 0xaf,
    0xe5, 0x0, 0x0, 0x6f, 0xfb, 0x0, 0x0, 0x0,
    0x0, 0x0, 0x5, 0xfd, 0x10, 0x0, 0x0, 0x2,
    0xef, 0x40, 0x0, 0x0, 0x0, 0x3b, 0xff, 0xf4,
    0x0, 0x0, 0x0, 0x0, 0x4f, 0xb0, 0x0, 0x0,
    0x6, 0xff, 0xff, 0xd0, 0x0, 0x0, 0x0, 0x0,
    0xd, 0xf0, 0x0, 0x0, 0x3f, 0xfa, 0x20, 0x0,
    0x0, 0x0, 0x0, 0x0, 0xa, 0xff, 0xf9, 0x10,
    0xaf, 0xc0, 0x0, 0x0, 0x0, 0x0, 0x0, 0x0,
    0x9, 0xff, 0xff, 0xd0, 0xdf, 0x60, 0x0, 0x0,
    0x0, 0x0, 0x0, 0x0, 0x0, 0x11, 0x5e, 0xf8,
    0xef, 0x40, 0x0, 0x0, 0x0, 0x0, 0x0, 0x0,
    0x0, 0x0, 0x6, 0xfd, 0xbf, 0x80, 0x0, 0x3,
    0xb2, 0x0, 0xa7, 0x0, 0x7a, 0x0, 0x4, 0xfe,
    0x5f, 0xf5, 0x0, 0xb, 0xf7, 0x6, 0xfd, 0x0,
    0xff, 0x20, 0xb, 0xfb, 0xb, 0xff, 0x40, 0xf,
    0xf4, 0xa, 0xf9, 0x4, 0xfe, 0x0, 0xaf, 0xf4,
    0x0, 0x9e, 0x30, 0x3f, 0xf0, 0xe, 0xf4, 0x9,
    0xfa, 0x0, 0xbf, 0x60, 0x0, 0x0, 0x0, 0x7f,
    0xb0, 0x2f, 0xf0, 0xd, 0xf6, 0x0, 0x1, 0x0,
    0x0, 0x0, 0x0, 0xbf, 0x70, 0x7f, 0xc0, 0x1f,
    0xf2, 0x0, 0x0, 0x0, 0x0, 0x0, 0x0, 0xff,
    0x20, 0xbf, 0x80, 0x4f, 0xd0, 0x0, 0x0, 0x0,
    0x0, 0x0, 0x0, 0x56, 0x0, 0xff, 0x30, 0x8,
    0x40, 0x0, 0x0, 0x0, 0x0, 0x0, 0x0, 0x0,
    0x4, 0xff, 0x0, 0x0, 0x0, 0x0, 0x0, 0x0,
    0x0, 0x0, 0x0, 0x0, 0x7, 0xfb, 0x0, 0x0,
    0x0, 0x0, 0x0, 0x0, 0x0, 0x0, 0x0, 0x0,
    0x2, 0xb3, 0x0, 0x0, 0x0, 0x0, 0x0, 0x0,

    /* U+F0597 "󰖗" */
    0x0, 0x0, 0x0, 0x0, 0x0, 0x24, 0x42, 0x0,
    0x0, 0x0, 0x0, 0x0, 0x0, 0x0, 0x0, 0x0,
    0x6e, 0xff, 0xff, 0xd6, 0x0, 0x0, 0x0, 0x0,
    0x0, 0x0, 0x0, 0xa, 0xff, 0xfd, 0xef, 0xff,
    0xb0, 0x0, 0x0, 0x0, 0x0, 0x0, 0x0, 0xaf,
    0xe6, 0x0, 0x1, 0x7f, 0xfa, 0x0, 0x0, 0x0,
    0x0, 0x0, 0x4, 0xfe, 0x20, 0x0, 0x0, 0x2,
    0xef, 0x40, 0x0, 0x0, 0x0, 0x2a, 0xff, 0xf4,
    0x0, 0x0, 0x0, 0x0, 0x5f, 0xb0, 0x0, 0x0,
    0x5, 0xff, 0xff, 0xd0, 0x0, 0x0, 0x0, 0x0,
    0xd, 0xf0, 0x0, 0x0, 0x2f, 0xfb, 0x20, 0x0,
    0x0, 0x0, 0x0, 0x0, 0xa, 0xff, 0xf9, 0x0,
    0x9f, 0xc0, 0x0, 0x0, 0x0, 0x0, 0x0, 0x0,
    0x9, 0xff, 0xff, 0xd0, 0xdf, 0x60, 0x0, 0x0,
    0x0, 0x0, 0x0, 0x0, 0x0, 0x12, 0x6f, 0xf8,
    0xef, 0x40, 0x0, 0x0, 0x0, 0x2, 0x20, 0x0,
    0x0, 0x0, 0x7, 0xfd, 0xcf, 0x80, 0x0, 0x0,
    0x0, 0x1d, 0xd1, 0x0, 0x0, 0x0, 0x4, 0xfe,
    0x7f, 0xf2, 0x0, 0x0, 0x0, 0xaf, 0xfb, 0x0,
    0x0, 0x0, 0x9, 0xfc, 0xd, 0xff, 0x85, 0x0,
    0x6, 0xff, 0xff, 0x60, 0x0, 0x55, 0x9f, 0xf6,
    0x2, 0xdf, 0xff, 0x70, 0x1f, 0xf8, 0x8f, 0xf1,
    0x7, 0xff, 0xff, 0xa0, 0x0, 0x6, 0xbc, 0x30,
    0xaf, 0xd0, 0xd, 0xf9, 0x3, 0xcd, 0xb5, 0x0,
    0x0, 0x0, 0x0, 0x0, 0xff, 0x40, 0x4, 0xff,
    0x0, 0x0, 0x0, 0x0, 0x0, 0x0, 0x0, 0x4,
    0xfe, 0x0, 0x0, 0xef, 0x30, 0x0, 0x0, 0x0,
    0x0, 0x0, 0x0, 0x4, 0xfe, 0x0, 0x0, 0xef,
    0x40, 0x0, 0x0, 0x0, 0x0, 0x0, 0x0, 0x0,
    0xff, 0x80, 0x8, 0xff, 0x0, 0x0, 0x0, 0x0,
    0x0, 0x0, 0x0, 0x0, 0x7f, 0xfe, 0xef, 0xf7,
    0x0, 0x0, 0x0, 0x0, 0x0, 0x0, 0x0, 0x0,
    0x7, 0xff, 0xff, 0x70, 0x0, 0x0, 0x0, 0x0,
    0x0, 0x0, 0x0, 0x0, 0x0, 0x3, 0x30, 0x0,
    0x0, 0x0, 0x0, 0x0,

    /* U+F0598 "󰖘" */
    0x0, 0x0, 0x0, 0x0, 0x0, 0x24, 0x42, 0x0,
    0x0, 0x0, 0x0, 0x0, 0x0, 0x0, 0x0, 0x0,
    0x6e, 0xff, 0xff, 0xd6, 0x0, 0x0, 0x0, 0x0,
    0x0, 0x0, 0x0, 0xa, 0xff, 0xfd, 0xdf, 0xff,
    0xb0, 0x0, 0x0, 0x0, 0x0, 0x0, 0x0, 0xaf,
    0xe5, 0x0, 0x0, 0x6f, 0xfb, 0x0, 0x0, 0x0,
    0x0, 0x0, 0x5, 0xfd, 0x10, 0x0, 0x0, 0x2,
    0xef, 0x40, 0x0, 0x0, 0x0, 0x3b, 0xff, 0xf4,
    0x0, 0x0, 0x0, 0x0, 0x4f, 0xb0, 0x0, 0x0,
    0x5, 0xff, 0xff, 0xd0, 0x0, 0x0, 0x0, 0x0,
    0xd, 0xf0, 0x0, 0x0, 0x2f, 0xfb, 0x20, 0x0,
    0x0, 0x0, 0x0, 0x0, 0xa, 0xff, 0xf9, 0x0,
    0x9f, 0xc0, 0x0, 0x0, 0x0, 0x0, 0x0, 0x0,
    0x9, 0xff, 0xff, 0xd0, 0xdf, 0x60, 0x0, 0x0,
    0x0, 0x0, 0x0, 0x0, 0x0, 0x11, 0x5f, 0xf8,
    0xef, 0x40, 0x0, 0x0, 0x0, 0x0, 0x0, 0x0,
    0x0, 0x0, 0x7, 0xfd, 0xcf, 0x80, 0x0, 0x0,
    0x0, 0x0, 0x0, 0x0, 0x0, 0x0, 0x4, 0xfe,
    0x7f, 0xf2, 0x0, 0x0, 0x0, 0x0, 0x12, 0x0,
    0x0, 0x0, 0x9, 0xfc, 0xd, 0xff, 0x85, 0x0,
    0x10, 0x0, 0xdf, 0x10, 0x0, 0x55, 0x9f, 0xf5,
    0x2, 0xdf, 0xff, 0x70, 0xee, 0x23, 0xff, 0x10,
    0x7, 0xff, 0xff, 0x90, 0x0, 0x5, 0xab, 0x30,
    0xef, 0xe9, 0xfc, 0x1, 0x23, 0xcc, 0xa5, 0x0,
    0x0, 0x0, 0x0, 0x0, 0x2e, 0xff, 0xfd, 0xdf,
    0xf2, 0x0, 0x0, 0x0, 0x0, 0x0, 0x0, 0x0,
    0x39, 0xff, 0xff, 0xff, 0xd1, 0x0, 0x0, 0x0,
    0x0, 0x0, 0x0, 0x1d, 0xff, 0xff, 0xff, 0x92,
    0x0, 0x0, 0x0, 0x0, 0x0, 0x0, 0x0, 0x2f,
    0xfc, 0xdf, 0xff, 0xe2, 0x0, 0x0, 0x0, 0x0,
    0x0, 0x0, 0x0, 0x1, 0x10, 0xcf, 0x9e, 0xfe,
    0x0, 0x0, 0x0, 0x0, 0x0, 0x0, 0x0, 0x0,
    0x1, 0xff, 0x32, 0xee, 0x10, 0x0, 0x0, 0x0,
    0x0, 0x0, 0x0, 0x0, 0x1, 0xfd, 0x0, 0x0,
    0x0, 0x0, 0x0, 0x0, 0x0, 0x0, 0x0, 0x0,
    0x0, 0x21, 0x0, 0x0, 0x0, 0x0, 0x0, 0x0,

    /* U+F0599 "󰖙" */
    0x0, 0x0, 0x0, 0x0, 0x1, 0x10, 0x0, 0x0,
    0x0, 0x0, 0x0, 0x0, 0x0, 0x0, 0xb, 0xb0,
    0x0, 0x0, 0x0, 0x0, 0x0, 0x0, 0x0, 0x0,
    0x7f, 0xf6, 0x0, 0x0, 0x0, 0x0, 0x0, 0x0,
    0x0, 0x2, 0xdb, 0xbd, 0x20, 0x0, 0x0, 0x0,
    0x0, 0x0, 0x0, 0x0, 0x0, 0x0, 0x0, 0x0,
    0x0, 0x0, 0x14, 0x56, 0x60, 0x0, 0x1, 0x10,
    0x0, 0x6, 0x65, 0x41, 0x1f, 0xff, 0x30, 0x8,
    0xef, 0xfe, 0x80, 0x2, 0xff, 0xf1, 0x9, 0xf7,
    0x0, 0xcf, 0xff, 0xff, 0xfc, 0x0, 0x7f, 0x90,
    0x2, 0xf0, 0x9, 0xff, 0x61, 0x16, 0xff, 0x90,
    0xf, 0x20, 0x0, 0x50, 0x1f, 0xf5, 0x0, 0x0,
    0x5f, 0xf1, 0x5, 0x0, 0x0, 0x0, 0x5f, 0xe0,
    0x0, 0x0, 0xe, 0xf5, 0x0, 0x0, 0x0, 0x0,
    0x6f, 0xd0, 0x0, 0x0, 0xd, 0xf6, 0x0, 0x0,
    0x0, 0x0, 0x4f, 0xf0, 0x0, 0x0, 0xf, 0xf4,
    0x0, 0x0, 0x0, 0x90, 0xe, 0xf9, 0x0, 0x0,
    0x9f, 0xe0, 0x9, 0x0, 0x4, 0xf2, 0x5, 0xff,
    0xb6, 0x6b, 0xff, 0x60, 0x2f, 0x40, 0xb, 0xfa,
    0x0, 0x7f, 0xff, 0xff, 0xf7, 0x0, 0xaf, 0xb0,
    0x1e, 0xff, 0x60, 0x3, 0x9c, 0xc9, 0x30, 0x7,
    0xff, 0xe1, 0x0, 0x1, 0x30, 0x0, 0x0, 0x0,
    0x0, 0x2, 0x10, 0x0, 0x0, 0x0, 0x0, 0x2,
    0x30, 0x3, 0x20, 0x0, 0x0, 0x0, 0x0, 0x0,
    0x0, 0x0, 0xdf, 0xfd, 0x0, 0x0, 0x0, 0x0,
    0x0, 0x0, 0x0, 0x0, 0x3f, 0xf3, 0x0, 0x0,
    0x0, 0x0, 0x0, 0x0, 0x0, 0x0, 0x8, 0x80,
    0x0, 0x0, 0x0, 0x0, 0x0, 0x0, 0x0, 0x0,
    0x0, 0x0, 0x0, 0x0, 0x0, 0x0,

    /* U+F059D "󰖝" */
    0x0, 0x0, 0x0, 0x0, 0x14, 0x41, 0x0, 0x0,
    0x0, 0x0, 0x0, 0x0, 0x0, 0x0, 0x8f, 0xff,
    0xf8, 0x0, 0x0, 0x0, 0x0, 0x0, 0x0, 0x0,
    0x5f, 0xfe, 0xef, 0xf8, 0x0, 0x0, 0x0, 0x0,
    0x0, 0x0, 0x1, 0xa6, 0x0, 0x6f, 0xf1, 0x0,
    0x0, 0x0, 0x0, 0x0, 0x0, 0x0, 0x0, 0x0,
    0xef, 0x40, 0x0, 0x0, 0x0, 0x0, 0x0, 0x0,
    0x0, 0x0, 0xf, 0xf3, 0x0, 0x0, 0x0, 0x0,
    0x11, 0x11, 0x11, 0x11, 0x2a, 0xfe, 0x0, 0x0,
    0x0, 0x8, 0xff, 0xff, 0xff, 0xff, 0xff, 0xff,
    0x50, 0x4d, 0xfe, 0x60, 0x8f, 0xff, 0xff, 0xff,
    0xff, 0xfc, 0x40, 0xf, 0xff, 0xff, 0x50, 0x1,
    0x11, 0x11, 0x11, 0x10, 0x0, 0x0, 0x78, 0x19,
    0xfb, 0x0, 0x0, 0x0, 0x0, 0x0, 0x0, 0x0,
    0x0, 0x0, 0x7f, 0xb0, 0x6e, 0xff, 0xff, 0xff,
    0xff, 0xff, 0xff, 0xff, 0xff, 0xf6, 0x8, 0xff,
    0xff, 0xff, 0xff, 0xff, 0xff, 0xff, 0xff, 0xf8,
    0x0, 0x3, 0x33, 0x33, 0x33, 0x33, 0x33, 0x33,
    0x33, 0x31, 0x0, 0x0, 0x0, 0x0, 0x0, 0x0,
    0x0, 0x0, 0x0, 0x0, 0x0, 0x0, 0x33, 0x33,
    0x33, 0x33, 0x33, 0x33, 0x33, 0x33, 0x0, 0x0,
    0xaf, 0xff, 0xff, 0xff, 0xff, 0xff, 0xff, 0xff,
    0xff, 0x80, 0x7, 0xff, 0xff, 0xff, 0xff, 0xff,
    0xff, 0xff, 0xff, 0xff, 0x50, 0x0, 0x0, 0x0,
    0x0, 0x0, 0x0, 0x0, 0x0, 0x9, 0xfa, 0x0,
    0x0, 0x0, 0x0, 0x0, 0x0, 0x0, 0x8, 0x81,
    0xaf, 0xa0, 0x0, 0x0, 0x0, 0x0, 0x0, 0x0,
    0x0, 0xff, 0xff, 0xf4, 0x0, 0x0, 0x0, 0x0,
    0x0, 0x0, 0x0, 0x5, 0xdf, 0xe5, 0x0, 0x0,
    0x0, 0x0, 0x0, 0x0, 0x0, 0x0, 0x0, 0x0,
    0x0, 0x0,

    /* U+F05A9 "󰖩" */
    0x0, 0x0, 0x0, 0x0, 0x13, 0x55, 0x55, 0x31,
    0x0, 0x0, 0x0, 0x0, 0x0, 0x0, 0x4, 0x9d,
    0xff, 0xff, 0xff, 0xff, 0xd9, 0x40, 0x0, 0x0,
    0x0, 0x6, 0xdf, 0xff, 0xff, 0xff, 0xff, 0xff,
    0xff, 0xfd, 0x60, 0x0, 0x3, 0xdf, 0xff, 0xff,
    0xff, 0xfe, 0xef, 0xff, 0xff, 0xff, 0xfd, 0x40,
    0x6f, 0xff, 0xff, 0xc8, 0x41, 0x0, 0x0, 0x14,
    0x8c, 0xff, 0xff, 0xf6, 0xd, 0xff, 0xa3, 0x0,
    0x0, 0x0, 0x0, 0x0, 0x0, 0x3a, 0xff, 0xd0,
    0x2, 0xc3, 0x0, 0x0, 0x0, 0x0, 0x0, 0x0,
    0x0, 0x0, 0x3c, 0x20, 0x0, 0x0, 0x0, 0x2,
    0x7b, 0xef, 0xfe, 0xb7, 0x20, 0x0, 0x0, 0x0,
    0x0, 0x0, 0x3, 0xbf, 0xff, 0xff, 0xff, 0xff,
    0xfb, 0x30, 0x0, 0x0, 0x0, 0x0, 0x7f, 0xff,
    0xff, 0xff, 0xff, 0xff, 0xff, 0xf7, 0x0, 0x0,
    0x0, 0x0, 0x2f, 0xff, 0xe9, 0x64, 0x46, 0x9e,
    0xff, 0xf2, 0x0, 0x0, 0x0, 0x0, 0x5, 0xe5,
    0x0, 0x0, 0x0, 0x0, 0x5e, 0x50, 0x0, 0x0,
    0x0, 0x0, 0x0, 0x0, 0x0, 0x0, 0x0, 0x0,
    0x0, 0x0, 0x0, 0x0, 0x0, 0x0, 0x0, 0x0,
    0x0, 0x47, 0x74, 0x0, 0x0, 0x0, 0x0, 0x0,
    0x0, 0x0, 0x0, 0x0, 0x6f, 0xff, 0xff, 0xe6,
    0x0, 0x0, 0x0, 0x0, 0x0, 0x0, 0x0, 0x0,
    0x6f, 0xff, 0xff, 0xf6, 0x0, 0x0, 0x0, 0x0,
    0x0, 0x0, 0x0, 0x0, 0xa, 0xff, 0xff, 0xa0,
    0x0, 0x0, 0x0, 0x0, 0x0, 0x0, 0x0, 0x0,
    0x0, 0xdf, 0xfd, 0x0, 0x0, 0x0, 0x0, 0x0,
    0x0, 0x0, 0x0, 0x0, 0x0, 0x2f, 0xf2, 0x0,
    0x0, 0x0, 0x0, 0x0, 0x0, 0x0, 0x0, 0x0,
    0x0, 0x6, 0x50, 0x0, 0x0, 0x0, 0x0, 0x0,

    /* U+F05AA "󰖪" */
    0x2, 0x0, 0x0, 0x0, 0x13, 0x55, 0x55, 0x31,
    0x0, 0x0, 0x0, 0x0, 0x7f, 0x60, 0x2, 0x9d,
    0xff, 0xff, 0xff, 0xff, 0xd9, 0x30, 0x0, 0x0,
    0x6f, 0xf6, 0x1, 0xcf, 0xff, 0xff, 0xff, 0xff,
    0xff, 0xfd, 0x60, 0x0, 0x9, 0xff, 0x50, 0x1c,
    0xff, 0xfe, 0xef, 0xff, 0xff, 0xff, 0xfd, 0x30,
    0x6f, 0xff, 0xf5, 0x1, 0x41, 0x0, 0x0, 0x14,
    0x8d, 0xff, 0xff, 0xf6, 0x1e, 0xff, 0xff, 0x50,
    0x0, 0x0, 0x0, 0x0, 0x0, 0x4b, 0xff, 0xe1,
    0x3, 0xd4, 0x6f, 0xf5, 0x0, 0x0, 0x0, 0x0,
    0x0, 0x0, 0x5d, 0x30, 0x0, 0x0, 0x6, 0xff,
    0x50, 0xa, 0xdc, 0x95, 0x10, 0x0, 0x0, 0x0,
    0x0, 0x0, 0x1, 0xdf, 0xf5, 0x1, 0xcf, 0xff,
    0xf9, 0x20, 0x0, 0x0, 0x0, 0x0, 0x6f, 0xff,
    0xff, 0x50, 0x1c, 0xff, 0xff, 0xf6, 0x0, 0x0,
    0x0, 0x0, 0x3f, 0xff, 0xff, 0xf5, 0x1, 0xaf,
    0xff, 0xf3, 0x0, 0x0, 0x0, 0x0, 0x7, 0xf7,
    0x16, 0xff, 0x50, 0x1, 0x7f, 0x70, 0x0, 0x0,
    0x0, 0x0, 0x0, 0x10, 0x0, 0x6f, 0xf5, 0x0,
    0x1, 0x0, 0x0, 0x0, 0x0, 0x0, 0x0, 0x0,
    0x0, 0x3b, 0xff, 0x50, 0x0, 0x0, 0x0, 0x0,
    0x0, 0x0, 0x0, 0x0, 0x5d, 0xff, 0xff, 0xf5,
    0x0, 0x0, 0x0, 0x0, 0x0, 0x0, 0x0, 0x0,
    0x7f, 0xff, 0xff, 0xff, 0x50, 0x0, 0x0, 0x0,
    0x0, 0x0, 0x0, 0x0, 0xb, 0xff, 0xff, 0xdf,
    0xf5, 0x0, 0x0, 0x0, 0x0, 0x0, 0x0, 0x0,
    0x1, 0xef, 0xfd, 0x16, 0xff, 0x50, 0x0, 0x0,
    0x0, 0x0, 0x0, 0x0, 0x0, 0x3f, 0xf3, 0x0,
    0x6f, 0xf4, 0x0, 0x0, 0x0, 0x0, 0x0, 0x0,
    0x0, 0x7, 0x70, 0x0, 0x6, 0xc0, 0x0, 0x0,
    0x0, 0x0, 0x0, 0x0, 0x0, 0x0, 0x0, 0x0,
    0x0, 0x0, 0x0, 0x0,

    /* U+F05AE "󰖮" */
    0x2, 0x55, 0x55, 0x55, 0x55, 0x55, 0x55, 0x54,
    0x0, 0x6f, 0xff, 0xff, 0xff, 0xff, 0xff, 0xff,
    0xff, 0xb0, 0xdf, 0xdc, 0xcc, 0xcc, 0xcc, 0xcc,
    0xcc, 0xcf, 0xf3, 0xef, 0x40, 0x0, 0x0, 0x0,
    0x0, 0x0, 0xe, 0xf4, 0xef, 0x40, 0x0, 0x0,
    0x0, 0x0, 0x0, 0xe, 0xf4, 0xef, 0x40, 0x0,
    0x0, 0x0, 0x0, 0x0, 0xe, 0xf4, 0xef, 0x40,
    0x0, 0x0, 0x0, 0x0, 0x0, 0xe, 0xf4, 0xef,
    0x40, 0x0, 0x2, 0x22, 0x20, 0x0, 0xe, 0xf4,
    0xef, 0x40, 0x0, 0x6f, 0xff, 0xf0, 0x0, 0xe,
    0xf4, 0xef, 0x40, 0x0, 0x6f, 0xff, 0xf0, 0x0,
    0xe, 0xf4, 0xef, 0xff, 0xff, 0xff, 0xff, 0xff,
    0xff, 0xff, 0xf4, 0xef, 0xff, 0xff, 0xff, 0xff,
    0xff, 0xff, 0xff, 0xf4, 0xef, 0x62, 0x22, 0x22,
    0x22, 0x22, 0x22, 0x2e, 0xf4, 0xef, 0x40, 0x0,
    0x0, 0x0, 0x0, 0x0, 0xe, 0xf4, 0xef, 0x40,
    0x0, 0x0, 0x0, 0x0, 0x0, 0xe, 0xf4, 0xef,
    0x40, 0x0, 0x0, 0x0, 0x0, 0x0, 0xe, 0xf4,
    0xef, 0x40, 0x0, 0x0, 0x0, 0x0, 0x0, 0xe,
    0xf4, 0xef, 0x40, 0x0, 0x0, 0x0, 0x0, 0x0,
    0xe, 0xf4, 0xef, 0x40, 0x0, 0x0, 0x0, 0x0,
    0x0, 0xe, 0xf4, 0xef, 0x51, 0x11, 0x11, 0x11,
    0x11, 0x11, 0x1e, 0xf4, 0xcf, 0xff, 0xff, 0xff,
    0xff, 0xff, 0xff, 0xff, 0xf2, 0x3e, 0xff, 0xff,
    0xff, 0xff, 0xff, 0xff, 0xff, 0x70, 0x0, 0x1,
    0x11, 0x11, 0x11, 0x11, 0x11, 0x10, 0x0,

    /* U+F05B1 "󰖱" */
    0x2, 0x55, 0x55, 0x55, 0x55, 0x55, 0x55, 0x54,
    0x0, 0x6f, 0xff, 0xff, 0xff, 0xff, 0xff, 0xff,
    0xff, 0xb0, 0xdf, 0xdc, 0xcc, 0xcc, 0xcc, 0xcc,
    0xcc, 0xcf, 0xf3, 0xef, 0x40, 0x0, 0x0, 0x0,
    0x0, 0x0, 0xe, 0xf4, 0xef, 0x40, 0x0, 0x14,
    0x44, 0x30, 0x0, 0xe, 0xf4, 0xef, 0x40, 0x0,
    0x6f, 0xff, 0xf0, 0x0, 0xe, 0xf4, 0xef, 0x51,
    0x11, 0x7f, 0xff, 0xf1, 0x11, 0x1e, 0xf4, 0xef,
    0xff, 0xff, 0xff, 0xff, 0xff, 0xff, 0xff, 0xf4,
    0xef, 0xff, 0xff, 0xff, 0xff, 0xff, 0xff, 0xff,
    0xf4, 0xef, 0x51, 0x11, 0x11, 0x11, 0x11, 0x11,
    0x1e, 0xf4, 0xef, 0x40, 0x0, 0x0, 0x0, 0x0,
    0x0, 0xe, 0xf4, 0xef, 0x40, 0x0, 0x0, 0x0,
    0x0, 0x0, 0xe, 0xf4, 0xef, 0x40, 0x0, 0x0,
    0x0, 0x0, 0x0, 0xe, 0xf4, 0xef, 0x40, 0x0,
    0x0, 0x0, 0x0, 0x0, 0xe, 0xf4, 0xef, 0x74,
    0x44, 0x44, 0x44, 0x44, 0x44, 0x4f, 0xf4, 0xef,
    0xff, 0xff, 0xff, 0xff, 0xff, 0xff, 0xff, 0xf4,
    0xef, 0xee, 0xee, 0xee, 0xee, 0xee, 0xee, 0xef,
    0xf4, 0xef, 0x40, 0x0, 0x0, 0x0, 0x0, 0x0,
    0xe, 0xf4, 0xef, 0x40, 0x0, 0x0, 0x0, 0x0,
    0x0, 0xe, 0xf4, 0xef, 0x51, 0x11, 0x11, 0x11,
    0x11, 0x11, 0x1e, 0xf4, 0xcf, 0xff, 0xff, 0xff,
    0xff, 0xff, 0xff, 0xff, 0xf2, 0x3e, 0xff, 0xff,
    0xff, 0xff, 0xff, 0xff, 0xff, 0x70, 0x0, 0x1,
    0x11, 0x11, 0x11, 0x11, 0x11, 0x10, 0x0,

    /* U+F05E0 "󰗠" */
    0x0, 0x0, 0x0, 0x0, 0x47, 0x88, 0x74, 0x0,
    0x0, 0x0, 0x0, 0x0, 0x0, 0x1, 0x9f, 0xff,
    0xff, 0xff, 0xf9, 0x10, 0x0, 0x0, 0x0, 0x0,
    0x6f, 0xff, 0xff, 0xff, 0xff, 0xff, 0xf6, 0x0,
    0x0, 0x0, 0x8, 0xff, 0xff, 0xff, 0xff, 0xff,
    0xff, 0xff, 0x80, 0x0, 0x0, 0x7f, 0xff, 0xff,
    0xff, 0xff, 0xff, 0xff, 0xff, 0xf7, 0x0, 0x2,
    0xff, 0xff, 0xff, 0xff, 0xff, 0xff, 0xff, 0xdc,
    0xff, 0x20, 0xb, 0xff, 0xff, 0xff, 0xff, 0xff,
    0xff, 0xfd, 0x10, 0xcf, 0xb0, 0x2f, 0xff, 0xff,
    0xff, 0xff, 0xff, 0xff, 0xd1, 0x1, 0xef, 0xf2,
    0x7f, 0xff, 0xff, 0xff, 0xff, 0xff, 0xfd, 0x10,
    0x1e, 0xff, 0xf7, 0xaf, 0xff, 0xff, 0xff, 0xff,
    0xff, 0xd1, 0x1, 0xef, 0xff, 0xfa, 0xcf, 0xff,
    0x34, 0xff, 0xff, 0xfd, 0x10, 0x1e, 0xff, 0xff,
    0xfc, 0xcf, 0xfb, 0x0, 0x4f, 0xff, 0xd1, 0x1,
    0xef, 0xff, 0xff, 0xfc, 0xbf, 0xff, 0xa0, 0x4,
    0xfd, 0x10, 0x1e, 0xff, 0xff, 0xff, 0xfb, 0x9f,
    0xff, 0xfa, 0x0, 0x41, 0x1, 0xef, 0xff, 0xff,
    0xff, 0xf8, 0x4f, 0xff, 0xff, 0xa0, 0x0, 0x1e,
    0xff, 0xff, 0xff, 0xff, 0xf4, 0xe, 0xff, 0xff,
    0xfa, 0x1, 0xef, 0xff, 0xff, 0xff, 0xff, 0xe0,
    0x7, 0xff, 0xff, 0xff, 0xae, 0xff, 0xff, 0xff,
    0xff, 0xff, 0x70, 0x0, 0xcf, 0xff, 0xff, 0xff,
    0xff, 0xff, 0xff, 0xff, 0xfc, 0x0, 0x0, 0x2e,
    0xff, 0xff, 0xff, 0xff, 0xff, 0xff, 0xff, 0xe1,
    0x0, 0x0, 0x2, 0xdf, 0xff, 0xff, 0xff, 0xff,
    0xff, 0xfd, 0x20, 0x0, 0x0, 0x0, 0x9, 0xff,
    0xff, 0xff, 0xff, 0xff, 0x90, 0x0, 0x0, 0x0,
    0x0, 0x0, 0x17, 0xcf, 0xff, 0xfc, 0x71, 0x0,
    0x0, 0x0, 0x0, 0x0, 0x0, 0x0, 0x0, 0x0,
    0x0, 0x0, 0x0, 0x0, 0x0,

    /* U+F06A5 "󰚥" */
    0x0, 0x47, 0x40, 0x0, 0x7, 0x70, 0x0, 0x0,
    0x8f, 0x90, 0x0, 0xf, 0xf1, 0x0, 0x0, 0x8f,
    0x90, 0x0, 0xf, 0xf1, 0x0, 0x0, 0x8f, 0x90,
    0x0, 0xf, 0xf1, 0x0, 0x0, 0x9f, 0xa2, 0x22,
    0x3f, 0xf2, 0x0, 0x1d, 0xff, 0xff, 0xff, 0xff,
    0xff, 0x80, 0x9f, 0xff, 0xff, 0xff, 0xff, 0xff,
    0xf2, 0xbf, 0xff, 0xff, 0xff, 0xff, 0xff, 0xf4,
    0xbf, 0xff, 0xff, 0xff, 0xff, 0xff, 0xf4, 0xbf,
    0xff, 0xff, 0xff, 0xff, 0xff, 0xf4, 0xbf, 0xff,
    0xff, 0xff, 0xff, 0xff, 0xf4, 0xbf, 0xff, 0xff,
    0xff, 0xff, 0xff, 0xf4, 0xbf, 0xff, 0xff, 0xff,
    0xff, 0xff, 0xf4, 0x3f, 0xff, 0xff, 0xff, 0xff,
    0xff, 0xb0, 0x3, 0xff, 0xff, 0xff, 0xff, 0xfb,
    0x0, 0x0, 0x3f, 0xff, 0xff, 0xff, 0xb0, 0x0,
    0x0, 0x3, 0xff, 0xff, 0xfb, 0x0, 0x0, 0x0,
    0x0, 0xef, 0xff, 0xf7, 0x0, 0x0, 0x0, 0x0,
    0xef, 0xff, 0xf7, 0x0, 0x0, 0x0, 0x0, 0xef,
    0xff, 0xf7, 0x0, 0x0,

    /* U+F06A6 "󰚦" */
    0x19, 0x0, 0x0, 0x0, 0x0, 0x0, 0x0, 0x0,
    0x0, 0x0, 0x0, 0xc, 0xfb, 0x0, 0x0, 0x47,
    0x40, 0x0, 0x7, 0x70, 0x0, 0x0, 0x0, 0x2e,
    0xfb, 0x0, 0x8, 0xf9, 0x0, 0x0, 0xff, 0x10,
    0x0, 0x0, 0x0, 0x2e, 0xfb, 0x0, 0x5f, 0x90,
    0x0, 0xf, 0xf1, 0x0, 0x0, 0x0, 0x0, 0x2e,
    0xfb, 0x0, 0x79, 0x0, 0x0, 0xff, 0x10, 0x0,
    0x0, 0x0, 0x0, 0x2e, 0xfb, 0x0, 0x32, 0x22,
    0x3f, 0xf2, 0x0, 0x0, 0x0, 0x0, 0x0, 0x2e,
    0xfb, 0x0, 0x7f, 0xff, 0xff, 0xf8, 0x0, 0x0,
    0x0, 0x0, 0x0, 0x9f, 0xfb, 0x0, 0x7f, 0xff,
    0xff, 0xf2, 0x0, 0x0, 0x0, 0x0, 0xb, 0xff,
    0xfb, 0x0, 0x7f, 0xff, 0xff, 0x40, 0x0, 0x0,
    0x0, 0x0, 0xbf, 0xff, 0xfb, 0x0, 0x7f, 0xff,
    0xf4, 0x0, 0x0, 0x0, 0x0, 0xb, 0xff, 0xff,
    0xfb, 0x0, 0x7f, 0xff, 0x40, 0x0, 0x0, 0x0,
    0x0, 0xbf, 0xff, 0xff, 0xfb, 0x0, 0x8f, 0xf4,
    0x0, 0x0, 0x0, 0x0, 0xb, 0xff, 0xff, 0xff,
    0xfb, 0x0, 0x8f, 0x40, 0x0, 0x0, 0x0, 0x0,
    0xbf, 0xff, 0xff, 0xff, 0xfb, 0x0, 0x84, 0x0,
    0x0, 0x0, 0x0, 0x3, 0xff, 0xff, 0xff, 0xff,
    0xfb, 0x0, 0x0, 0x0, 0x0, 0x0, 0x0, 0x3,
    0xff, 0xff, 0xff, 0xff, 0xfb, 0x0, 0x0, 0x0,
    0x0, 0x0, 0x0, 0x3, 0xff, 0xff, 0xff, 0xff,
    0xfb, 0x0, 0x0, 0x0, 0x0, 0x0, 0x0, 0x3,
    0xff, 0xff, 0xfb, 0x2e, 0xfb, 0x0, 0x0, 0x0,
    0x0, 0x0, 0x0, 0xe, 0xff, 0xff, 0x70, 0x2e,
    0xfb, 0x0, 0x0, 0x0, 0x0, 0x0, 0x0, 0xef,
    0xff, 0xf7, 0x0, 0x2e, 0xfb, 0x0, 0x0, 0x0,
    0x0, 0x0, 0xe, 0xff, 0xff, 0x70, 0x0, 0x2e,
    0xfb, 0x0, 0x0, 0x0, 0x0, 0x0, 0x0, 0x0,
    0x0, 0x0, 0x0, 0x2e, 0xf7, 0x0, 0x0, 0x0,
    0x0, 0x0, 0x0, 0x0, 0x0, 0x0, 0x0, 0x29,
    0x0,

    /* U+F06B5 "󰚵" */
    0x0, 0x0, 0x8c, 0xcc, 0xcc, 0xcc, 0xc2, 0x0,
    0x0, 0x0, 0x0, 0xff, 0xff, 0xff, 0xff, 0xf8,
    0x0, 0x0, 0x0, 0x4, 0xff, 0xff, 0xff, 0xff,
    0xfd, 0x0, 0x0, 0x0, 0xa, 0xff, 0xff, 0xff,
    0xff, 0xff, 0x30, 0x0, 0x0, 0xf, 0xff, 0xff,
    0xff, 0xff, 0xff, 0x80, 0x0, 0x0, 0x4f, 0xff,
    0xff, 0xff, 0xff, 0xff, 0xd0, 0x0, 0x0, 0xaf,
    0xff, 0xff, 0xff, 0xff, 0xff, 0xf3, 0x0, 0x0,
    0xff, 0xff, 0xff, 0xff, 0xff, 0xff, 0xf8, 0x0,
    0x5, 0xff, 0xff, 0xff, 0xff, 0xff, 0xff, 0xfe,
    0x0, 0xa, 0xff, 0xff, 0xff, 0xff, 0xff, 0xff,
    0xff, 0x30, 0xf, 0xff, 0xff, 0xff, 0xff, 0xff,
    0xff, 0xff, 0x80, 0x5f, 0xff, 0xff, 0xff, 0xff,
    0xff, 0xff, 0xff, 0xe0, 0xaf, 0xff, 0xff, 0xff,
    0xff, 0xff, 0xff, 0xff, 0xf3, 0x33, 0x33, 0x33,
    0x33, 0x33, 0x33, 0x33, 0x33, 0x31, 0x0, 0x0,
    0x0, 0x2, 0x86, 0x0, 0x0, 0x0, 0x0, 0x0,
    0x0, 0x0, 0x4, 0xfd, 0x0, 0x0, 0x0, 0x0,
    0x0, 0x0, 0x0, 0x4, 0xfd, 0x0, 0x0, 0x0,
    0x0, 0x0, 0x0, 0x0, 0x4, 0xfd, 0x0, 0x0,
    0x0, 0x0, 0x0, 0x0, 0x0, 0x4, 0xfd, 0x0,
    0x0, 0x0, 0x0, 0x0, 0x1, 0x11, 0x15, 0xfd,
    0x11, 0x11, 0x10, 0x0, 0x0, 0xbf, 0xff, 0xff,
    0xff, 0xff, 0xff, 0xf4, 0x0, 0x0, 0xbf, 0xff,
    0xff, 0xff, 0xff, 0xff, 0xf4, 0x0, 0x0, 0x1,
    0x11, 0x11, 0x11, 0x11, 0x11, 0x10, 0x0,

    /* U+F06D9 "󰛙" */
    0x0, 0x0, 0x0, 0x5, 0x10, 0x0, 0x0, 0x0,
    0x0, 0x0, 0x3, 0xcf, 0xf8, 0x0, 0x0, 0x0,
    0x0, 0x1, 0xaf, 0xff, 0xff, 0xe5, 0x0, 0x0,
    0x0, 0x8f, 0xff, 0xff, 0xff, 0xff, 0xc3, 0x0,
    0x5e, 0xff, 0xff, 0xff, 0xff, 0xff, 0xff, 0x90,
    0xcf, 0xff, 0xff, 0xff, 0xff, 0xff, 0xff, 0xf3,
    0xcf, 0xff, 0xff, 0xff, 0xff, 0xff, 0xff, 0xf3,
    0xcf, 0x50, 0x0, 0x0, 0x0, 0x0, 0xe, 0xf3,
    0xcf, 0x58, 0xff, 0xff, 0xff, 0xff, 0x1e, 0xf3,
    0xcf, 0x58, 0xff, 0xff, 0xff, 0xff, 0x1e, 0xf3,
    0xcf, 0x52, 0x33, 0x33, 0x33, 0x33, 0xe, 0xf3,
    0xcf, 0x52, 0x44, 0x44, 0x44, 0x44, 0xe, 0xf3,
    0xcf, 0x58, 0xff, 0xff, 0xff, 0xff, 0x1e, 0xf3,
    0xcf, 0x57, 0xee, 0xee, 0xee, 0xee, 0x1e, 0xf3,
    0xcf, 0x52, 0x33, 0x33, 0x33, 0x33, 0xe, 0xf3,
    0xcf, 0x58, 0xff, 0xff, 0xff, 0xff, 0x1e, 0xf3,
    0xbf, 0x58, 0xff, 0xff, 0xff, 0xff, 0x1e, 0xf3,

    /* U+F06DA "󰛚" */
    0x0, 0x0, 0x0, 0x5, 0x10, 0x0, 0x0, 0x0,
    0x0, 0x0, 0x3, 0xcf, 0xf8, 0x0, 0x0, 0x0,
    0x0, 0x1, 0xaf, 0xff, 0xff, 0xe5, 0x0, 0x0,
    0x0, 0x8f, 0xff, 0xff, 0xff, 0xff, 0xc3, 0x0,
    0x5e, 0xff, 0xff, 0xff, 0xff, 0xff, 0xff, 0x90,
    0xcf, 0xff, 0xff, 0xff, 0xff, 0xff, 0xff, 0xf3,
    0xcf, 0xff, 0xff, 0xff, 0xff, 0xff, 0xff, 0xf3,
    0xcf, 0x50, 0x0, 0x0, 0x0, 0x0, 0xe, 0xf3,
    0xcf, 0x58, 0xff, 0xff, 0xff, 0xff, 0x1e, 0xf3,
    0xcf, 0x58, 0xff, 0xff, 0xff, 0xff, 0x1e, 0xf3,
    0xcf, 0x52, 0x33, 0x33, 0x33, 0x33, 0xe, 0xf3,
    0xcf, 0x50, 0x0, 0x0, 0x0, 0x0, 0xe, 0xf3,
    0xcf, 0x50, 0x0, 0x0, 0x0, 0x0, 0xe, 0xf3,
    0xcf, 0x50, 0x0, 0x0, 0x0, 0x0, 0xe, 0xf3,
    0xcf, 0x50, 0x0, 0x0, 0x0, 0x0, 0xe, 0xf3,
    0xcf, 0x50, 0x0, 0x0, 0x0, 0x0, 0xe, 0xf3,
    0x9b, 0x40, 0x0, 0x0, 0x0, 0x0, 0xa, 0xb2,

    /* U+F0717 "󰜗" */
    0x0, 0x0, 0x0, 0x0, 0x5, 0x0, 0x40, 0x0,
    0x0, 0x0, 0x0, 0x0, 0x0, 0x0, 0x0, 0x9f,
    0x9b, 0xf6, 0x0, 0x0, 0x0, 0x0, 0x0, 0x0,
    0x0, 0x0, 0x7f, 0xff, 0xf5, 0x0, 0x0, 0x0,
    0x0, 0x0, 0x0, 0x0, 0x0, 0x7, 0xff, 0x40,
    0x0, 0x0, 0x0, 0x0, 0x0, 0x6b, 0x60, 0x0,
    0x2, 0xff, 0x0, 0x0, 0x9, 0xb4, 0x0, 0x0,
    0x8f, 0xa0, 0x0, 0x2, 0xff, 0x0, 0x0, 0xe,
    0xf5, 0x0, 0x2, 0x9f, 0xf2, 0x0, 0x19, 0xff,
    0x70, 0x0, 0x4f, 0xf7, 0x10, 0xf, 0xff, 0xff,
    0x87, 0xef, 0xff, 0xfd, 0x5a, 0xff, 0xff, 0xe0,
    0xc, 0xd9, 0xcf, 0xff, 0xfe, 0x57, 0xff, 0xff,
    0xfb, 0x9d, 0xa0, 0x0, 0x0, 0x5, 0xff, 0x90,
    0x0, 0x1b, 0xfe, 0x40, 0x0, 0x0, 0x0, 0x0,
    0x0, 0xef, 0x30, 0x0, 0x6, 0xfb, 0x0, 0x0,
    0x0, 0x0, 0x0, 0x0, 0xef, 0x30, 0x0, 0x6,
    0xfb, 0x0, 0x0, 0x0, 0x0, 0x0, 0x0, 0xef,
    0x30, 0x0, 0x6, 0xfc, 0x0, 0x0, 0x0, 0x5,
    0x51, 0x4d, 0xff, 0xe6, 0x0, 0x8f, 0xff, 0xc3,
    0x15, 0x40, 0xe, 0xff, 0xff, 0xfe, 0xff, 0xde,
    0xff, 0xdf, 0xff, 0xff, 0xb0, 0xa, 0xef, 0xfa,
    0x10, 0x7f, 0xff, 0xe6, 0x2, 0xbf, 0xfd, 0x90,
    0x0, 0x6f, 0xd0, 0x0, 0x3, 0xff, 0x0, 0x0,
    0xf, 0xf3, 0x0, 0x0, 0xaf, 0x90, 0x0, 0x2,
    0xff, 0x0, 0x0, 0xa, 0xf7, 0x0, 0x0, 0x3,
    0x20, 0x0, 0x3, 0xff, 0x0, 0x0, 0x2, 0x20,
    0x0, 0x0, 0x0, 0x0, 0x0, 0x1d, 0xff, 0xb0,
    0x0, 0x0, 0x0, 0x0, 0x0, 0x0, 0x0, 0x0,
    0xcf, 0xef, 0xf9, 0x0, 0x0, 0x0, 0x0, 0x0,
    0x0, 0x0, 0x0, 0x2d, 0x24, 0xc1, 0x0, 0x0,
    0x0, 0x0, 0x0, 0x0, 0x0, 0x0, 0x0, 0x0,
    0x0, 0x0, 0x0, 0x0, 0x0,

    /* U+F0769 "󰝩" */
    0x0, 0x0, 0x0, 0x0, 0x77, 0x0, 0x0, 0x0,
    0x0, 0x0, 0x0, 0x0, 0x1, 0xff, 0x10, 0x0,
    0x0, 0x0, 0x0, 0x0, 0x0, 0x1, 0xff, 0x10,
    0x0, 0x0, 0x0, 0x0, 0x0, 0x0, 0x1, 0xff,
    0x10, 0x0, 0x0, 0x0, 0x0, 0x0, 0x0, 0x1,
    0xff, 0x10, 0x0, 0x0, 0x0, 0x0, 0x0, 0x0,
    0x1, 0xff, 0x10, 0x0, 0x0, 0x0, 0x0, 0x0,
    0x9f, 0xff, 0xff, 0xff, 0xf8, 0x0, 0x0, 0x0,
    0x1, 0xff, 0xff, 0xff, 0xff, 0xff, 0x10, 0x0,
    0x0, 0x9, 0xff, 0xff, 0xff, 0xff, 0xff, 0x90,
    0x0, 0x0, 0x1f, 0xff, 0xff, 0xff, 0xff, 0xff,
    0xf1, 0x0, 0x0, 0x9f, 0xff, 0xff, 0xff, 0xff,
    0xff, 0xf9, 0x0, 0x1, 0xff, 0xff, 0xff, 0xff,
    0xff, 0xff, 0xff, 0x10, 0x9, 0xff, 0xff, 0xff,
    0xff, 0xff, 0xff, 0xff, 0x90, 0x1f, 0xff, 0xff,
    0xff, 0xff, 0xff, 0xff, 0xff, 0xf1, 0x5b, 0xbb,
    0xbb, 0xbb, 0xbb, 0xbb, 0xbb, 0xbb, 0xb5, 0x0,
    0x0, 0x0, 0x3, 0x33, 0x30, 0x0, 0x0, 0x0,
    0x0, 0x0, 0x0, 0xf, 0xff, 0xf0, 0x0, 0x0,
    0x0, 0x0, 0x0, 0x0, 0x4, 0xdd, 0x40, 0x0,
    0x0, 0x0,

    /* U+F07D1 "󰟑" */
    0x0, 0x0, 0x0, 0x0, 0x0, 0x22, 0x0, 0x0,
    0x0, 0x0, 0x0, 0x0, 0x0, 0x0, 0x0, 0x3,
    0xee, 0x30, 0x0, 0x0, 0x0, 0x0, 0x0, 0x0,
    0x0, 0x0, 0x4f, 0xff, 0xf4, 0x0, 0x0, 0x0,
    0x0, 0x0, 0x0, 0x0, 0x5, 0xff, 0xff, 0xff,
    0x50, 0x0, 0x0, 0x0, 0x0, 0x0, 0x0, 0x7f,
    0xff, 0xff, 0xff, 0xf7, 0x0, 0x0, 0x0, 0x0,
    0x0, 0x9, 0xff, 0xff, 0xff, 0xff, 0xff, 0x90,
    0x0, 0x0, 0x0, 0x0, 0xaf, 0xff, 0xd9, 0x77,
    0x9d, 0xff, 0xfa, 0x0, 0x0, 0x0, 0x1c, 0xff,
    0x92, 0x0, 0x0, 0x0, 0x29, 0xff, 0xc1, 0x0,
    0x1, 0xdf, 0xe3, 0x0, 0x49, 0xaa, 0x94, 0x0,
    0x3e, 0xfd, 0x10, 0x2e, 0xff, 0xc0, 0x4d, 0xff,
    0xff, 0xff, 0xd3, 0xc, 0xff, 0xe2, 0x33, 0x3b,
    0xfd, 0xff, 0xa4, 0x11, 0x4a, 0xff, 0xdf, 0xb3,
    0x33, 0x0, 0xa, 0xff, 0xf5, 0x0, 0x11, 0x0,
    0x5f, 0xff, 0xa0, 0x0, 0x0, 0xa, 0xff, 0xfc,
    0x4d, 0xff, 0xd4, 0xcf, 0xff, 0xa0, 0x0, 0x0,
    0xa, 0xff, 0xff, 0xff, 0xcc, 0xff, 0xff, 0xff,
    0xa0, 0x0, 0x0, 0xa, 0xff, 0xff, 0xf7, 0x0,
    0x7f, 0xff, 0xff, 0xa0, 0x0, 0x0, 0xa, 0xff,
    0xff, 0xf2, 0x0, 0x2f, 0xff, 0xff, 0xa0, 0x0,
    0x0, 0xa, 0xff, 0xff, 0xf7, 0x0, 0x7f, 0xff,
    0xff, 0xa0, 0x0, 0x0, 0xa, 0xff, 0xff, 0xff,
    0xcc, 0xff, 0xff, 0xff, 0xa0, 0x0, 0x0, 0xa,
    0xff, 0xff, 0xff, 0xff, 0xff, 0xff, 0xff, 0xa0,
    0x0,

    /* U+F07E4 "󰟤" */
    0x0, 0x22, 0x21, 0x0, 0x12, 0x21, 0x0, 0x0,
    0x0, 0x0, 0x4f, 0xff, 0xf8, 0x9, 0xff, 0xff,
    0x60, 0x0, 0x0, 0x0, 0xdf, 0xff, 0xf8, 0x2f,
    0xff, 0xff, 0xf0, 0x0, 0x0, 0x0, 0xef, 0x40,
    0x0, 0x4f, 0xe0, 0x1f, 0xf1, 0x0, 0x0, 0x0,
    0xef, 0x40, 0x0, 0x4f, 0xe0, 0x1f, 0xf1, 0x89,
    0x98, 0x20, 0xef, 0x40, 0x0, 0x4f, 0xe0, 0x1f,
    0xf1, 0xef, 0xff, 0xd0, 0xef, 0x40, 0x0, 0x4f,
    0xe0, 0x1f, 0xf1, 0x0, 0xa, 0xf0, 0xef, 0x40,
    0x0, 0x4f, 0xe0, 0x1f, 0xf1, 0x1, 0x1a, 0xf0,
    0xef, 0x40, 0x0, 0x4f, 0xe0, 0x1f, 0xf1, 0x7f,
    0xff, 0xd0, 0xef, 0xa7, 0x74, 0x3f, 0xf7, 0x8f,
    0xf0, 0xed, 0x77, 0x10, 0x9f, 0xff, 0xf8, 0xe,
    0xff, 0xff, 0xc0, 0xeb, 0x0, 0x0, 0x6, 0x99,
    0x95, 0x2, 0x89, 0x97, 0x10, 0xef, 0xff, 0xf0,
    0x0, 0x0, 0x0, 0x0, 0x0, 0x0, 0x0, 0x9a,
    0xaa, 0xa0,

    /* U+F081B "󰠛" */
    0x0, 0x0, 0x0, 0x0, 0x0, 0x34, 0x44, 0x44,
    0x44, 0x40, 0x0, 0x0, 0x0, 0x0, 0x0, 0xb,
    0xff, 0xff, 0xff, 0xff, 0xfe, 0x20, 0x0, 0x0,
    0x0, 0x0, 0x3f, 0xfe, 0xee, 0xee, 0xee, 0xff,
    0x90, 0x0, 0x0, 0x0, 0x0, 0x4f, 0xe0, 0x0,
    0x0, 0x0, 0x8f, 0xa0, 0x0, 0x0, 0x0, 0x0,
    0x4f, 0xe0, 0x0, 0x0, 0x0, 0x8f, 0xa0, 0x0,
    0x0, 0x0, 0x0, 0x4f, 0xe0, 0x0, 0x0, 0x0,
    0x8f, 0xa0, 0x0, 0x0, 0x0, 0x0, 0x4f, 0xe0,
    0x0, 0x0, 0x0, 0x8f, 0xa0, 0x0, 0x0, 0x0,
    0x0, 0x4f, 0xe0, 0x0, 0x0, 0x0, 0x8f, 0xa0,
    0x0, 0x0, 0x0, 0x0, 0x4f, 0xe0, 0x0, 0x0,
    0x0, 0x8f, 0xa0, 0x0, 0x0, 0x0, 0x0, 0x4f,
    0xe0, 0x0, 0xc, 0xf5, 0x8f, 0xa0, 0x0, 0x0,
    0x0, 0x0, 0x4f, 0xe0, 0x0, 0xc, 0xf6, 0x8f,
    0xa0, 0x0, 0x0, 0x0, 0x0, 0x4f, 0xe0, 0x0,
    0x2, 0x21, 0x8f, 0xa0, 0x0, 0x0, 0x0, 0x0,
    0x4f, 0xe0, 0x0, 0x0, 0x0, 0x8f, 0xa0, 0x0,
    0x0, 0x0, 0x0, 0x4f, 0xe0, 0x0, 0x0, 0x0,
    0x8f, 0xa0, 0x0, 0x0, 0x0, 0x0, 0x4f, 0xe0,
    0x0, 0x0, 0x0, 0x8f, 0xa0, 0x0, 0x0, 0x0,
    0x0, 0x4f, 0xe0, 0x0, 0x0, 0x0, 0x8f, 0xa0,
    0x0, 0x0, 0x0, 0x0, 0x4f, 0xe0, 0x0, 0x0,
    0x0, 0x8f, 0xa0, 0x23, 0x33, 0x33, 0x33, 0x6f,
    0xe3, 0x33, 0x33, 0x33, 0xaf, 0xb2, 0xef, 0xff,
    0xff, 0xff, 0xff, 0xff, 0xff, 0xff, 0xff, 0xff,
    0xfb, 0xef, 0xff, 0xff, 0xff, 0xff, 0xff, 0xff,
    0xff, 0xff, 0xff, 0xfb,

    /* U+F081C "󰠜" */
    0x0, 0x0, 0x0, 0x0, 0x1, 0x8a, 0xaa, 0xaa,
    0xaa, 0x95, 0x0, 0x0, 0x0, 0x0, 0x0, 0xd,
    0xff, 0xff, 0xff, 0xff, 0xff, 0x50, 0x6, 0x77,
    0x77, 0x77, 0x8f, 0xf8, 0x88, 0x88, 0x88, 0xcf,
    0x90, 0xd, 0xff, 0xff, 0xff, 0xff, 0xf0, 0x0,
    0x0, 0x0, 0x8f, 0xa0, 0xd, 0xff, 0xff, 0xff,
    0xff, 0xf0, 0x0, 0x0, 0x0, 0x8f, 0xa0, 0xd,
    0xff, 0xff, 0xff, 0xff, 0xf0, 0x0, 0x0, 0x0,
    0x8f, 0xa0, 0xd, 0xff, 0xff, 0xff, 0xff, 0xf0,
    0x0, 0x0, 0x0, 0x8f, 0xa0, 0xd, 0xff, 0xff,
    0xff, 0xff, 0xf0, 0x0, 0x0, 0x0, 0x8f, 0xa0,
    0xd, 0xff, 0xff, 0xff, 0xff, 0xf0, 0x0, 0x0,
    0x0, 0x8f, 0xa0, 0xd, 0xf6, 0x7, 0xff, 0xff,
    0xf0, 0x0, 0x0, 0x0, 0x8f, 0xa0, 0xd, 0xf5,
    0x7, 0xff, 0xff, 0xf0, 0x0, 0x0, 0x0, 0x8f,
    0xa0, 0xd, 0xfc, 0xad, 0xff, 0xff, 0xf0, 0x0,
    0x0, 0x0, 0x8f, 0xa0, 0xd, 0xff, 0xff, 0xff,
    0xff, 0xf0, 0x0, 0x0, 0x0, 0x8f, 0xa0, 0xd,
    0xff, 0xff, 0xff, 0xff, 0xf0, 0x0, 0x0, 0x0,
    0x8f, 0xa0, 0xd, 0xff, 0xff, 0xff, 0xff, 0xf0,
    0x0, 0x0, 0x0, 0x8f, 0xa0, 0xd, 0xff, 0xff,
    0xff, 0xff, 0xf0, 0x0, 0x0, 0x0, 0x8f, 0xa0,
    0xd, 0xff, 0xff, 0xff, 0xff, 0xf0, 0x0, 0x0,
    0x0, 0x8f, 0xa0, 0x2d, 0xff, 0xff, 0xff, 0xff,
    0xf2, 0x22, 0x22, 0x22, 0x9f, 0xb2, 0xef, 0xff,
    0xff, 0xff, 0xff, 0xff, 0xff, 0xff, 0xff, 0xff,
    0xfb, 0xef, 0xff, 0xff, 0xff, 0xff, 0xff, 0xff,
    0xff, 0xff, 0xff, 0xfb,

    /* U+F081D "󰠝" */
    0x0, 0x0, 0x0, 0x0, 0x1, 0x68, 0x74, 0x0,
    0x0, 0x0, 0x0, 0x0, 0x0, 0x0, 0x0, 0x2e,
    0xff, 0xff, 0xc1, 0x0, 0x0, 0x0, 0x3, 0x0,
    0x0, 0x0, 0xcf, 0xff, 0xff, 0xf7, 0x0, 0x0,
    0x0, 0x6f, 0x70, 0x0, 0x1, 0xff, 0xff, 0xff,
    0xf8, 0x0, 0x0, 0x0, 0x4f, 0xf7, 0x0, 0x2,
    0xff, 0xff, 0xff, 0xf2, 0x0, 0x0, 0x0, 0x4,
    0xff, 0x70, 0x1, 0xff, 0xff, 0xfd, 0x30, 0x0,
    0x0, 0x0, 0x0, 0x9f, 0xf7, 0x0, 0xbf, 0xff,
    0xe1, 0x0, 0x0, 0x0, 0x0, 0xc, 0xff, 0xff,
    0x70, 0xb, 0xff, 0x70, 0x0, 0x0, 0x0, 0x0,
    0x6f, 0xff, 0xff, 0xf7, 0x0, 0xbf, 0xa0, 0x28,
    0xbe, 0xd9, 0x20, 0xaf, 0xff, 0xff, 0xff, 0x70,
    0xb, 0xfe, 0xff, 0xff, 0xff, 0xf2, 0xcf, 0xff,
    0xff, 0xff, 0xf7, 0x0, 0xbf, 0xff, 0xff, 0xff,
    0xfa, 0xbf, 0xff, 0xff, 0xff, 0xff, 0x70, 0xb,
    0xff, 0xff, 0xff, 0xfd, 0x6f, 0xff, 0xff, 0xff,
    0xff, 0xf7, 0x0, 0x9e, 0xff, 0xff, 0xfc, 0x9,
    0xff, 0xff, 0xfa, 0x7f, 0xff, 0x70, 0x1, 0xcf,
    0xff, 0xfa, 0x0, 0x25, 0x64, 0x10, 0x5, 0xff,
    0xf7, 0x0, 0x1f, 0xff, 0xf4, 0x0, 0x0, 0x0,
    0x0, 0xa, 0xff, 0xff, 0x70, 0x3, 0xbc, 0x60,
    0x0, 0x0, 0x0, 0x0, 0x6f, 0xff, 0xff, 0xf7,
    0x0, 0x0, 0x0, 0x0, 0x0, 0x0, 0xa, 0xff,
    0xff, 0xff, 0xff, 0x70, 0x0, 0x0, 0x0, 0x0,
    0x0, 0x6f, 0xff, 0xff, 0xff, 0x6f, 0xf7, 0x0,
    0x0, 0x0, 0x0, 0x0, 0x8f, 0xff, 0xff, 0xfe,
    0x4, 0xff, 0x70, 0x0, 0x0, 0x0, 0x0, 0x4f,
    0xff, 0xff, 0xf7, 0x0, 0x4f, 0xf6, 0x0, 0x0,
    0x0, 0x0, 0x4, 0xcf, 0xfe, 0x80, 0x0, 0x4,
    0xc1, 0x0, 0x0, 0x0, 0x0, 0x0, 0x0, 0x0,
    0x0, 0x0, 0x0, 0x0, 0x0,

    /* U+F0A60 "󰩠" */
    0x0, 0x0, 0x4, 0x44, 0x44, 0x44, 0x44, 0x44,
    0x30, 0x0, 0x0, 0x0, 0x2, 0xef, 0xff, 0xff,
    0xff, 0xff, 0xff, 0xfe, 0x10, 0x0, 0x0, 0x9,
    0xff, 0xee, 0xff, 0xee, 0xee, 0xff, 0xff, 0x70,
    0x0, 0x0, 0xa, 0xf8, 0x4, 0xfe, 0x0, 0x0,
    0x5, 0xff, 0x90, 0x0, 0x0, 0xa, 0xf8, 0x4,
    0xfe, 0x0, 0x23, 0x0, 0xaf, 0x90, 0x0, 0x0,
    0xa, 0xf8, 0x4, 0xfe, 0x0, 0xff, 0x30, 0x9f,
    0x90, 0x0, 0x0, 0xa, 0xf8, 0x4, 0xfe, 0x0,
    0xff, 0x30, 0x9f, 0x90, 0x0, 0x0, 0xa, 0xf8,
    0x4, 0xfe, 0x0, 0x0, 0x0, 0xaf, 0x90, 0x0,
    0x0, 0xa, 0xf8, 0x4, 0xfe, 0x0, 0x0, 0x6,
    0xff, 0x90, 0x0, 0x0, 0xa, 0xf8, 0x4, 0xfe,
    0x0, 0xef, 0xff, 0xff, 0x90, 0x0, 0x0, 0xa,
    0xf8, 0x4, 0xfe, 0x0, 0xff, 0xff, 0xff, 0x90,
    0x0, 0x0, 0xa, 0xf8, 0x4, 0xfe, 0x0, 0xff,
    0xff, 0xff, 0x90, 0x0, 0x0, 0xa, 0xf8, 0x4,
    0xfe, 0x0, 0xff, 0xff, 0xff, 0x90, 0x0, 0x0,
    0x9, 0xfc, 0x8a, 0xff, 0x88, 0xff, 0xff, 0xff,
    0x80, 0x0, 0x0, 0x4, 0xff, 0xff, 0xff, 0xff,
    0xff, 0xff, 0xff, 0x30, 0x0, 0x0, 0x0, 0x38,
    0x88, 0x89, 0xff, 0x98, 0x88, 0x83, 0x0, 0x0,
    0x0, 0x0, 0x0, 0x0, 0x1, 0xff, 0x0, 0x0,
    0x0, 0x0, 0x0, 0x0, 0x0, 0x0, 0x0, 0x14,
    0xff, 0x31, 0x0, 0x0, 0x0, 0x0, 0x1, 0x11,
    0x11, 0x13, 0xff, 0xff, 0xff, 0x21, 0x11, 0x11,
    0x10, 0xef, 0xff, 0xff, 0xff, 0xff, 0xff, 0xff,
    0xff, 0xff, 0xff, 0xfb, 0xef, 0xff, 0xff, 0xff,
    0xff, 0xff, 0xff, 0xff, 0xff, 0xff, 0xfb, 0x1,
    0x11, 0x11, 0x13, 0xff, 0xff, 0xff, 0x21, 0x11,
    0x11, 0x10, 0x0, 0x0, 0x0, 0x0, 0x13, 0x33,
    0x31, 0x0, 0x0, 0x0, 0x0,

    /* U+F0BC2 "󰯂" */
    0x0, 0x0, 0x1, 0x45, 0x55, 0x55, 0x55, 0x55,
    0x55, 0x53, 0x0, 0x0, 0x0, 0x5, 0xff, 0xff,
    0xff, 0xff, 0xff, 0xff, 0xff, 0xfc, 0x10, 0x0,
    0x1, 0xff, 0xff, 0xff, 0xff, 0xff, 0xff, 0xff,
    0xee, 0xfb, 0x0, 0x0, 0x4f, 0xff, 0xff, 0xff,
    0xff, 0xff, 0xff, 0xf0, 0x3f, 0xf0, 0x0, 0x5,
    0xff, 0xff, 0xff, 0xff, 0xff, 0xff, 0xfe, 0x1,
    0xff, 0x0, 0x0, 0x5f, 0xfe, 0x0, 0x0, 0x0,
    0x5, 0xff, 0xe0, 0x0, 0x0, 0x0, 0x5, 0xff,
    0xe1, 0x11, 0x11, 0x11, 0x5f, 0xfe, 0x0, 0x0,
    0x0, 0x0, 0x5f, 0xff, 0xff, 0xff, 0xff, 0xff,
    0xff, 0xe0, 0x0, 0x0, 0x0, 0x5, 0xff, 0xff,
    0xff, 0xff, 0xff, 0xff, 0xfe, 0x0, 0x0, 0x0,
    0x0, 0x5f, 0xfe, 0x11, 0x11, 0x11, 0x6f, 0xff,
    0xe0, 0x0, 0x0, 0x0, 0x5, 0xff, 0xe0, 0x0,
    0x0, 0x6, 0xff, 0xfe, 0x0, 0x0, 0x0, 0x0,
    0x5f, 0xff, 0xff, 0xff, 0xff, 0xff, 0xff, 0xe0,
    0x0, 0x0, 0x0, 0x5, 0xff, 0xff, 0xff, 0xff,
    0xff, 0xff, 0xfe, 0x0, 0x0, 0x0, 0x0, 0x5f,
    0xff, 0xff, 0xff, 0xff, 0xff, 0xff, 0xe0, 0x0,
    0x0, 0x0, 0x5, 0xff, 0xff, 0xff, 0xff, 0xff,
    0xff, 0xfe, 0x0, 0x0, 0x0, 0x0, 0x15, 0x55,
    0x55, 0x55, 0x55, 0x55, 0x8f, 0xe0, 0x0, 0x0,
    0x0, 0x0, 0x0, 0x0, 0x0, 0x0, 0x0, 0x4,
    0xfe, 0x0, 0x0, 0x2, 0x44, 0x44, 0x44, 0x44,
    0x44, 0x44, 0x30, 0x1d, 0xe0, 0x0, 0x0, 0x9f,
    0xff, 0xff, 0xff, 0xff, 0xff, 0xff, 0x30, 0x0,
    0x0, 0x0, 0x7, 0xff, 0xff, 0xff, 0xff, 0xff,
    0xff, 0xfe, 0x61, 0x0, 0x0, 0x0, 0x2f, 0xff,
    0xff, 0xff, 0xff, 0xff, 0xff, 0xff, 0xf6, 0x0,
    0x0, 0x0, 0x4d, 0xff, 0xff, 0xff, 0xff, 0xff,
    0xff, 0xe7, 0x0, 0x0, 0x0, 0x0, 0x0, 0x11,
    0x11, 0x11, 0x11, 0x11, 0x0, 0x0, 0x0, 0x0,
    0x0,

    /* U+F0D43 "󰵃" */
    0x0, 0x0, 0x2, 0x55, 0x55, 0x55, 0x55, 0x55,
    0x54, 0x10, 0x0, 0x0, 0x0, 0x4, 0xff, 0xff,
    0xff, 0xff, 0xff, 0xff, 0xfe, 0x20, 0x0, 0x0,
    0x0, 0xbf, 0xdc, 0xcc, 0xcc, 0xcc, 0xcc, 0xce,
    0xf8, 0x0, 0x0, 0x0, 0xc, 0xf5, 0x0, 0x0,
    0x0, 0x0, 0x0, 0x9f, 0x90, 0x0, 0x1, 0x31,
    0xcf, 0x50, 0x0, 0x0, 0x0, 0x0, 0x2a, 0xf9,
    0x0, 0x0, 0xef, 0xff, 0xf5, 0x0, 0x0, 0x0,
    0x3a, 0xff, 0xff, 0xfd, 0x70, 0xb, 0xff, 0xff,
    0x50, 0x1, 0x25, 0xcf, 0xff, 0xff, 0xff, 0xff,
    0xa0, 0x0, 0x1d, 0xf5, 0x4, 0xff, 0xff, 0xfb,
    0x41, 0x0, 0x27, 0xe9, 0x0, 0x0, 0xcf, 0x50,
    0x4f, 0xfd, 0x92, 0x0, 0x0, 0x0, 0x0, 0x0,
    0xbe, 0xce, 0xf5, 0x0, 0x0, 0x0, 0x6, 0xad,
    0xed, 0xb7, 0x20, 0xe, 0xff, 0xff, 0x50, 0x0,
    0x1, 0x7e, 0xff, 0xff, 0xff, 0xff, 0x60, 0x14,
    0x6e, 0xf5, 0x5, 0xcd, 0xff, 0xff, 0x95, 0x45,
    0x8d, 0xfb, 0x0, 0x0, 0xcf, 0x50, 0x7f, 0xff,
    0xf8, 0x10, 0x0, 0x0, 0x5, 0x20, 0x24, 0x3d,
    0xf5, 0x4, 0xa9, 0x50, 0x0, 0x24, 0x54, 0x20,
    0x0, 0xf, 0xff, 0xff, 0x50, 0x0, 0x0, 0x6,
    0xdf, 0xff, 0xff, 0xea, 0x20, 0x9c, 0xdf, 0xf5,
    0x1, 0x35, 0x8e, 0xff, 0xea, 0x9a, 0xdf, 0xfb,
    0x0, 0x0, 0xcf, 0x50, 0x7f, 0xff, 0xfc, 0x40,
    0x0, 0x0, 0x29, 0x50, 0x0, 0xc, 0xf5, 0x5,
    0xba, 0x83, 0x0, 0x0, 0x22, 0x0, 0x0, 0x0,
    0x0, 0xcf, 0x50, 0x0, 0x0, 0x0, 0x0, 0x9,
    0xf8, 0x0, 0x0, 0x0, 0xc, 0xf6, 0x11, 0x11,
    0x11, 0x11, 0x11, 0x9f, 0x80, 0x0, 0x0, 0x0,
    0xaf, 0xff, 0xff, 0xff, 0xff, 0xff, 0xff, 0xf6,
    0x0, 0x0, 0x0, 0x2, 0xdf, 0xff, 0xff, 0xff,
    0xff, 0xff, 0xfb, 0x0, 0x0, 0x0, 0x0, 0x0,
    0x1, 0x11, 0x11, 0x11, 0x11, 0x10, 0x0, 0x0,
    0x0,

    /* U+F0D91 "󰶑" */
    0x0, 0x0, 0x0, 0x0, 0x66, 0x0, 0x0, 0x0,
    0x0, 0x0, 0x0, 0x0, 0x0, 0x0, 0x0, 0xaf,
    0xfa, 0x0, 0x0, 0xa4, 0x1a, 0x32, 0xaa, 0x0,
    0x0, 0x0, 0xe, 0xff, 0xe0, 0x0, 0xf, 0x80,
    0xf8, 0xd, 0xe0, 0x0, 0x0, 0x0, 0x9f, 0xf9,
    0x0, 0x0, 0xcd, 0xa, 0xe1, 0x16, 0x0, 0x0,
    0x1, 0x52, 0x44, 0x0, 0x0, 0x6, 0xf4, 0x1e,
    0xe5, 0x10, 0x2, 0x7c, 0xff, 0xf3, 0x0, 0x0,
    0x0, 0xd, 0xe1, 0x1b, 0xfe, 0x7d, 0xff, 0xff,
    0xff, 0xd0, 0x0, 0x0, 0x0, 0x2f, 0xd2, 0x2,
    0x4d, 0xff, 0xbd, 0xff, 0xff, 0x80, 0x0, 0x0,
    0x0, 0x3d, 0xfa, 0x53, 0xdf, 0x20, 0xcf, 0xff,
    0xff, 0x20, 0x0, 0x0, 0x0, 0x8, 0xef, 0xed,
    0xf1, 0x1f, 0xff, 0xdc, 0xfe, 0xdd, 0xd3, 0x0,
    0x0, 0x0, 0x23, 0xdf, 0x15, 0xff, 0xf9, 0x3f,
    0xff, 0xff, 0x30, 0x0, 0x0, 0x0, 0xd, 0xf1,
    0x9f, 0xff, 0x50, 0x0, 0x0, 0x0, 0x0, 0x0,
    0x0, 0x0, 0x22, 0xd, 0xff, 0xf5, 0x0, 0x0,
    0x0, 0x0, 0x0, 0x0, 0x0, 0x0, 0x1, 0xff,
    0xff, 0xd0, 0x0, 0x0, 0x0, 0x0, 0x0, 0x0,
    0x0, 0x0, 0x5f, 0xff, 0xff, 0x60, 0x0, 0x0,
    0x0, 0x0, 0x0, 0x0, 0x0, 0x9, 0xff, 0xbf,
    0xfe, 0x0, 0x0, 0x0, 0x0, 0x0, 0x0, 0x0,
    0x0, 0xef, 0xd0, 0xbf, 0xf8, 0x0, 0x0, 0x0,
    0x0, 0x0, 0x0, 0x0, 0x2f, 0xf7, 0x1, 0xef,
    0xd0, 0x0, 0x0, 0x0, 0x0, 0x0, 0x0, 0x6,
    0xff, 0x20, 0x4, 0xfd, 0x0, 0x0, 0x0, 0x0,
    0x0, 0x0, 0x0, 0xaf, 0xb0, 0x0, 0x1f, 0xd0,
    0x0, 0x0, 0x0, 0x0, 0x0, 0x0, 0xe, 0xf6,
    0x0, 0x1, 0xfd, 0x0, 0x0, 0x0, 0x0, 0x0,
    0x0, 0x2, 0xff, 0x0, 0x0, 0x1f, 0xd0, 0x0,
    0x0, 0x0, 0x0, 0x0, 0x0, 0x7f, 0xa0, 0x0,
    0x1, 0xfd, 0x0, 0x0, 0x0, 0x0, 0x0, 0x0,
    0xb, 0xf4, 0x0, 0x0, 0x1f, 0xd0, 0x0, 0x0,
    0x0, 0x0, 0x0, 0x0, 0x0, 0x0, 0x0, 0x0,
    0x0, 0x0, 0x0, 0x0, 0x0, 0x0, 0x0, 0x0,

    /* U+F0ECC "󰻌" */
    0x0, 0x0, 0x0, 0x0, 0x3a, 0xa3, 0x0, 0x0,
    0x0, 0x0, 0x0, 0x0, 0x0, 0x5c, 0xff, 0xff,
    0xc5, 0x0, 0x0, 0x0, 0x0, 0x0, 0x6d, 0xff,
    0xff, 0xff, 0xff, 0xd6, 0x0, 0x0, 0x1, 0x8f,
    0xff, 0xff, 0xff, 0xff, 0xff, 0xff, 0xf8, 0x10,
    0x8f, 0xff, 0xff, 0xff, 0xff, 0xff, 0xff, 0xff,
    0xff, 0xf8, 0xbf, 0xff, 0xff, 0xff, 0xff, 0xff,
    0xff, 0xff, 0xff, 0xfb, 0xbf, 0xff, 0xff, 0xff,
    0xf9, 0x9f, 0xff, 0xff, 0xff, 0xfb, 0xbf, 0xff,
    0xff, 0xff, 0xe0, 0xe, 0xff, 0xff, 0xff, 0xfb,
    0xbf, 0xff, 0xff, 0xff, 0xe0, 0xe, 0xff, 0xff,
    0xff, 0xfb, 0xbf, 0xff, 0xff, 0xff, 0xe0, 0xe,
    0xff, 0xff, 0xff, 0xfb, 0xbf, 0xff, 0xff, 0xff,
    0xe0, 0xe, 0xff, 0xff, 0xff, 0xfb, 0xbf, 0xff,
    0xff, 0xff, 0xe0, 0xe, 0xff, 0xff, 0xff, 0xfb,
    0xaf, 0xff, 0xff, 0xff, 0xe0, 0xe, 0xff, 0xff,
    0xff, 0xfa, 0x7f, 0xff, 0xff, 0xff, 0xfe, 0xef,
    0xff, 0xff, 0xff, 0xf7, 0x4f, 0xff, 0xff, 0xff,
    0xff, 0xff, 0xff, 0xff, 0xff, 0xf3, 0xe, 0xff,
    0xff, 0xff, 0xf4, 0x4f, 0xff, 0xff, 0xff, 0xe0,
    0x8, 0xff, 0xff, 0xff, 0xe0, 0xe, 0xff, 0xff,
    0xff, 0x80, 0x1, 0xef, 0xff, 0xff, 0xf8, 0x8f,
    0xff, 0xff, 0xfe, 0x10, 0x0, 0x6f, 0xff, 0xff,
    0xff, 0xff, 0xff, 0xff, 0xf6, 0x0, 0x0, 0xa,
    0xff, 0xff, 0xff, 0xff, 0xff, 0xff, 0xa0, 0x0,
    0x0, 0x0, 0xbf, 0xff, 0xff, 0xff, 0xff, 0xfb,
    0x0, 0x0, 0x0, 0x0, 0xa, 0xff, 0xff, 0xff,
    0xff, 0xb0, 0x0, 0x0, 0x0, 0x0, 0x0, 0x6e,
    0xff, 0xff, 0xe6, 0x0, 0x0, 0x0, 0x0, 0x0,
    0x0, 0x0, 0x7c, 0xc7, 0x0, 0x0, 0x0, 0x0,

    /* U+F0FC6 "󰿆" */
    0x0, 0x0, 0x0, 0x0, 0x0, 0x0, 0x0, 0x7,
    0xbd, 0xb6, 0x0, 0x0, 0x0, 0x0, 0x0, 0x0,
    0x0, 0x0, 0x2d, 0xff, 0xff, 0xfd, 0x20, 0x0,
    0x0, 0x0, 0x0, 0x0, 0x0, 0x1e, 0xfe, 0x86,
    0x8f, 0xfd, 0x0, 0x0, 0x0, 0x0, 0x0, 0x0,
    0x8, 0xfe, 0x10, 0x0, 0x2f, 0xf6, 0x0, 0x0,
    0x0, 0x0, 0x0, 0x0, 0xdf, 0x60, 0x0, 0x0,
    0x8f, 0xc0, 0x0, 0x0, 0x0, 0x0, 0x0, 0xf,
    0xf3, 0x0, 0x0, 0x4, 0xfe, 0x0, 0x0, 0x0,
    0x0, 0x0, 0x0, 0xff, 0x20, 0x0, 0x0, 0x4f,
    0xe0, 0x0, 0x0, 0x0, 0x0, 0x0, 0x1f, 0xf3,
    0x0, 0x0, 0x3, 0xed, 0x3e, 0xff, 0xff, 0xff,
    0xff, 0xff, 0xff, 0xff, 0x90, 0x0, 0x0, 0xc,
    0xff, 0xff, 0xff, 0xff, 0xff, 0xff, 0xff, 0xff,
    0x40, 0x0, 0x0, 0xef, 0xff, 0xff, 0xff, 0xff,
    0xff, 0xff, 0xff, 0xf6, 0x0, 0x0, 0xe, 0xff,
    0xff, 0xff, 0xff, 0xff, 0xff, 0xff, 0xff, 0x60,
    0x0, 0x0, 0xef, 0xff, 0xff, 0xff, 0xff, 0xff,
    0xff, 0xff, 0xf6, 0x0, 0x0, 0xe, 0xff, 0xff,
    0xff, 0xc5, 0x8f, 0xff, 0xff, 0xff, 0x60, 0x0,
    0x0, 0xef, 0xff, 0xff, 0xd0, 0x0, 0x5f, 0xff,
    0xff, 0xf6, 0x0, 0x0, 0xe, 0xff, 0xff, 0xf9,
    0x0, 0x2, 0xff, 0xff, 0xff, 0x60, 0x0, 0x0,
    0xef, 0xff, 0xff, 0xd0, 0x0, 0x6f, 0xff, 0xff,
    0xf6, 0x0, 0x0, 0xe, 0xff, 0xff, 0xff, 0xc5,
    0x8f, 0xff, 0xff, 0xff, 0x60, 0x0, 0x0, 0xef,
    0xff, 0xff, 0xff, 0xff, 0xff, 0xff, 0xff, 0xf6,
    0x0, 0x0, 0xe, 0xff, 0xff, 0xff, 0xff, 0xff,
    0xff, 0xff, 0xff, 0x60, 0x0, 0x0, 0xef, 0xff,
    0xff, 0xff, 0xff, 0xff, 0xff, 0xff, 0xf6, 0x0,
    0x0, 0xc, 0xff, 0xff, 0xff, 0xff, 0xff, 0xff,
    0xff, 0xff, 0x40, 0x0, 0x0, 0x3e, 0xff, 0xff,
    0xff, 0xff, 0xff, 0xff, 0xff, 0x90, 0x0, 0x0,
    0x0, 0x0, 0x0, 0x0, 0x0, 0x0, 0x0, 0x0,
    0x0, 0x0, 0x0, 0x0,

    /* U+F0FCE "󰿎" */
    0x0, 0x0, 0x0, 0x0, 0x0, 0x0, 0x0, 0x0,
    0x0, 0x0, 0x22, 0x0, 0x0, 0x0, 0x0, 0x0,
    0x0, 0x0, 0x0, 0x0, 0x6c, 0xff, 0xa0, 0x0,
    0x0, 0x0, 0x0, 0x0, 0x0, 0x9c, 0x50, 0x1,
    0xef, 0xfd, 0x0, 0x0, 0x0, 0x2, 0xac, 0x10,
    0x5, 0xff, 0x20, 0x3, 0xff, 0xf0, 0x3, 0xa9,
    0x0, 0xb, 0xfc, 0x0, 0x8, 0xfd, 0x0, 0x7,
    0xff, 0x31, 0xff, 0xf6, 0x0, 0xd, 0xf8, 0x0,
    0xb, 0xfa, 0x0, 0x3, 0x0, 0x5f, 0xff, 0xf3,
    0x0, 0x2f, 0xf5, 0x0, 0x13, 0x0, 0x0, 0x0,
    0x4, 0xff, 0xff, 0xe1, 0x0, 0x33, 0x0, 0x0,
    0x0, 0x0, 0x0, 0x0, 0xf, 0xc9, 0x63, 0x0,
    0x0, 0x0, 0x0, 0x0, 0x0, 0x0, 0x0, 0x0,
    0xef, 0xff, 0xff, 0xff, 0xff, 0xff, 0xff, 0xff,
    0xff, 0xff, 0xfa, 0xe, 0xff, 0xff, 0xff, 0xff,
    0xff, 0xff, 0xff, 0xff, 0xff, 0xff, 0xb0, 0xef,
    0xff, 0xff, 0xff, 0xff, 0xff, 0xff, 0xff, 0xff,
    0xff, 0xfb, 0xe, 0xff, 0xff, 0xff, 0xff, 0xff,
    0xff, 0xff, 0xff, 0xff, 0xff, 0xb0, 0xef, 0xff,
    0xff, 0xff, 0xff, 0xff, 0xff, 0xff, 0xff, 0xff,
    0xfb, 0xe, 0xff, 0xff, 0xff, 0xff, 0xff, 0xff,
    0xff, 0xff, 0xff, 0xff, 0xb0, 0xef, 0xff, 0xff,
    0xff, 0xff, 0xff, 0xff, 0xff, 0xff, 0xff, 0xfb,
    0xe, 0xff, 0xff, 0xff, 0xff, 0xff, 0xff, 0xff,
    0xff, 0xff, 0xff, 0xb0, 0xef, 0xff, 0xff, 0xff,
    0xff, 0xff, 0xff, 0xff, 0xff, 0xff, 0xfb, 0xe,
    0xff, 0xff, 0xff, 0xff, 0xff, 0xff, 0xff, 0xff,
    0xff, 0xff, 0xb0, 0xef, 0xff, 0xff, 0xff, 0xff,
    0xff, 0xff, 0xff, 0xff, 0xff, 0xfb, 0xc, 0xff,
    0xff, 0xff, 0xff, 0xff, 0xff, 0xff, 0xff, 0xff,
    0xff, 0x90, 0x3d, 0xff, 0xff, 0xff, 0xff, 0xff,
    0xff, 0xff, 0xff, 0xff, 0xc1, 0x0, 0x0, 0x0,
    0x0, 0x0, 0x0, 0x0, 0x0, 0x0, 0x0, 0x0,
    0x0,

    /* U+F1020 "󱀠" */
    0x0, 0x0, 0x0, 0x0, 0x0, 0x1, 0x88, 0x10,
    0x0, 0x0, 0x0, 0x0, 0x0, 0x0, 0x0, 0x0,
    0x6, 0xff, 0x70, 0x0, 0x0, 0x0, 0x0, 0x0,
    0x0, 0x0, 0x0, 0xb, 0xff, 0xc0, 0x0, 0x0,
    0x0, 0x0, 0x0, 0x0, 0x0, 0x0, 0x2f, 0xff,
    0xf3, 0x0, 0x0, 0x0, 0x0, 0x0, 0x0, 0x0,
    0x19, 0xff, 0xff, 0xff, 0xa2, 0x0, 0x0, 0x22,
    0x0, 0x0, 0x19, 0xff, 0xff, 0xff, 0xff, 0xff,
    0xa2, 0x0, 0xef, 0x30, 0x18, 0xff, 0xff, 0xff,
    0xff, 0xff, 0xff, 0xff, 0x91, 0xef, 0x30, 0x0,
    0x5f, 0xd0, 0x0, 0x0, 0x0, 0xb, 0xf7, 0x0,
    0xef, 0x30, 0x0, 0x1f, 0xf0, 0x0, 0x0, 0x0,
    0xe, 0xf4, 0x0, 0xef, 0x30, 0x0, 0xe, 0xf3,
    0x0, 0x0, 0x0, 0x2f, 0xf1, 0x0, 0xef, 0xff,
    0xff, 0xff, 0xf7, 0x0, 0x0, 0x0, 0x5f, 0xd0,
    0x0, 0xef, 0xff, 0xff, 0xff, 0xfa, 0x0, 0x0,
    0x0, 0x8f, 0xa0, 0x0, 0xef, 0x52, 0x22, 0x26,
    0xfd, 0x0, 0x0, 0x0, 0xbf, 0x70, 0x0, 0xef,
    0x30, 0x0, 0x1, 0xff, 0x10, 0x0, 0x0, 0xff,
    0x30, 0x0, 0xef, 0x30, 0x0, 0x0, 0xef, 0x40,
    0x0, 0x2, 0xff, 0x0, 0x0, 0xef, 0x30, 0x0,
    0x0, 0xbf, 0x70, 0x0, 0x5, 0xfd, 0x0, 0x0,
    0xaa, 0x20, 0x0, 0x0, 0x8f, 0xc4, 0x44, 0x4a,
    0xfa, 0x0, 0x0, 0x0, 0x0, 0x0, 0x0, 0x4f,
    0xff, 0xff, 0xff, 0xf6, 0x0, 0x0, 0x0, 0x0,
    0x0, 0x0, 0x7, 0xff, 0xff, 0xff, 0xa0, 0x0,
    0x0, 0x0, 0x0, 0x0, 0x0, 0x0, 0x8f, 0xff,
    0xfa, 0x0, 0x0, 0x0, 0x0, 0x0, 0x0, 0x0,
    0x0, 0xd, 0xff, 0xe0, 0x0, 0x0, 0x0, 0x0,
    0x0, 0x0, 0x0, 0x0, 0x5, 0xff, 0x60, 0x0,
    0x0, 0x0, 0x0, 0x0, 0x0, 0x0, 0x0, 0x0,
    0x0, 0x0, 0x0, 0x0, 0x0,

    /* U+F1051 "󱁑" */
    0x5, 0x20, 0x0, 0x0, 0x0, 0x0, 0x0, 0x0,
    0x0, 0x0, 0x0, 0xf, 0xfe, 0xa6, 0x20, 0x0,
    0x0, 0x0, 0x0, 0x0, 0x0, 0x0, 0x4f, 0xe3,
    0x6f, 0xfe, 0xa6, 0x20, 0x0, 0x0, 0x0, 0x0,
    0x0, 0x8f, 0xa0, 0x1f, 0xf4, 0x7e, 0xfe, 0xa6,
    0x20, 0x0, 0x0, 0x0, 0x9f, 0xe8, 0x8f, 0xd0,
    0xe, 0xf6, 0x7d, 0xfe, 0xa6, 0x20, 0x0, 0x0,
    0x48, 0xcf, 0xe8, 0x6f, 0xf0, 0xc, 0xf9, 0x7c,
    0xfd, 0x0, 0x0, 0x0, 0x1, 0x48, 0xcf, 0xf8,
    0x5f, 0xf3, 0x8, 0xfa, 0x0, 0x0, 0x0, 0x0,
    0x0, 0x1, 0x48, 0xdf, 0xf8, 0x4c, 0xf6, 0x0,
    0x0, 0x0, 0x0, 0x0, 0x28, 0x84, 0x1, 0x59,
    0xdf, 0xf3, 0x0, 0x0, 0x0, 0x0, 0x5b, 0xff,
    0xff, 0xfc, 0x84, 0x1, 0x50, 0x0, 0x0, 0x0,
    0x7, 0xcf, 0xff, 0xff, 0xff, 0xfd, 0x60, 0x0,
    0x0, 0x0, 0x1d, 0x95, 0x10, 0x48, 0xcf, 0xf9,
    0x30, 0x0, 0x0, 0x0, 0x0, 0x5f, 0xec, 0xfc,
    0x84, 0x10, 0x0, 0x0, 0x0, 0x0, 0x0, 0x0,
    0x8f, 0xa0, 0x2f, 0xfd, 0xfc, 0x84, 0x10, 0x0,
    0x0, 0x0, 0x0, 0xcf, 0x80, 0x5f, 0xe0, 0xf,
    0xfd, 0xfc, 0x84, 0x0, 0x0, 0x0, 0x6a, 0xef,
    0xef, 0xb0, 0x2f, 0xf0, 0x1d, 0xfe, 0xfc, 0x84,
    0x0, 0x0, 0x2, 0x6a, 0xef, 0xdf, 0xd0, 0xf,
    0xf3, 0x1b, 0xfa, 0x0, 0x0, 0x0, 0x0, 0x2,
    0x6a, 0xef, 0xcf, 0xf0, 0xc, 0xf6, 0x0, 0x0,
    0x0, 0x0, 0x0, 0x0, 0x2, 0x6a, 0xee, 0xbf,
    0xf2, 0x0, 0x0, 0x0, 0x0, 0x0, 0x0, 0x0,
    0x0, 0x2, 0x6a, 0xd0,

    /* U+F10C2 "󱃂" */
    0x0, 0x0, 0x3, 0x40, 0x0, 0x0, 0x0, 0x3,
    0xef, 0xfe, 0x30, 0x0, 0x0, 0xe, 0xfe, 0xef,
    0xe0, 0x0, 0x0, 0x2f, 0xf5, 0x5f, 0xf2, 0x0,
    0x0, 0x3f, 0xff, 0xff, 0xf3, 0x0, 0x0, 0x3f,
    0xff, 0xff, 0xf3, 0x0, 0x0, 0x3f, 0xff, 0xff,
    0xf3, 0x0, 0x0, 0x3f, 0xff, 0xff, 0xf3, 0x0,
    0x0, 0x3f, 0xff, 0xff, 0xf3, 0x0, 0x0, 0x3f,
    0xff, 0xff, 0xf3, 0x0, 0x0, 0x3f, 0xff, 0xff,
    0xf3, 0x0, 0x0, 0x3f, 0xff, 0xff, 0xf3, 0x0,
    0x0, 0x7f, 0xff, 0xff, 0xf7, 0x0, 0x5, 0xff,
    0xff, 0xff, 0xff, 0x50, 0xe, 0xff, 0xff, 0xff,
    0xff, 0xe0, 0x4f, 0xff, 0xff, 0xff, 0xff, 0xf4,
    0x6f, 0xff, 0xff, 0xff, 0xff, 0xf6, 0x5f, 0xff,
    0xff, 0xff, 0xff, 0xf5, 0x1f, 0xff, 0xff, 0xff,
    0xff, 0xf1, 0x8, 0xff, 0xff, 0xff, 0xff, 0x80,
    0x0, 0xaf, 0xff, 0xff, 0xfb, 0x0, 0x0, 0x6,
    0xdf, 0xfd, 0x60, 0x0, 0x0, 0x0, 0x0, 0x0,
    0x0, 0x0,

    /* U+F10C3 "󱃃" */
    0x0, 0x0, 0x3, 0x40, 0x0, 0x0, 0x0, 0x3,
    0xef, 0xfe, 0x30, 0x0, 0x0, 0xe, 0xfe, 0xef,
    0xe0, 0x0, 0x0, 0x2f, 0xf1, 0x1f, 0xf2, 0x0,
    0x0, 0x3f, 0xe0, 0xe, 0xf3, 0x0, 0x0, 0x3f,
    0xe0, 0xe, 0xf3, 0x0, 0x0, 0x3f, 0xe0, 0xe,
    0xf3, 0x0, 0x0, 0x3f, 0xe0, 0xe, 0xf3, 0x0,
    0x0, 0x3f, 0xe0, 0xe, 0xf3, 0x0, 0x0, 0x3f,
    0xe0, 0xe, 0xf3, 0x0, 0x0, 0x3f, 0xe0, 0xe,
    0xf3, 0x0, 0x0, 0x3f, 0xfc, 0xcf, 0xf3, 0x0,
    0x0, 0x7f, 0xff, 0xff, 0xf7, 0x0, 0x5, 0xff,
    0xff, 0xff, 0xff, 0x50, 0xe, 0xff, 0xff, 0xff,
    0xff, 0xe0, 0x4f, 0xff, 0xff, 0xff, 0xff, 0xf4,
    0x6f, 0xff, 0xff, 0xff, 0xff, 0xf6, 0x5f, 0xff,
    0xff, 0xff, 0xff, 0xf5, 0x1f, 0xff, 0xff, 0xff,
    0xff, 0xf1, 0x8, 0xff, 0xff, 0xff, 0xff, 0x80,
    0x0, 0xaf, 0xff, 0xff, 0xfa, 0x0, 0x0, 0x6,
    0xdf, 0xfd, 0x60, 0x0, 0x0, 0x0, 0x0, 0x0,
    0x0, 0x0,

    /* U+F1253 "󱉓" */
    0x0, 0x0, 0x0, 0x0, 0x0, 0x1, 0x0, 0x0,
    0x0, 0x0, 0x0, 0x0, 0x0, 0x0, 0x0, 0x0,
    0x8e, 0xff, 0xd6, 0x0, 0x0, 0x0, 0x0, 0x0,
    0x0, 0x0, 0x1, 0xdf, 0xff, 0xff, 0xf9, 0x0,
    0x0, 0x0, 0x0, 0x0, 0x8a, 0x0, 0xbf, 0xff,
    0xff, 0xff, 0xf6, 0x1, 0xc5, 0x0, 0x0, 0xcf,
    0x70, 0x3f, 0xff, 0xff, 0xff, 0xff, 0xe0, 0xc,
    0xf8, 0x0, 0x8f, 0xf5, 0x7, 0xff, 0xff, 0xff,
    0xff, 0xff, 0x20, 0xaf, 0xf3, 0xd, 0xff, 0x40,
    0x8f, 0xff, 0xff, 0xff, 0xff, 0xf3, 0x9, 0xff,
    0x80, 0xef, 0xf6, 0x6, 0xff, 0xff, 0xff, 0xff,
    0xff, 0x10, 0xbf, 0xf9, 0xc, 0xff, 0xa0, 0x1f,
    0xff, 0xff, 0xff, 0xff, 0xb0, 0xf, 0xff, 0x70,
    0x5f, 0xff, 0x10, 0x7f, 0xff, 0xff, 0xff, 0xf3,
    0x5, 0xff, 0xf1, 0x0, 0x8f, 0xf9, 0x0, 0x9f,
    0xff, 0xff, 0xf4, 0x0, 0xdf, 0xf4, 0x0, 0x0,
    0xdf, 0xf4, 0x6, 0xff, 0xff, 0xff, 0x10, 0x9f,
    0xf8, 0x0, 0x0, 0xd, 0xff, 0x60, 0x6f, 0xff,
    0xff, 0xf1, 0xb, 0xff, 0x80, 0x0, 0x0, 0x7e,
    0xe6, 0x2, 0xde, 0xee, 0xeb, 0x0, 0xae, 0xd3,
    0x0, 0x0, 0x0, 0x0, 0x0, 0x0, 0x0, 0x0,
    0x0, 0x0, 0x0, 0x0, 0x0, 0x0, 0xb, 0xf6,
    0x0, 0x5f, 0xff, 0xf0, 0x0, 0xbf, 0x60, 0x0,
    0x0, 0x0, 0x8f, 0x80, 0x2, 0xff, 0xfd, 0x0,
    0xc, 0xf3, 0x0, 0x0, 0x0, 0x0, 0x21, 0x0,
    0x1, 0x22, 0x0, 0x0, 0x21, 0x0, 0x0,

    /* U+F1254 "󱉔" */
    0x0, 0x0, 0x0, 0x0, 0x0, 0x24, 0x40, 0x0,
    0x0, 0x0, 0x0, 0x0, 0x0, 0x0, 0x0, 0x2,
    0xcf, 0xff, 0xf9, 0x0, 0x0, 0x0, 0x0, 0x0,
    0x0, 0x0, 0x3, 0xff, 0xfe, 0xff, 0xfc, 0x0,
    0x0, 0x0, 0x0, 0x2, 0xba, 0x0, 0xdf, 0xc2,
    0x0, 0x5f, 0xf8, 0x1, 0xe7, 0x0, 0x2, 0xef,
    0x60, 0x6f, 0xe1, 0x0, 0x0, 0x6f, 0xf0, 0xc,
    0xf9, 0x0, 0xaf, 0xf4, 0x9, 0xfa, 0x0, 0x0,
    0x1, 0xff, 0x20, 0xbf, 0xf3, 0xf, 0xff, 0x40,
    0x9f, 0x90, 0x0, 0x0, 0xf, 0xf2, 0xa, 0xff,
    0x70, 0xff, 0xf5, 0x6, 0xfe, 0x0, 0x0, 0x5,
    0xff, 0x0, 0xcf, 0xf8, 0xc, 0xff, 0x90, 0x1f,
    0xfa, 0x10, 0x3, 0xef, 0x90, 0x1f, 0xff, 0x50,
    0x4f, 0xff, 0x10, 0x6f, 0xfb, 0x2, 0xff, 0xe1,
    0x7, 0xff, 0xd0, 0x0, 0x6f, 0xfa, 0x0, 0x9f,
    0xb0, 0x2f, 0xf2, 0x2, 0xff, 0xd2, 0x0, 0x0,
    0xef, 0xf4, 0x7, 0xfd, 0x79, 0xff, 0x0, 0xbf,
    0xf7, 0x0, 0x0, 0xe, 0xff, 0x50, 0x7f, 0xff,
    0xff, 0xf0, 0xc, 0xff, 0x70, 0x0, 0x0, 0x5b,
    0xb3, 0x1, 0xab, 0xbb, 0xb7, 0x0, 0x8b, 0xa1,
    0x0, 0x0, 0x0, 0x23, 0x10, 0x1, 0x33, 0x33,
    0x0, 0x2, 0x31, 0x0, 0x0, 0x0, 0xc, 0xf5,
    0x0, 0x6f, 0xff, 0xf0, 0x0, 0xcf, 0x50, 0x0,
    0x0, 0x0, 0x7f, 0x60, 0x2, 0xef, 0xfa, 0x0,
    0xd, 0xe2, 0x0, 0x0,

    /* U+F12A8 "󱊨" */
    0x3, 0x77, 0x77, 0x77, 0x77, 0x77, 0x77, 0x77,
    0x77, 0x77, 0x30, 0x6f, 0xff, 0xff, 0xff, 0xff,
    0xff, 0xff, 0xff, 0xff, 0xff, 0xf5, 0xcf, 0xca,
    0xaa, 0xaa, 0xaa, 0xaa, 0xaa, 0xaa, 0xaa, 0xac,
    0xfb, 0xcf, 0x40, 0x0, 0x0, 0x0, 0x2, 0x20,
    0x0, 0x0, 0x6, 0xfb, 0xcf, 0x40, 0x0, 0x0,
    0x5, 0xef, 0xfe, 0x60, 0x0, 0x6, 0xfb, 0xcf,
    0x40, 0x0, 0x0, 0x5e, 0x50, 0x4, 0xe7, 0x0,
    0x6, 0xfb, 0xcf, 0x40, 0x0, 0x0, 0xe4, 0x0,
    0x0, 0x3f, 0x10, 0x6, 0xfb, 0xcf, 0x40, 0x0,
    0x3, 0xe0, 0xc, 0xe1, 0xe, 0x40, 0x6, 0xfb,
    0xcf, 0x40, 0x0, 0x3, 0xd0, 0xf, 0xf3, 0xc,
    0x40, 0x6, 0xfb, 0xcf, 0x40, 0x0, 0x0, 0xf2,
    0xf, 0xf3, 0x1f, 0x10, 0x6, 0xfb, 0xcf, 0x40,
    0x0, 0x0, 0x8c, 0xf, 0xf3, 0xb9, 0x0, 0x6,
    0xfb, 0xcf, 0xca, 0xaa, 0x70, 0x7, 0xf, 0xf3,
    0x70, 0x5, 0xac, 0xfa, 0x5f, 0xff, 0xff, 0xa0,
    0x0, 0xf, 0xf4, 0x0, 0x9, 0xff, 0xf4, 0x3,
    0x66, 0x66, 0x40, 0x0, 0xf, 0xff, 0xe6, 0x3,
    0x66, 0x30, 0x0, 0x0, 0x0, 0x0, 0x0, 0xf,
    0xff, 0xff, 0xd4, 0x0, 0x0, 0x0, 0x0, 0x0,
    0x0, 0x10, 0xf, 0xff, 0xff, 0xff, 0xb1, 0x0,
    0x0, 0x0, 0x0, 0xc, 0xf6, 0xf, 0xff, 0xff,
    0xff, 0xf8, 0x0, 0x0, 0x0, 0x0, 0x1d, 0xff,
    0xaf, 0xff, 0xff, 0xff, 0xf9, 0x0, 0x0, 0x0,
    0x0, 0x1, 0xdf, 0xff, 0xff, 0xff, 0xff, 0xf9,
    0x0, 0x0, 0x0, 0x0, 0x0, 0x2e, 0xff, 0xff,
    0xff, 0xff, 0xf9, 0x0, 0x0, 0x0, 0x0, 0x0,
    0x2, 0xef, 0xff, 0xff, 0xff, 0xf9, 0x0, 0x0,
    0x0, 0x0, 0x0, 0x0, 0x2e, 0xff, 0xff, 0xff,
    0xe2, 0x0, 0x0, 0x0, 0x0, 0x0, 0x0, 0x0,
    0x0, 0x0, 0x0, 0x0, 0x0,

    /* U+F140B "󱐋" */
    0x0, 0x0, 0x0, 0x1, 0x0, 0x0, 0x0, 0x0,
    0x0, 0x0, 0x8, 0x10, 0x0, 0x0, 0x0, 0x0,
    0x0, 0x1f, 0x10, 0x0, 0x0, 0x0, 0x0, 0x0,
    0x8f, 0x10, 0x0, 0x0, 0x0, 0x0, 0x1, 0xff,
    0x10, 0x0, 0x0, 0x0, 0x0, 0x8, 0xff, 0x10,
    0x0, 0x0, 0x0, 0x0, 0x1f, 0xff, 0x10, 0x0,
    0x0, 0x0, 0x0, 0x8f, 0xff, 0x10, 0x0, 0x0,
    0x0, 0x1, 0xff, 0xff, 0x10, 0x0, 0x0, 0x0,
    0x8, 0xff, 0xff, 0xff, 0xff, 0xf3, 0x0, 0x1f,
    0xff, 0xff, 0xff, 0xff, 0xc0, 0x0, 0x8f, 0xff,
    0xff, 0xff, 0xff, 0x40, 0x1, 0xff, 0xff, 0xff,
    0xff, 0xfc, 0x0, 0x8, 0xff, 0xff, 0xff, 0xff,
    0xf4, 0x0, 0x1f, 0xff, 0xff, 0xff, 0xff, 0xc0,
    0x0, 0x38, 0x88, 0x88, 0xff, 0xff, 0x40, 0x0,
    0x0, 0x0, 0x1, 0xff, 0xfc, 0x0, 0x0, 0x0,
    0x0, 0x1, 0xff, 0xf4, 0x0, 0x0, 0x0, 0x0,
    0x1, 0xff, 0xc0, 0x0, 0x0, 0x0, 0x0, 0x1,
    0xff, 0x40, 0x0, 0x0, 0x0, 0x0, 0x1, 0xfc,
    0x0, 0x0, 0x0, 0x0, 0x0, 0x1, 0xf4, 0x0,
    0x0, 0x0, 0x0, 0x0, 0x1, 0xc0, 0x0, 0x0,
    0x0, 0x0, 0x0, 0x1, 0x40, 0x0, 0x0, 0x0,
    0x0, 0x0, 0x0, 0x0, 0x0, 0x0, 0x0,

    /* U+F1435 "󱐵" */
    0x0, 0x0, 0x0, 0x0, 0x6, 0x60, 0x0, 0x0,
    0x0, 0x0, 0x0, 0x0, 0x0, 0x0, 0x0, 0x0,
    0xaf, 0xfa, 0x0, 0x0, 0xa4, 0x1a, 0x32, 0xaa,
    0x9, 0x10, 0x0, 0x0, 0xef, 0xfe, 0x0, 0x0,
    0xf8, 0xf, 0x80, 0xde, 0x9f, 0xd1, 0x0, 0x0,
    0x9f, 0xf9, 0x0, 0x0, 0xcd, 0xa, 0xe1, 0x16,
    0xc, 0xfd, 0x10, 0x4, 0x34, 0x40, 0x0, 0x0,
    0x6f, 0x41, 0xee, 0x51, 0x0, 0xcf, 0xd1, 0x2,
    0xe4, 0x0, 0x0, 0x0, 0xd, 0xe1, 0x1b, 0xfe,
    0x7, 0xef, 0xfd, 0x10, 0x2c, 0x0, 0x0, 0x0,
    0x2, 0xfd, 0x20, 0x24, 0xd, 0xff, 0xef, 0xd1,
    0x2, 0x60, 0x0, 0x0, 0x0, 0x3d, 0xfa, 0x53,
    0xd, 0xf2, 0xe, 0xfd, 0x10, 0x21, 0x0, 0x0,
    0x0, 0x0, 0x8e, 0xfe, 0xd, 0xf1, 0x1f, 0xff,
    0xd1, 0x1, 0xce, 0xe3, 0x0, 0x0, 0x0, 0x23,
    0xd, 0xf1, 0x5f, 0xff, 0xfd, 0x10, 0x3f, 0xf3,
    0x0, 0x0, 0x0, 0x0, 0xd, 0xf1, 0x9f, 0xff,
    0xdf, 0xd1, 0x0, 0x10, 0x0, 0x0, 0x0, 0x0,
    0x2, 0x20, 0xef, 0xff, 0x59, 0xfd, 0x10, 0x0,
    0x0, 0x0, 0x0, 0x0, 0x0, 0x2, 0xff, 0xff,
    0xd0, 0xaf, 0xd1, 0x0, 0x0, 0x0, 0x0, 0x0,
    0x0, 0x6, 0xff, 0xff, 0xf6, 0xa, 0xfd, 0x10,
    0x0, 0x0, 0x0, 0x0, 0x0, 0xa, 0xff, 0xbf,
    0xfe, 0x0, 0xaf, 0xd1, 0x0, 0x0, 0x0, 0x0,
    0x0, 0xe, 0xfd, 0xb, 0xff, 0x70, 0xa, 0xfd,
    0x10, 0x0, 0x0, 0x0, 0x0, 0x2f, 0xf7, 0x1,
    0xef, 0xd0, 0x0, 0xaf, 0xd1, 0x0, 0x0, 0x0,
    0x0, 0x6f, 0xf2, 0x0, 0x4f, 0xd0, 0x0, 0xa,
    0xfd, 0x10, 0x0, 0x0, 0x0, 0xaf, 0xc0, 0x0,
    0x1f, 0xd0, 0x0, 0x0, 0xaf, 0xd1, 0x0, 0x0,
    0x0, 0xef, 0x60, 0x0, 0x1f, 0xd0, 0x0, 0x0,
    0xb, 0xfd, 0x10, 0x0, 0x2, 0xff, 0x0, 0x0,
    0x1f, 0xd0, 0x0, 0x0, 0x0, 0xbf, 0xd1, 0x0,
    0x7, 0xfa, 0x0, 0x0, 0x1f, 0xd0, 0x0, 0x0,
    0x0, 0xb, 0xfd, 0x10, 0xb, 0xf4, 0x0, 0x0,
    0x1f, 0xd0, 0x0, 0x0, 0x0, 0x0, 0xbf, 0xb0,
    0x0, 0x0, 0x0, 0x0, 0x0, 0x0, 0x0, 0x0,
    0x0, 0x0, 0x9, 0x10,

    /* U+F1502 "󱔂" */
    0x0, 0x0, 0x0, 0x0, 0x0, 0x0, 0x0, 0x0,
    0x0, 0x0, 0x0, 0x0, 0xb4, 0x0, 0x0, 0x0,
    0x0, 0x0, 0x0, 0x0, 0x9, 0xfe, 0x10, 0x0,
    0x0, 0x0, 0x0, 0x0, 0x0, 0x5f, 0xff, 0xc0,
    0x0, 0x0, 0x0, 0x0, 0x0, 0x2, 0xef, 0xff,
    0xf8, 0x0, 0x0, 0x0, 0x0, 0x0, 0xc, 0xff,
    0xff, 0xff, 0x30, 0x0, 0x5, 0xfd, 0x0, 0x6f,
    0xff, 0xff, 0xff, 0xd0, 0x0, 0x5, 0xfd, 0x1,
    0xef, 0xff, 0xff, 0xff, 0xf7, 0x0, 0x5, 0xfd,
    0x8, 0xff, 0xff, 0xff, 0xff, 0xfe, 0x10, 0x5,
    0xfd, 0xf, 0xff, 0xff, 0xff, 0xff, 0xff, 0x70,
    0x5, 0xfd, 0x6f, 0xff, 0xff, 0xff, 0xff, 0xff,
    0xd0, 0x5, 0xfd, 0xaf, 0xff, 0xff, 0xff, 0xff,
    0xff, 0xf1, 0x2, 0x76, 0xbf, 0xff, 0xff, 0xff,
    0xff, 0xff, 0xf3, 0x0, 0x0, 0xaf, 0xff, 0xff,
    0xff, 0xff, 0xff, 0xf1, 0x3, 0x54, 0x6f, 0xff,
    0xff, 0xff, 0xff, 0xff, 0xe0, 0x9, 0xfd, 0xf,
    0xff, 0xff, 0xff, 0xff, 0xff, 0x70, 0x7, 0xda,
    0x5, 0xff, 0xff, 0xff, 0xff, 0xfc, 0x0, 0x0,
    0x0, 0x0, 0x6f, 0xff, 0xff, 0xff, 0xc1, 0x0,
    0x0, 0x0, 0x0, 0x2, 0x9e, 0xff, 0xc6, 0x0,
    0x0, 0x0, 0x0, 0x0, 0x0, 0x0, 0x0, 0x0,
    0x0, 0x0, 0x0, 0x0,

    /* U+F179B "󱞛" */
    0x0, 0x0, 0x0, 0x0, 0x1, 0x22, 0x10, 0x0,
    0x0, 0x0, 0x0, 0x0, 0x0, 0x5, 0x9d, 0xff,
    0xff, 0xff, 0xd9, 0x50, 0x0, 0x0, 0x0, 0x7,
    0xef, 0xff, 0xff, 0xff, 0xff, 0xff, 0xfe, 0x70,
    0x0, 0x2, 0xdf, 0xff, 0xc6, 0x31, 0x0, 0x13,
    0x6c, 0xff, 0xfd, 0x10, 0x1d, 0xff, 0xcf, 0x70,
    0x0, 0x0, 0x0, 0x7, 0xfc, 0xff, 0xd0, 0x8f,
    0xe3, 0x1d, 0xfc, 0x74, 0x22, 0x47, 0xcf, 0xd1,
    0x3e, 0xf8, 0xcf, 0x60, 0x0, 0x8e, 0xff, 0xff,
    0xff, 0xe8, 0x0, 0x6, 0xfc, 0xbf, 0x70, 0x0,
    0x0, 0x35, 0x77, 0x53, 0x0, 0x0, 0x8, 0xfb,
    0x6f, 0xf5, 0x0, 0x0, 0x0, 0x0, 0x0, 0x0,
    0x0, 0x6f, 0xf6, 0xa, 0xff, 0xb4, 0x0, 0x0,
    0x0, 0x0, 0x0, 0x4b, 0xff, 0xa0, 0x0, 0x8f,
    0xff, 0xeb, 0x86, 0x55, 0x68, 0xbe, 0xff, 0xf8,
    0x0, 0x0, 0x2, 0xaf, 0xff, 0xff, 0xff, 0xff,
    0xff, 0xfa, 0x20, 0x0, 0x0, 0x0, 0x0, 0x47,
    0xac, 0xdd, 0xca, 0x84, 0x0, 0x0, 0x0,

    /* U+F17C7 "󱟇" */
    0x0, 0x0, 0x0, 0x0, 0x66, 0x0, 0x0, 0x0,
    0x0, 0x0, 0x0, 0x0, 0x0, 0xff, 0x0, 0x0,
    0x0, 0x0, 0x0, 0x0, 0x0, 0x0, 0xff, 0x0,
    0x0, 0x0, 0x0, 0x0, 0x0, 0x0, 0x0, 0xff,
    0x0, 0x0, 0x0, 0x0, 0x0, 0x0, 0x0, 0x0,
    0xff, 0x0, 0x0, 0x0, 0x0, 0x0, 0x0, 0x0,
    0x0, 0xff, 0x0, 0x0, 0x0, 0x0, 0x0, 0x0,
    0x8f, 0xff, 0xff, 0xff, 0xf8, 0x0, 0x0, 0x0,
    0x1, 0xff, 0xff, 0xff, 0xff, 0xff, 0x10, 0x0,
    0x0, 0x8, 0xfd, 0x22, 0x22, 0x22, 0xdf, 0x80,
    0x0, 0x0, 0x1f, 0xf5, 0x0, 0x0, 0x0, 0x5f,
    0xf1, 0x0, 0x0, 0x8f, 0xd0, 0x0, 0x0, 0x0,
    0xd, 0xf8, 0x0, 0x1, 0xff, 0x60, 0x0, 0x0,
    0x0, 0x6, 0xff, 0x10, 0x8, 0xff, 0x44, 0x44,
    0x44, 0x44, 0x44, 0xff, 0x80, 0xf, 0xff, 0xff,
    0xff, 0xff, 0xff, 0xff, 0xff, 0xe0, 0x6e, 0xee,
    0xee, 0xee, 0xee, 0xee, 0xee, 0xee, 0xe6, 0x0,
    0x0, 0x0, 0x3, 0x33, 0x30, 0x0, 0x0, 0x0,
    0x0, 0x0, 0x0, 0xf, 0xff, 0xf0, 0x0, 0x0,
    0x0, 0x0, 0x0, 0x0, 0x4, 0xdd, 0x40, 0x0,
    0x0, 0x0,

    /* U+F18D6 "󱣖" */
    0x0, 0x0, 0x0, 0x0, 0x2, 0x0, 0x0, 0x0,
    0x0, 0x0, 0x0, 0x0, 0x0, 0x0, 0x0, 0x0,
    0xd7, 0x0, 0x0, 0x0, 0x0, 0x0, 0x0, 0x0,
    0x0, 0x0, 0x0, 0x9f, 0xf3, 0x0, 0x0, 0x0,
    0x0, 0x0, 0x0, 0x0, 0x0, 0x0, 0x4f, 0xdd,
    0xd0, 0x0, 0x0, 0x0, 0x20, 0x0, 0x0, 0x0,
    0x0, 0x1, 0x0, 0x0, 0x0, 0x0, 0x1, 0xde,
    0xe2, 0x1, 0x23, 0x44, 0x0, 0x0, 0x10, 0x0,
    0x0, 0x0, 0x7a, 0x7, 0xa0, 0x4f, 0xfe, 0x20,
    0x19, 0xef, 0xfd, 0x60, 0x0, 0x9, 0x80, 0x5b,
    0x0, 0xdf, 0x30, 0x1d, 0xff, 0xff, 0xff, 0xa0,
    0x0, 0x9f, 0xff, 0xb0, 0x5, 0xb0, 0xc, 0xff,
    0xff, 0xff, 0xff, 0x60, 0x9, 0xff, 0xfb, 0x0,
    0x4, 0x3, 0xff, 0xff, 0xff, 0xff, 0xfe, 0x0,
    0x9f, 0xff, 0xb0, 0x0, 0x0, 0x7f, 0xff, 0xff,
    0xff, 0xff, 0xf2, 0x9, 0xff, 0xfb, 0x0, 0x0,
    0x8, 0xff, 0xff, 0xff, 0xff, 0xff, 0x30, 0x9f,
    0xff, 0xb0, 0x0, 0x0, 0x6f, 0xff, 0xff, 0xff,
    0xff, 0xf1, 0x9, 0xff, 0xfb, 0x0, 0x9, 0x1,
    0xff, 0xff, 0xff, 0xff, 0xfb, 0x0, 0xdf, 0xff,
    0xe1, 0x7, 0xf1, 0x7, 0xff, 0xff, 0xff, 0xff,
    0x20, 0x7f, 0xff, 0xff, 0x90, 0xef, 0x90, 0x8,
    0xff, 0xff, 0xfe, 0x30, 0xa, 0xff, 0xff, 0xfc,
    0x3c, 0xef, 0x60, 0x2, 0x8a, 0x96, 0x0, 0x0,
    0x8f, 0xff, 0xff, 0x90, 0x0, 0x0, 0x0, 0x0,
    0x0, 0x0, 0x0, 0x1, 0xef, 0xff, 0xf2, 0x0,
    0x0, 0x0, 0x4, 0x43, 0x36, 0x10, 0x0, 0x1,
    0x9c, 0xa2, 0x0, 0x0, 0x0, 0x0, 0x1e, 0xff,
    0xa0, 0x0, 0x0, 0x0, 0x0, 0x0, 0x0, 0x0,
    0x0, 0x0, 0x5f, 0xe0, 0x0, 0x0, 0x0, 0x0,
    0x0, 0x0, 0x0, 0x0, 0x0, 0x0, 0x93, 0x0,
    0x0, 0x0, 0x0, 0x0, 0x0, 0x0, 0x0, 0x0,
    0x0, 0x0, 0x0, 0x0, 0x0, 0x0, 0x0, 0x0,
    0x0
};


/*---------------------
 *  GLYPH DESCRIPTION
 *--------------------*/

static const lv_font_fmt_txt_glyph_dsc_t glyph_dsc[] = {
    {.bitmap_index = 0, .adv_w = 0, .box_w = 0, .box_h = 0, .ofs_x = 0, .ofs_y = 0} /* id = 0 reserved */,
    {.bitmap_index = 0, .adv_w = 416, .box_w = 18, .box_h = 18, .ofs_x = 4, .ofs_y = 1},
    {.bitmap_index = 162, .adv_w = 416, .box_w = 20, .box_h = 22, .ofs_x = 2, .ofs_y = -3},
    {.bitmap_index = 382, .adv_w = 416, .box_w = 24, .box_h = 21, .ofs_x = 1, .ofs_y = 0},
    {.bitmap_index = 634, .adv_w = 416, .box_w = 22, .box_h = 23, .ofs_x = 2, .ofs_y = -2},
    {.bitmap_index = 887, .adv_w = 416, .box_w = 14, .box_h = 23, .ofs_x = 6, .ofs_y = -2},
    {.bitmap_index = 1048, .adv_w = 416, .box_w = 14, .box_h = 23, .ofs_x = 6, .ofs_y = -2},
    {.bitmap_index = 1209, .adv_w = 416, .box_w = 14, .box_h = 23, .ofs_x = 6, .ofs_y = -2},
    {.bitmap_index = 1370, .adv_w = 416, .box_w = 14, .box_h = 23, .ofs_x = 6, .ofs_y = -2},
    {.bitmap_index = 1531, .adv_w = 416, .box_w = 14, .box_h = 23, .ofs_x = 6, .ofs_y = -2},
    {.bitmap_index = 1692, .adv_w = 416, .box_w = 14, .box_h = 23, .ofs_x = 6, .ofs_y = -2},
    {.bitmap_index = 1853, .adv_w = 416, .box_w = 14, .box_h = 23, .ofs_x = 6, .ofs_y = -2},
    {.bitmap_index = 2014, .adv_w = 416, .box_w = 14, .box_h = 23, .ofs_x = 6, .ofs_y = -2},
    {.bitmap_index = 2175, .adv_w = 416, .box_w = 14, .box_h = 23, .ofs_x = 6, .ofs_y = -2},
    {.bitmap_index = 2336, .adv_w = 416, .box_w = 26, .box_h = 25, .ofs_x = 0, .ofs_y = -3},
    {.bitmap_index = 2661, .adv_w = 416, .box_w = 9, .box_h = 14, .ofs_x = 9, .ofs_y = 3},
    {.bitmap_index = 2724, .adv_w = 416, .box_w = 22, .box_h = 23, .ofs_x = 2, .ofs_y = -2},
    {.bitmap_index = 2977, .adv_w = 416, .box_w = 22, .box_h = 23, .ofs_x = 2, .ofs_y = -2},
    {.bitmap_index = 3230, .adv_w = 416, .box_w = 18, .box_h = 5, .ofs_x = 4, .ofs_y = 7},
    {.bitmap_index = 3275, .adv_w = 416, .box_w = 22, .box_h = 23, .ofs_x = 2, .ofs_y = -2},
    {.bitmap_index = 3528, .adv_w = 416, .box_w = 16, .box_h = 21, .ofs_x = 5, .ofs_y = -1},
    {.bitmap_index = 3696, .adv_w = 416, .box_w = 12, .box_h = 22, .ofs_x = 7, .ofs_y = -1},
    {.bitmap_index = 3828, .adv_w = 416, .box_w = 22, .box_h = 23, .ofs_x = 2, .ofs_y = -2},
    {.bitmap_index = 4081, .adv_w = 416, .box_w = 22, .box_h = 23, .ofs_x = 2, .ofs_y = -2},
    {.bitmap_index = 4334, .adv_w = 416, .box_w = 25, .box_h = 25, .ofs_x = 1, .ofs_y = -3},
    {.bitmap_index = 4647, .adv_w = 416, .box_w = 16, .box_h = 23, .ofs_x = 5, .ofs_y = -2},
    {.bitmap_index = 4831, .adv_w = 416, .box_w = 16, .box_h = 23, .ofs_x = 5, .ofs_y = -2},
    {.bitmap_index = 5015, .adv_w = 416, .box_w = 18, .box_h = 24, .ofs_x = 4, .ofs_y = -2},
    {.bitmap_index = 5231, .adv_w = 416, .box_w = 20, .box_h = 21, .ofs_x = 3, .ofs_y = -1},
    {.bitmap_index = 5441, .adv_w = 416, .box_w = 20, .box_h = 20, .ofs_x = 3, .ofs_y = 0},
    {.bitmap_index = 5641, .adv_w = 416, .box_w = 22, .box_h = 23, .ofs_x = 2, .ofs_y = -2},
    {.bitmap_index = 5894, .adv_w = 416, .box_w = 20, .box_h = 20, .ofs_x = 3, .ofs_y = 0},
    {.bitmap_index = 6094, .adv_w = 416, .box_w = 22, .box_h = 23, .ofs_x = 2, .ofs_y = -2},
    {.bitmap_index = 6347, .adv_w = 416, .box_w = 22, .box_h = 23, .ofs_x = 2, .ofs_y = -2},
    {.bitmap_index = 6600, .adv_w = 416, .box_w = 18, .box_h = 19, .ofs_x = 4, .ofs_y = 1},
    {.bitmap_index = 6771, .adv_w = 416, .box_w = 22, .box_h = 20, .ofs_x = 2, .ofs_y = 0},
    {.bitmap_index = 6991, .adv_w = 416, .box_w = 18, .box_h = 25, .ofs_x = 4, .ofs_y = -3},
    {.bitmap_index = 7216, .adv_w = 416, .box_w = 20, .box_h = 19, .ofs_x = 3, .ofs_y = 0},
    {.bitmap_index = 7406, .adv_w = 416, .box_w = 12, .box_h = 23, .ofs_x = 7, .ofs_y = -2},
    {.bitmap_index = 7544, .adv_w = 416, .box_w = 22, .box_h = 12, .ofs_x = 2, .ofs_y = 4},
    {.bitmap_index = 7676, .adv_w = 416, .box_w = 22, .box_h = 12, .ofs_x = 2, .ofs_y = 4},
    {.bitmap_index = 7808, .adv_w = 416, .box_w = 20, .box_h = 25, .ofs_x = 3, .ofs_y = -3},
    {.bitmap_index = 8058, .adv_w = 416, .box_w = 20, .box_h = 20, .ofs_x = 3, .ofs_y = 0},
    {.bitmap_index = 8258, .adv_w = 416, .box_w = 14, .box_h = 19, .ofs_x = 6, .ofs_y = 1},
    {.bitmap_index = 8391, .adv_w = 416, .box_w = 24, .box_h = 16, .ofs_x = 1, .ofs_y = 2},
    {.bitmap_index = 8583, .adv_w = 416, .box_w = 24, .box_h = 20, .ofs_x = 1, .ofs_y = 0},
    {.bitmap_index = 8823, .adv_w = 416, .box_w = 22, .box_h = 24, .ofs_x = 1, .ofs_y = -2},
    {.bitmap_index = 9087, .adv_w = 416, .box_w = 23, .box_h = 23, .ofs_x = 1, .ofs_y = -2},
    {.bitmap_index = 9352, .adv_w = 416, .box_w = 24, .box_h = 22, .ofs_x = 1, .ofs_y = -1},
    {.bitmap_index = 9616, .adv_w = 416, .box_w = 24, .box_h = 23, .ofs_x = 1, .ofs_y = -2},
    {.bitmap_index = 9892, .adv_w = 416, .box_w = 24, .box_h = 24, .ofs_x = 1, .ofs_y = -3},
    {.bitmap_index = 10180, .adv_w = 416, .box_w = 20, .box_h = 23, .ofs_x = 3, .ofs_y = -2},
    {.bitmap_index = 10410, .adv_w = 416, .box_w = 21, .box_h = 23, .ofs_x = 3, .ofs_y = -2},
    {.bitmap_index = 10652, .adv_w = 416, .box_w = 24, .box_h = 20, .ofs_x = 1, .ofs_y = 0},
    {.bitmap_index = 10892, .adv_w = 416, .box_w = 24, .box_h = 21, .ofs_x = 1, .ofs_y = -1},
    {.bitmap_index = 11144, .adv_w = 416, .box_w = 18, .box_h = 23, .ofs_x = 4, .ofs_y = -2},
    {.bitmap_index = 11351, .adv_w = 416, .box_w = 18, .box_h = 23, .ofs_x = 4, .ofs_y = -2},
    {.bitmap_index = 11558, .adv_w = 416, .box_w = 22, .box_h = 23, .ofs_x = 2, .ofs_y = -2},
    {.bitmap_index = 11811, .adv_w = 416, .box_w = 14, .box_h = 20, .ofs_x = 6, .ofs_y = 0},
    {.bitmap_index = 11951, .adv_w = 416, .box_w = 23, .box_h = 23, .ofs_x = 1, .ofs_y = -2},
    {.bitmap_index = 12216, .adv_w = 416, .box_w = 18, .box_h = 23, .ofs_x = 4, .ofs_y = -2},
    {.bitmap_index = 12423, .adv_w = 416, .box_w = 16, .box_h = 17, .ofs_x = 5, .ofs_y = 1},
    {.bitmap_index = 12559, .adv_w = 416, .box_w = 16, .box_h = 17, .ofs_x = 5, .ofs_y = 1},
    {.bitmap_index = 12695, .adv_w = 416, .box_w = 22, .box_h = 23, .ofs_x = 2, .ofs_y = -2},
    {.bitmap_index = 12948, .adv_w = 416, .box_w = 18, .box_h = 18, .ofs_x = 4, .ofs_y = 1},
    {.bitmap_index = 13110, .adv_w = 416, .box_w = 22, .box_h = 19, .ofs_x = 2, .ofs_y = 1},
    {.bitmap_index = 13319, .adv_w = 416, .box_w = 20, .box_h = 13, .ofs_x = 3, .ofs_y = 3},
    {.bitmap_index = 13449, .adv_w = 416, .box_w = 22, .box_h = 20, .ofs_x = 2, .ofs_y = 0},
    {.bitmap_index = 13669, .adv_w = 416, .box_w = 22, .box_h = 20, .ofs_x = 2, .ofs_y = 0},
    {.bitmap_index = 13889, .adv_w = 416, .box_w = 22, .box_h = 23, .ofs_x = 2, .ofs_y = -2},
    {.bitmap_index = 14142, .adv_w = 416, .box_w = 22, .box_h = 23, .ofs_x = 2, .ofs_y = -3},
    {.bitmap_index = 14395, .adv_w = 416, .box_w = 23, .box_h = 23, .ofs_x = 2, .ofs_y = -2},
    {.bitmap_index = 14660, .adv_w = 416, .box_w = 23, .box_h = 23, .ofs_x = 1, .ofs_y = -2},
    {.bitmap_index = 14925, .adv_w = 416, .box_w = 23, .box_h = 25, .ofs_x = 2, .ofs_y = -2},
    {.bitmap_index = 15213, .adv_w = 416, .box_w = 20, .box_h = 24, .ofs_x = 3, .ofs_y = -2},
    {.bitmap_index = 15453, .adv_w = 416, .box_w = 23, .box_h = 24, .ofs_x = 2, .ofs_y = -2},
    {.bitmap_index = 15729, .adv_w = 416, .box_w = 23, .box_h = 23, .ofs_x = 1, .ofs_y = -2},
    {.bitmap_index = 15994, .adv_w = 416, .box_w = 22, .box_h = 23, .ofs_x = 2, .ofs_y = -2},
    {.bitmap_index = 16247, .adv_w = 416, .box_w = 22, .box_h = 20, .ofs_x = 2, .ofs_y = 0},
    {.bitmap_index = 16467, .adv_w = 416, .box_w = 12, .box_h = 23, .ofs_x = 7, .ofs_y = -2},
    {.bitmap_index = 16605, .adv_w = 416, .box_w = 12, .box_h = 23, .ofs_x = 7, .ofs_y = -2},
    {.bitmap_index = 16743, .adv_w = 416, .box_w = 23, .box_h = 18, .ofs_x = 1, .ofs_y = 0},
    {.bitmap_index = 16950, .adv_w = 416, .box_w = 23, .box_h = 17, .ofs_x = 1, .ofs_y = 1},
    {.bitmap_index = 17146, .adv_w = 416, .box_w = 22, .box_h = 23, .ofs_x = 2, .ofs_y = -2},
    {.bitmap_index = 17399, .adv_w = 416, .box_w = 14, .box_h = 25, .ofs_x = 6, .ofs_y = -3},
    {.bitmap_index = 17574, .adv_w = 416, .box_w = 24, .box_h = 25, .ofs_x = 1, .ofs_y = -2},
    {.bitmap_index = 17874, .adv_w = 416, .box_w = 18, .box_h = 20, .ofs_x = 4, .ofs_y = 0},
    {.bitmap_index = 18054, .adv_w = 416, .box_w = 22, .box_h = 13, .ofs_x = 2, .ofs_y = 3},
    {.bitmap_index = 18197, .adv_w = 416, .box_w = 18, .box_h = 18, .ofs_x = 4, .ofs_y = 1},
    {.bitmap_index = 18359, .adv_w = 416, .box_w = 23, .box_h = 23, .ofs_x = 1, .ofs_y = -2}
};

/*---------------------
 *  CHARACTER MAPPING
 *--------------------*/

static const uint16_t unicode_list_0[] = {
    0x0, 0xe, 0x22, 0x24, 0x75, 0x76, 0x78, 0x7a,
    0x7c, 0x7e, 0x7f, 0x80, 0x8a, 0xda, 0x13e, 0x14c,
    0x155, 0x1d4, 0x20c, 0x234, 0x23d, 0x296, 0x2d3, 0x315,
    0x331, 0x332, 0x33a, 0x357, 0x38e, 0x38f, 0x3d4, 0x3e1,
    0x408, 0x421, 0x4c1, 0x4e2, 0x4e3, 0x50b, 0x51d, 0x51e,
    0x561, 0x57a, 0x58a, 0x58c, 0x58d, 0x590, 0x591, 0x592,
    0x593, 0x594, 0x595, 0x599, 0x5a5, 0x5a6, 0x5aa, 0x5ad,
    0x5dc, 0x6a1, 0x6a2, 0x6b1, 0x6d5, 0x6d6, 0x713, 0x765,
    0x7cd, 0x7e0, 0x817, 0x818, 0x819, 0xa5c, 0xbbe, 0xd3f,
    0xd8d, 0xec8, 0xfc2, 0xfca, 0x101c, 0x104d, 0x10be, 0x10bf,
    0x124f, 0x1250, 0x12a4, 0x1407, 0x1431, 0x14fe, 0x1797, 0x17c3,
    0x18d2
};

/*Collect the unicode lists and glyph_id offsets*/
static const lv_font_fmt_txt_cmap_t cmaps[] =
{
    {
        .range_start = 983044, .range_length = 6355, .glyph_id_start = 1,
        .unicode_list = unicode_list_0, .glyph_id_ofs_list = NULL, .list_length = 89, .type = LV_FONT_FMT_TXT_CMAP_SPARSE_TINY
    }
};



/*--------------------
 *  ALL CUSTOM DATA
 *--------------------*/

#if LVGL_VERSION_MAJOR == 8
/*Store all the custom data of the font*/
static  lv_font_fmt_txt_glyph_cache_t cache;
#endif

#if LVGL_VERSION_MAJOR >= 8
static const lv_font_fmt_txt_dsc_t font_dsc = {
#else
static lv_font_fmt_txt_dsc_t font_dsc = {
#endif
    .glyph_bitmap = glyph_bitmap,
    .glyph_dsc = glyph_dsc,
    .cmaps = cmaps,
    .kern_dsc = NULL,
    .kern_scale = 0,
    .cmap_num = 1,
    .bpp = 4,
    .kern_classes = 0,
    .bitmap_format = 0,
#if LVGL_VERSION_MAJOR == 8
    .cache = &cache
#endif
};



/*-----------------
 *  PUBLIC FONT
 *----------------*/

/*Initialize a public general font descriptor*/
#if LVGL_VERSION_MAJOR >= 8
const lv_font_t fleet_icons_26 = {
#else
lv_font_t fleet_icons_26 = {
#endif
    .get_glyph_dsc = lv_font_get_glyph_dsc_fmt_txt,    /*Function pointer to get glyph's data*/
    .get_glyph_bitmap = lv_font_get_bitmap_fmt_txt,    /*Function pointer to get glyph's bitmap*/
    .line_height = 26,          /*The maximum line height required by the font*/
    .base_line = 3,             /*Baseline measured from the bottom of the line*/
#if !(LVGL_VERSION_MAJOR == 6 && LVGL_VERSION_MINOR == 0)
    .subpx = LV_FONT_SUBPX_NONE,
#endif
#if LV_VERSION_CHECK(7, 4, 0) || LVGL_VERSION_MAJOR >= 8
    .underline_position = 0,
    .underline_thickness = 0,
#endif
    .dsc = &font_dsc,          /*The custom font data. Will be accessed by `get_glyph_bitmap/dsc` */
#if LV_VERSION_CHECK(8, 2, 0) || LVGL_VERSION_MAJOR >= 9
    .fallback = NULL,
#endif
    .user_data = NULL,
};



#endif /*#if FLEET_ICONS_26*/

