/*******************************************************************************
 * Size: 46 px
 * Bpp: 4
 * Opts: --font C:\Users\Marge\Documents\PlatformIO\Projects\ESP32 Voice Assistant Fleet\assets\fonts\materialdesignicons-webfont-7.4.47.ttf -r 0xF0004,0xF0012,0xF0026,0xF0028,0xF0079,0xF007A,0xF007C,0xF007E,0xF0080,0xF0082,0xF0083,0xF0084,0xF008E,0xF00DE,0xF0142,0xF0150,0xF0159,0xF01D8,0xF0210,0xF0238,0xF0241,0xF029A,0xF02D7,0xF0319,0xF0335,0xF0336,0xF033E,0xF035B,0xF0392,0xF0393,0xF03D8,0xF03E5,0xF040C,0xF0425,0xF04C5,0xF04E6,0xF04E7,0xF050F,0xF0521,0xF0522,0xF0565,0xF057E,0xF058E,0xF0590,0xF0591,0xF0594,0xF0595,0xF0596,0xF0597,0xF0598,0xF0599,0xF059D,0xF05A9,0xF05AA,0xF05AE,0xF05B1,0xF05E0,0xF06A5,0xF06A6,0xF06B5,0xF0717,0xF0769,0xF07D1,0xF07E4,0xF081B,0xF081C,0xF081D,0xF0A60,0xF0BC2,0xF0D43,0xF0D91,0xF0ECC,0xF0FC6,0xF0FCE,0xF1051,0xF10C2,0xF10C3,0xF1253,0xF1254,0xF12A8,0xF140B,0xF1435,0xF1502,0xF18D6 --size 46 --bpp 4 --format lvgl --no-compress --lv-include lvgl.h -o C:\Users\Marge\Documents\PlatformIO\Projects\ESP32 Voice Assistant Fleet\src\UI\fonts\fleet_icons_46.c
 ******************************************************************************/

#ifdef LV_LVGL_H_INCLUDE_SIMPLE
#include "lvgl.h"
#else
#include "lvgl.h"
#endif

#ifndef FLEET_ICONS_46
#define FLEET_ICONS_46 1
#endif

#if FLEET_ICONS_46

/*-----------------
 *    BITMAPS
 *----------------*/

/*Store the image of the glyphs*/
static LV_ATTRIBUTE_LARGE_CONST const uint8_t glyph_bitmap[] = {
    /* U+F0004 "󰀄" */
    0x0, 0x0, 0x0, 0x0, 0x0, 0x0, 0x0, 0x46,
    0x75, 0x20, 0x0, 0x0, 0x0, 0x0, 0x0, 0x0,
    0x0, 0x0, 0x0, 0x0, 0x0, 0x0, 0x8f, 0xff,
    0xff, 0xfb, 0x20, 0x0, 0x0, 0x0, 0x0, 0x0,
    0x0, 0x0, 0x0, 0x0, 0x0, 0x1c, 0xff, 0xff,
    0xff, 0xff, 0xf5, 0x0, 0x0, 0x0, 0x0, 0x0,
    0x0, 0x0, 0x0, 0x0, 0x0, 0xcf, 0xff, 0xff,
    0xff, 0xff, 0xff, 0x40, 0x0, 0x0, 0x0, 0x0,
    0x0, 0x0, 0x0, 0x0, 0x7, 0xff, 0xff, 0xff,
    0xff, 0xff, 0xff, 0xd0, 0x0, 0x0, 0x0, 0x0,
    0x0, 0x0, 0x0, 0x0, 0xe, 0xff, 0xff, 0xff,
    0xff, 0xff, 0xff, 0xf5, 0x0, 0x0, 0x0, 0x0,
    0x0, 0x0, 0x0, 0x0, 0x3f, 0xff, 0xff, 0xff,
    0xff, 0xff, 0xff, 0xfa, 0x0, 0x0, 0x0, 0x0,
    0x0, 0x0, 0x0, 0x0, 0x5f, 0xff, 0xff, 0xff,
    0xff, 0xff, 0xff, 0xfc, 0x0, 0x0, 0x0, 0x0,
    0x0, 0x0, 0x0, 0x0, 0x6f, 0xff, 0xff, 0xff,
    0xff, 0xff, 0xff, 0xfd, 0x0, 0x0, 0x0, 0x0,
    0x0, 0x0, 0x0, 0x0, 0x4f, 0xff, 0xff, 0xff,
    0xff, 0xff, 0xff, 0xfb, 0x0, 0x0, 0x0, 0x0,
    0x0, 0x0, 0x0, 0x0, 0x1f, 0xff, 0xff, 0xff,
    0xff, 0xff, 0xff, 0xf7, 0x0, 0x0, 0x0, 0x0,
    0x0, 0x0, 0x0, 0x0, 0xa, 0xff, 0xff, 0xff,
    0xff, 0xff, 0xff, 0xf1, 0x0, 0x0, 0x0, 0x0,
    0x0, 0x0, 0x0, 0x0, 0x2, 0xff, 0xff, 0xff,
    0xff, 0xff, 0xff, 0x80, 0x0, 0x0, 0x0, 0x0,
    0x0, 0x0, 0x0, 0x0, 0x0, 0x4f, 0xff, 0xff,
    0xff, 0xff, 0xfa, 0x0, 0x0, 0x0, 0x0, 0x0,
    0x0, 0x0, 0x0, 0x0, 0x0, 0x3, 0xdf, 0xff,
    0xff, 0xff, 0x80, 0x0, 0x0, 0x0, 0x0, 0x0,
    0x0, 0x0, 0x0, 0x0, 0x0, 0x0, 0x5, 0xac,
    0xdb, 0x71, 0x0, 0x0, 0x0, 0x0, 0x0, 0x0,
    0x0, 0x0, 0x0, 0x0, 0x0, 0x0, 0x0, 0x0,
    0x0, 0x0, 0x0, 0x0, 0x0, 0x0, 0x0, 0x0,
    0x0, 0x0, 0x0, 0x0, 0x0, 0x0, 0x0, 0x0,
    0x0, 0x0, 0x0, 0x0, 0x0, 0x0, 0x0, 0x0,
    0x0, 0x0, 0x0, 0x0, 0x0, 0x0, 0x0, 0x0,
    0x0, 0x0, 0x0, 0x0, 0x0, 0x0, 0x0, 0x0,
    0x0, 0x0, 0x0, 0x0, 0x0, 0x1, 0x35, 0x66,
    0x76, 0x54, 0x20, 0x0, 0x0, 0x0, 0x0, 0x0,
    0x0, 0x0, 0x0, 0x1, 0x6a, 0xef, 0xff, 0xff,
    0xff, 0xff, 0xff, 0xc8, 0x30, 0x0, 0x0, 0x0,
    0x0, 0x0, 0x4, 0xbf, 0xff, 0xff, 0xff, 0xff,
    0xff, 0xff, 0xff, 0xff, 0xfd, 0x70, 0x0, 0x0,
    0x0, 0x1, 0xbf, 0xff, 0xff, 0xff, 0xff, 0xff,
    0xff, 0xff, 0xff, 0xff, 0xff, 0xfe, 0x50, 0x0,
    0x0, 0x3e, 0xff, 0xff, 0xff, 0xff, 0xff, 0xff,
    0xff, 0xff, 0xff, 0xff, 0xff, 0xff, 0xf9, 0x0,
    0x2, 0xff, 0xff, 0xff, 0xff, 0xff, 0xff, 0xff,
    0xff, 0xff, 0xff, 0xff, 0xff, 0xff, 0xff, 0x90,
    0xb, 0xff, 0xff, 0xff, 0xff, 0xff, 0xff, 0xff,
    0xff, 0xff, 0xff, 0xff, 0xff, 0xff, 0xff, 0xf2,
    0xf, 0xff, 0xff, 0xff, 0xff, 0xff, 0xff, 0xff,
    0xff, 0xff, 0xff, 0xff, 0xff, 0xff, 0xff, 0xf7,
    0x2f, 0xff, 0xff, 0xff, 0xff, 0xff, 0xff, 0xff,
    0xff, 0xff, 0xff, 0xff, 0xff, 0xff, 0xff, 0xf9,
    0x2f, 0xff, 0xff, 0xff, 0xff, 0xff, 0xff, 0xff,
    0xff, 0xff, 0xff, 0xff, 0xff, 0xff, 0xff, 0xf9,
    0x2f, 0xff, 0xff, 0xff, 0xff, 0xff, 0xff, 0xff,
    0xff, 0xff, 0xff, 0xff, 0xff, 0xff, 0xff, 0xf9,
    0x2f, 0xff, 0xff, 0xff, 0xff, 0xff, 0xff, 0xff,
    0xff, 0xff, 0xff, 0xff, 0xff, 0xff, 0xff, 0xf9,
    0x0, 0x0, 0x0, 0x0, 0x0, 0x0, 0x0, 0x0,
    0x0, 0x0, 0x0, 0x0, 0x0, 0x0, 0x0, 0x0,

    /* U+F0012 "󰀒" */
    0x0, 0x0, 0x0, 0x0, 0x0, 0x0, 0x0, 0x2,
    0x79, 0xa8, 0x40, 0x0, 0x0, 0x0, 0x0, 0x0,
    0x0, 0x0, 0x0, 0x0, 0x0, 0x0, 0x0, 0x1,
    0xaf, 0xff, 0xff, 0xfe, 0x50, 0x0, 0x0, 0x0,
    0x0, 0x0, 0x0, 0x0, 0x0, 0x0, 0x0, 0x0,
    0x2e, 0xff, 0xff, 0xff, 0xff, 0xf7, 0x0, 0x0,
    0x0, 0x0, 0x0, 0x0, 0x0, 0x0, 0x0, 0x0,
    0x0, 0xdf, 0xff, 0xff, 0xff, 0xff, 0xff, 0x50,
    0x0, 0x0, 0x0, 0x0, 0x0, 0xcb, 0x0, 0x0,
    0x0, 0x8, 0xff, 0xff, 0xff, 0xff, 0xff, 0xff,
    0xe1, 0x0, 0x0, 0x0, 0x0, 0xc, 0xff, 0xb0,
    0x0, 0x0, 0xf, 0xff, 0xff, 0xff, 0xff, 0xff,
    0xff, 0xf6, 0x0, 0x0, 0x0, 0x0, 0x2f, 0xff,
    0xfb, 0x0, 0x0, 0x3f, 0xff, 0xff, 0xff, 0xff,
    0xff, 0xff, 0xfb, 0x0, 0x0, 0x0, 0x0, 0x3,
    0xff, 0xff, 0xb0, 0x0, 0x7, 0xff, 0xff, 0xff,
    0xff, 0xff, 0xff, 0xfc, 0x0, 0x0, 0x0, 0x0,
    0x0, 0x3f, 0xff, 0xfb, 0x0, 0x0, 0x7f, 0xff,
    0xff, 0xff, 0xff, 0xff, 0xfd, 0x0, 0x0, 0x0,
    0x0, 0x0, 0x3, 0xff, 0xff, 0xb0, 0x0, 0x7,
    0xff, 0xff, 0xff, 0xff, 0xff, 0xfb, 0x0, 0x0,
    0x0, 0x0, 0x0, 0x0, 0x3f, 0xff, 0xfb, 0x0,
    0x0, 0x7f, 0xff, 0xff, 0xff, 0xff, 0xf7, 0x0,
    0x0, 0x0, 0x0, 0x0, 0x0, 0x3, 0xef, 0xff,
    0xb0, 0x0, 0x7, 0xff, 0xff, 0xff, 0xff, 0xf1,
    0x0, 0x0, 0x0, 0x0, 0x0, 0x0, 0x0, 0x3e,
    0xff, 0xfb, 0x0, 0x0, 0x7f, 0xff, 0xff, 0xff,
    0x60, 0x0, 0x0, 0x0, 0x0, 0x0, 0x0, 0x0,
    0x3, 0xef, 0xff, 0xb0, 0x0, 0x7, 0xff, 0xff,
    0xf9, 0x0, 0x0, 0x0, 0x0, 0x0, 0x0, 0x0,
    0x0, 0x0, 0x3e, 0xff, 0xfb, 0x0, 0x0, 0x7f,
    0xfe, 0x60, 0x0, 0x0, 0x0, 0x0, 0x0, 0x0,
    0x0, 0x0, 0x0, 0x3, 0xef, 0xff, 0xb0, 0x0,
    0x5, 0x50, 0x0, 0x0, 0x0, 0x0, 0x0, 0x0,
    0x0, 0x0, 0x0, 0x0, 0x0, 0x3e, 0xff, 0xfb,
    0x0, 0x0, 0x0, 0x0, 0x0, 0x0, 0x0, 0x0,
    0x0, 0x0, 0x0, 0x0, 0x0, 0x0, 0x3, 0xef,
    0xff, 0xb0, 0x0, 0x0, 0x0, 0x0, 0x0, 0x0,
    0x0, 0x0, 0x0, 0x0, 0x0, 0x0, 0x0, 0x0,
    0x3e, 0xff, 0xfb, 0x0, 0x0, 0x0, 0x0, 0x0,
    0x0, 0x0, 0x0, 0x0, 0x0, 0x0, 0x0, 0x0,
    0x0, 0x4, 0xff, 0xff, 0xb0, 0x0, 0x0, 0x0,
    0x0, 0x0, 0x0, 0x0, 0x0, 0x0, 0x0, 0x0,
    0x1, 0x6a, 0xef, 0xff, 0xff, 0xfb, 0x0, 0x0,
    0x39, 0x40, 0x0, 0x0, 0x0, 0x0, 0x0, 0x0,
    0x4, 0xbf, 0xff, 0xff, 0xff, 0xff, 0xff, 0xb0,
    0x0, 0x5, 0xfe, 0x81, 0x0, 0x0, 0x0, 0x0,
    0x2, 0xbf, 0xff, 0xff, 0xff, 0xff, 0xff, 0xff,
    0xfb, 0x0, 0x0, 0x5f, 0xfe, 0x60, 0x0, 0x0,
    0x0, 0x4e, 0xff, 0xff, 0xff, 0xff, 0xff, 0xff,
    0xff, 0xff, 0xb0, 0x0, 0x5, 0xff, 0xf9, 0x0,
    0x0, 0x2, 0xff, 0xff, 0xff, 0xff, 0xff, 0xff,
    0xff, 0xff, 0xff, 0xfb, 0x0, 0x0, 0x5f, 0xff,
    0x90, 0x0, 0xb, 0xff, 0xff, 0xff, 0xff, 0xff,
    0xff, 0xff, 0xff, 0xff, 0xff, 0xb0, 0x0, 0x5,
    0xff, 0xf2, 0x0, 0xf, 0xff, 0xff, 0xff, 0xff,
    0xff, 0xff, 0xff, 0xff, 0xff, 0xff, 0xfb, 0x0,
    0x0, 0x5f, 0xf7, 0x0, 0x2f, 0xff, 0xff, 0xff,
    0xff, 0xff, 0xff, 0xff, 0xff, 0xff, 0xff, 0xff,
    0xb0, 0x0, 0x5, 0xf9, 0x0, 0x2f, 0xff, 0xff,
    0xff, 0xff, 0xff, 0xff, 0xff, 0xff, 0xff, 0xff,
    0xff, 0xfb, 0x0, 0x0, 0x59, 0x0, 0x2f, 0xff,
    0xff, 0xff, 0xff, 0xff, 0xff, 0xff, 0xff, 0xff,
    0xff, 0xff, 0xff, 0xb0, 0x0, 0x1, 0x0, 0x2f,
    0xff, 0xff, 0xff, 0xff, 0xff, 0xff, 0xff, 0xff,
    0xff, 0xff, 0xff, 0xff, 0xfb, 0x0, 0x0, 0x0,
    0x0, 0x0, 0x0, 0x0, 0x0, 0x0, 0x0, 0x0,
    0x0, 0x0, 0x0, 0x3, 0xef, 0xff, 0xb0, 0x0,
    0x0, 0x0, 0x0, 0x0, 0x0, 0x0, 0x0, 0x0,
    0x0, 0x0, 0x0, 0x0, 0x0, 0x3e, 0xff, 0xfb,
    0x0, 0x0, 0x0, 0x0, 0x0, 0x0, 0x0, 0x0,
    0x0, 0x0, 0x0, 0x0, 0x0, 0x0, 0x3, 0xef,
    0xff, 0xb0, 0x0, 0x0, 0x0, 0x0, 0x0, 0x0,
    0x0, 0x0, 0x0, 0x0, 0x0, 0x0, 0x0, 0x0,
    0x3e, 0xff, 0xf4, 0x0, 0x0, 0x0, 0x0, 0x0,
    0x0, 0x0, 0x0, 0x0, 0x0, 0x0, 0x0, 0x0,
    0x0, 0x3, 0xef, 0x60, 0x0, 0x0, 0x0, 0x0,
    0x0, 0x0, 0x0, 0x0, 0x0, 0x0, 0x0, 0x0,
    0x0, 0x0, 0x0, 0x36, 0x0,

    /* U+F0026 "󰀦" */
    0x0, 0x0, 0x0, 0x0, 0x0, 0x0, 0x0, 0x0,
    0x0, 0x0, 0x1, 0x10, 0x0, 0x0, 0x0, 0x0,
    0x0, 0x0, 0x0, 0x0, 0x0, 0x0, 0x0, 0x0,
    0x0, 0x0, 0x0, 0x0, 0x0, 0x0, 0x0, 0x0,
    0xa, 0xa0, 0x0, 0x0, 0x0, 0x0, 0x0, 0x0,
    0x0, 0x0, 0x0, 0x0, 0x0, 0x0, 0x0, 0x0,
    0x0, 0x0, 0x0, 0x0, 0x0, 0x0, 0x3f, 0xf3,
    0x0, 0x0, 0x0, 0x0, 0x0, 0x0, 0x0, 0x0,
    0x0, 0x0, 0x0, 0x0, 0x0, 0x0, 0x0, 0x0,
    0x0, 0x0, 0x0, 0x0, 0xcf, 0xfc, 0x0, 0x0,
    0x0, 0x0, 0x0, 0x0, 0x0, 0x0, 0x0, 0x0,
    0x0, 0x0, 0x0, 0x0, 0x0, 0x0, 0x0, 0x0,
    0x0, 0x5, 0xff, 0xff, 0x50, 0x0, 0x0, 0x0,
    0x0, 0x0, 0x0, 0x0, 0x0, 0x0, 0x0, 0x0,
    0x0, 0x0, 0x0, 0x0, 0x0, 0x0, 0x0, 0xe,
    0xff, 0xff, 0xe0, 0x0, 0x0, 0x0, 0x0, 0x0,
    0x0, 0x0, 0x0, 0x0, 0x0, 0x0, 0x0, 0x0,
    0x0, 0x0, 0x0, 0x0, 0x0, 0x8f, 0xff, 0xff,
    0xf8, 0x0, 0x0, 0x0, 0x0, 0x0, 0x0, 0x0,
    0x0, 0x0, 0x0, 0x0, 0x0, 0x0, 0x0, 0x0,
    0x0, 0x0, 0x2, 0xff, 0xff, 0xff, 0xff, 0x20,
    0x0, 0x0, 0x0, 0x0, 0x0, 0x0, 0x0, 0x0,
    0x0, 0x0, 0x0, 0x0, 0x0, 0x0, 0x0, 0x0,
    0xa, 0xff, 0xff, 0xff, 0xff, 0xa0, 0x0, 0x0,
    0x0, 0x0, 0x0, 0x0, 0x0, 0x0, 0x0, 0x0,
    0x0, 0x0, 0x0, 0x0, 0x0, 0x0, 0x4f, 0xff,
    0xff, 0xff, 0xff, 0xf4, 0x0, 0x0, 0x0, 0x0,
    0x0, 0x0, 0x0, 0x0, 0x0, 0x0, 0x0, 0x0,
    0x0, 0x0, 0x0, 0x0, 0xdf, 0xff, 0xff, 0xff,
    0xff, 0xfd, 0x0, 0x0, 0x0, 0x0, 0x0, 0x0,
    0x0, 0x0, 0x0, 0x0, 0x0, 0x0, 0x0, 0x0,
    0x0, 0x6, 0xff, 0xff, 0xff, 0xff, 0xff, 0xff,
    0x60, 0x0, 0x0, 0x0, 0x0, 0x0, 0x0, 0x0,
    0x0, 0x0, 0x0, 0x0, 0x0, 0x0, 0x0, 0x1e,
    0xff, 0xff, 0xff, 0xff, 0xff, 0xff, 0xe1, 0x0,
    0x0, 0x0, 0x0, 0x0, 0x0, 0x0, 0x0, 0x0,
    0x0, 0x0, 0x0, 0x0, 0x0, 0x8f, 0xff, 0xff,
    0xcc, 0xcc, 0xff, 0xff, 0xf8, 0x0, 0x0, 0x0,
    0x0, 0x0, 0x0, 0x0, 0x0, 0x0, 0x0, 0x0,
    0x0, 0x0, 0x2, 0xff, 0xff, 0xff, 0x10, 0x1,
    0xff, 0xff, 0xff, 0x20, 0x0, 0x0, 0x0, 0x0,
    0x0, 0x0, 0x0, 0x0, 0x0, 0x0, 0x0, 0x0,
    0xb, 0xff, 0xff, 0xff, 0x10, 0x1, 0xff, 0xff,
    0xff, 0xb0, 0x0, 0x0, 0x0, 0x0, 0x0, 0x0,
    0x0, 0x0, 0x0, 0x0, 0x0, 0x0, 0x4f, 0xff,
    0xff, 0xff, 0x10, 0x1, 0xff, 0xff, 0xff, 0xf4,
    0x0, 0x0, 0x0, 0x0, 0x0, 0x0, 0x0, 0x0,
    0x0, 0x0, 0x0, 0x0, 0xdf, 0xff, 0xff, 0xff,
    0x10, 0x1, 0xff, 0xff, 0xff, 0xfd, 0x0, 0x0,
    0x0, 0x0, 0x0, 0x0, 0x0, 0x0, 0x0, 0x0,
    0x0, 0x7, 0xff, 0xff, 0xff, 0xff, 0x10, 0x1,
    0xff, 0xff, 0xff, 0xff, 0x70, 0x0, 0x0, 0x0,
    0x0, 0x0, 0x0, 0x0, 0x0, 0x0, 0x0, 0x1e,
    0xff, 0xff, 0xff, 0xff, 0x10, 0x1, 0xff, 0xff,
    0xff, 0xff, 0xe1, 0x0, 0x0, 0x0, 0x0, 0x0,
    0x0, 0x0, 0x0, 0x0, 0x0, 0x9f, 0xff, 0xff,
    0xff, 0xff, 0x10, 0x1, 0xff, 0xff, 0xff, 0xff,
    0xf9, 0x0, 0x0, 0x0, 0x0, 0x0, 0x0, 0x0,
    0x0, 0x0, 0x2, 0xff, 0xff, 0xff, 0xff, 0xff,
    0x10, 0x1, 0xff, 0xff, 0xff, 0xff, 0xff, 0x20,
    0x0, 0x0, 0x0, 0x0, 0x0, 0x0, 0x0, 0x0,
    0xb, 0xff, 0xff, 0xff, 0xff, 0xff, 0x10, 0x1,
    0xff, 0xff, 0xff, 0xff, 0xff, 0xb0, 0x0, 0x0,
    0x0, 0x0, 0x0, 0x0, 0x0, 0x0, 0x5f, 0xff,
    0xff, 0xff, 0xff, 0xff, 0xa9, 0x9a, 0xff, 0xff,
    0xff, 0xff, 0xff, 0xf5, 0x0, 0x0, 0x0, 0x0,
    0x0, 0x0, 0x0, 0x0, 0xdf, 0xff, 0xff, 0xff,
    0xff, 0xff, 0xff, 0xff, 0xff, 0xff, 0xff, 0xff,
    0xff, 0xfd, 0x0, 0x0, 0x0, 0x0, 0x0, 0x0,
    0x0, 0x7, 0xff, 0xff, 0xff, 0xff, 0xff, 0xff,
    0xff, 0xff, 0xff, 0xff, 0xff, 0xff, 0xff, 0xff,
    0x70, 0x0, 0x0, 0x0, 0x0, 0x0, 0x0, 0x1f,
    0xff, 0xff, 0xff, 0xff, 0xff, 0xff, 0xff, 0xff,
    0xff, 0xff, 0xff, 0xff, 0xff, 0xff, 0xf1, 0x0,
    0x0, 0x0, 0x0, 0x0, 0x0, 0xaf, 0xff, 0xff,
    0xff, 0xff, 0xff, 0xff, 0x42, 0x24, 0xff, 0xff,
    0xff, 0xff, 0xff, 0xff, 0xfa, 0x0, 0x0, 0x0,
    0x0, 0x0, 0x3, 0xff, 0xff, 0xff, 0xff, 0xff,
    0xff, 0xff, 0x10, 0x1, 0xff, 0xff, 0xff, 0xff,
    0xff, 0xff, 0xff, 0x30, 0x0, 0x0, 0x0, 0x0,
    0xc, 0xff, 0xff, 0xff, 0xff, 0xff, 0xff, 0xff,
    0x10, 0x1, 0xff, 0xff, 0xff, 0xff, 0xff, 0xff,
    0xff, 0xc0, 0x0, 0x0, 0x0, 0x0, 0x5f, 0xff,
    0xff, 0xff, 0xff, 0xff, 0xff, 0xff, 0x10, 0x1,
    0xff, 0xff, 0xff, 0xff, 0xff, 0xff, 0xff, 0xf5,
    0x0, 0x0, 0x0, 0x0, 0xef, 0xff, 0xff, 0xff,
    0xff, 0xff, 0xff, 0xff, 0xcb, 0xbc, 0xff, 0xff,
    0xff, 0xff, 0xff, 0xff, 0xff, 0xfe, 0x0, 0x0,
    0x0, 0x8, 0xff, 0xff, 0xff, 0xff, 0xff, 0xff,
    0xff, 0xff, 0xff, 0xff, 0xff, 0xff, 0xff, 0xff,
    0xff, 0xff, 0xff, 0xff, 0x80, 0x0, 0x0, 0x2f,
    0xff, 0xff, 0xff, 0xff, 0xff, 0xff, 0xff, 0xff,
    0xff, 0xff, 0xff, 0xff, 0xff, 0xff, 0xff, 0xff,
    0xff, 0xff, 0xf1, 0x0, 0x0, 0xaf, 0xff, 0xff,
    0xff, 0xff, 0xff, 0xff, 0xff, 0xff, 0xff, 0xff,
    0xff, 0xff, 0xff, 0xff, 0xff, 0xff, 0xff, 0xff,
    0xfa, 0x0, 0x3, 0xff, 0xff, 0xff, 0xff, 0xff,
    0xff, 0xff, 0xff, 0xff, 0xff, 0xff, 0xff, 0xff,
    0xff, 0xff, 0xff, 0xff, 0xff, 0xff, 0xff, 0x30,
    0xc, 0xff, 0xff, 0xff, 0xff, 0xff, 0xff, 0xff,
    0xff, 0xff, 0xff, 0xff, 0xff, 0xff, 0xff, 0xff,
    0xff, 0xff, 0xff, 0xff, 0xff, 0xc0,

    /* U+F0028 "󰀨" */
    0x0, 0x0, 0x0, 0x0, 0x0, 0x0, 0x0, 0x0,
    0x24, 0x67, 0x76, 0x42, 0x0, 0x0, 0x0, 0x0,
    0x0, 0x0, 0x0, 0x0, 0x0, 0x0, 0x0, 0x0,
    0x0, 0x0, 0x5, 0xae, 0xff, 0xff, 0xff, 0xff,
    0xea, 0x50, 0x0, 0x0, 0x0, 0x0, 0x0, 0x0,
    0x0, 0x0, 0x0, 0x0, 0x0, 0x7, 0xef, 0xff,
    0xff, 0xff, 0xff, 0xff, 0xff, 0xfe, 0x70, 0x0,
    0x0, 0x0, 0x0, 0x0, 0x0, 0x0, 0x0, 0x0,
    0x5, 0xef, 0xff, 0xff, 0xff, 0xff, 0xff, 0xff,
    0xff, 0xff, 0xfe, 0x50, 0x0, 0x0, 0x0, 0x0,
    0x0, 0x0, 0x0, 0x0, 0xaf, 0xff, 0xff, 0xff,
    0xff, 0xff, 0xff, 0xff, 0xff, 0xff, 0xff, 0xfa,
    0x0, 0x0, 0x0, 0x0, 0x0, 0x0, 0x0, 0x1c,
    0xff, 0xff, 0xff, 0xff, 0xff, 0xff, 0xff, 0xff,
    0xff, 0xff, 0xff, 0xff, 0xc1, 0x0, 0x0, 0x0,
    0x0, 0x0, 0x1, 0xdf, 0xff, 0xff, 0xff, 0xff,
    0xff, 0xff, 0xff, 0xff, 0xff, 0xff, 0xff, 0xff,
    0xfd, 0x10, 0x0, 0x0, 0x0, 0x0, 0xc, 0xff,
    0xff, 0xff, 0xff, 0xff, 0xff, 0xff, 0xff, 0xff,
    0xff, 0xff, 0xff, 0xff, 0xff, 0xc0, 0x0, 0x0,
    0x0, 0x0, 0x9f, 0xff, 0xff, 0xff, 0xff, 0xff,
    0xff, 0xff, 0xff, 0xff, 0xff, 0xff, 0xff, 0xff,
    0xff, 0xf8, 0x0, 0x0, 0x0, 0x3, 0xff, 0xff,
    0xff, 0xff, 0xff, 0xff, 0xff, 0xff, 0xff, 0xff,
    0xff, 0xff, 0xff, 0xff, 0xff, 0xff, 0x30, 0x0,
    0x0, 0xc, 0xff, 0xff, 0xff, 0xff, 0xff, 0xff,
    0xff, 0x20, 0x2, 0xff, 0xff, 0xff, 0xff, 0xff,
    0xff, 0xff, 0xc0, 0x0, 0x0, 0x4f, 0xff, 0xff,
    0xff, 0xff, 0xff, 0xff, 0xff, 0x10, 0x1, 0xff,
    0xff, 0xff, 0xff, 0xff, 0xff, 0xff, 0xf4, 0x0,
    0x0, 0xbf, 0xff, 0xff, 0xff, 0xff, 0xff, 0xff,
    0xff, 0x10, 0x1, 0xff, 0xff, 0xff, 0xff, 0xff,
    0xff, 0xff, 0xfb, 0x0, 0x1, 0xff, 0xff, 0xff,
    0xff, 0xff, 0xff, 0xff, 0xff, 0x10, 0x1, 0xff,
    0xff, 0xff, 0xff, 0xff, 0xff, 0xff, 0xff, 0x10,
    0x6, 0xff, 0xff, 0xff, 0xff, 0xff, 0xff, 0xff,
    0xff, 0x10, 0x1, 0xff, 0xff, 0xff, 0xff, 0xff,
    0xff, 0xff, 0xff, 0x60, 0xa, 0xff, 0xff, 0xff,
    0xff, 0xff, 0xff, 0xff, 0xff, 0x10, 0x1, 0xff,
    0xff, 0xff, 0xff, 0xff, 0xff, 0xff, 0xff, 0xa0,
    0xd, 0xff, 0xff, 0xff, 0xff, 0xff, 0xff, 0xff,
    0xff, 0x10, 0x1, 0xff, 0xff, 0xff, 0xff, 0xff,
    0xff, 0xff, 0xff, 0xd0, 0xf, 0xff, 0xff, 0xff,
    0xff, 0xff, 0xff, 0xff, 0xff, 0x10, 0x1, 0xff,
    0xff, 0xff, 0xff, 0xff, 0xff, 0xff, 0xff, 0xf0,
    0x1f, 0xff, 0xff, 0xff, 0xff, 0xff, 0xff, 0xff,
    0xff, 0x10, 0x1, 0xff, 0xff, 0xff, 0xff, 0xff,
    0xff, 0xff, 0xff, 0xf1, 0x2f, 0xff, 0xff, 0xff,
    0xff, 0xff, 0xff, 0xff, 0xff, 0x10, 0x1, 0xff,
    0xff, 0xff, 0xff, 0xff, 0xff, 0xff, 0xff, 0xf2,
    0x1f, 0xff, 0xff, 0xff, 0xff, 0xff, 0xff, 0xff,
    0xff, 0x10, 0x1, 0xff, 0xff, 0xff, 0xff, 0xff,
    0xff, 0xff, 0xff, 0xf1, 0xf, 0xff, 0xff, 0xff,
    0xff, 0xff, 0xff, 0xff, 0xff, 0x32, 0x23, 0xff,
    0xff, 0xff, 0xff, 0xff, 0xff, 0xff, 0xff, 0xf0,
    0xe, 0xff, 0xff, 0xff, 0xff, 0xff, 0xff, 0xff,
    0xff, 0xff, 0xff, 0xff, 0xff, 0xff, 0xff, 0xff,
    0xff, 0xff, 0xff, 0xe0, 0xc, 0xff, 0xff, 0xff,
    0xff, 0xff, 0xff, 0xff, 0xff, 0xff, 0xff, 0xff,
    0xff, 0xff, 0xff, 0xff, 0xff, 0xff, 0xff, 0xc0,
    0x8, 0xff, 0xff, 0xff, 0xff, 0xff, 0xff, 0xff,
    0xff, 0xff, 0xff, 0xff, 0xff, 0xff, 0xff, 0xff,
    0xff, 0xff, 0xff, 0x80, 0x4, 0xff, 0xff, 0xff,
    0xff, 0xff, 0xff, 0xff, 0xff, 0xbb, 0xbb, 0xff,
    0xff, 0xff, 0xff, 0xff, 0xff, 0xff, 0xff, 0x40,
    0x0, 0xef, 0xff, 0xff, 0xff, 0xff, 0xff, 0xff,
    0xff, 0x10, 0x1, 0xff, 0xff, 0xff, 0xff, 0xff,
    0xff, 0xff, 0xfe, 0x0, 0x0, 0x8f, 0xff, 0xff,
    0xff, 0xff, 0xff, 0xff, 0xff, 0x10, 0x1, 0xff,
    0xff, 0xff, 0xff, 0xff, 0xff, 0xff, 0xf8, 0x0,
    0x0, 0x1f, 0xff, 0xff, 0xff, 0xff, 0xff, 0xff,
    0xff, 0x10, 0x1, 0xff, 0xff, 0xff, 0xff, 0xff,
    0xff, 0xff, 0xf1, 0x0, 0x0, 0x8, 0xff, 0xff,
    0xff, 0xff, 0xff, 0xff, 0xff, 0x99, 0x99, 0xff,
    0xff, 0xff, 0xff, 0xff, 0xff, 0xff, 0x80, 0x0,
    0x0, 0x0, 0xdf, 0xff, 0xff, 0xff, 0xff, 0xff,
    0xff, 0xff, 0xff, 0xff, 0xff, 0xff, 0xff, 0xff,
    0xff, 0xfd, 0x0, 0x0, 0x0, 0x0, 0x3f, 0xff,
    0xff, 0xff, 0xff, 0xff, 0xff, 0xff, 0xff, 0xff,
    0xff, 0xff, 0xff, 0xff, 0xff, 0xf3, 0x0, 0x0,
    0x0, 0x0, 0x5, 0xff, 0xff, 0xff, 0xff, 0xff,
    0xff, 0xff, 0xff, 0xff, 0xff, 0xff, 0xff, 0xff,
    0xff, 0x50, 0x0, 0x0, 0x0, 0x0, 0x0, 0x6f,
    0xff, 0xff, 0xff, 0xff, 0xff, 0xff, 0xff, 0xff,
    0xff, 0xff, 0xff, 0xff, 0xf6, 0x0, 0x0, 0x0,
    0x0, 0x0, 0x0, 0x5, 0xff, 0xff, 0xff, 0xff,
    0xff, 0xff, 0xff, 0xff, 0xff, 0xff, 0xff, 0xff,
    0x50, 0x0, 0x0, 0x0, 0x0, 0x0, 0x0, 0x0,
    0x2d, 0xff, 0xff, 0xff, 0xff, 0xff, 0xff, 0xff,
    0xff, 0xff, 0xff, 0xd2, 0x0, 0x0, 0x0, 0x0,
    0x0, 0x0, 0x0, 0x0, 0x0, 0x7e, 0xff, 0xff,
    0xff, 0xff, 0xff, 0xff, 0xff, 0xff, 0xe7, 0x0,
    0x0, 0x0, 0x0, 0x0, 0x0, 0x0, 0x0, 0x0,
    0x0, 0x0, 0x6c, 0xff, 0xff, 0xff, 0xff, 0xff,
    0xff, 0xc6, 0x0, 0x0, 0x0, 0x0, 0x0, 0x0,
    0x0, 0x0, 0x0, 0x0, 0x0, 0x0, 0x0, 0x26,
    0x9c, 0xee, 0xee, 0xc9, 0x62, 0x0, 0x0, 0x0,
    0x0, 0x0, 0x0, 0x0,

    /* U+F0079 "󰁹" */
    0x0, 0x0, 0x0, 0x55, 0x55, 0x55, 0x55, 0x55,
    0x52, 0x0, 0x0, 0x0, 0x0, 0x0, 0x0, 0xff,
    0xff, 0xff, 0xff, 0xff, 0xf8, 0x0, 0x0, 0x0,
    0x0, 0x0, 0x0, 0xff, 0xff, 0xff, 0xff, 0xff,
    0xf8, 0x0, 0x0, 0x0, 0x0, 0x0, 0x0, 0xff,
    0xff, 0xff, 0xff, 0xff, 0xf8, 0x0, 0x0, 0x0,
    0x2, 0x78, 0x88, 0xff, 0xff, 0xff, 0xff, 0xff,
    0xfc, 0x88, 0x85, 0x0, 0x2f, 0xff, 0xff, 0xff,
    0xff, 0xff, 0xff, 0xff, 0xff, 0xff, 0xff, 0xb0,
    0x9f, 0xff, 0xff, 0xff, 0xff, 0xff, 0xff, 0xff,
    0xff, 0xff, 0xff, 0xf2, 0xbf, 0xff, 0xff, 0xff,
    0xff, 0xff, 0xff, 0xff, 0xff, 0xff, 0xff, 0xf4,
    0xbf, 0xff, 0xff, 0xff, 0xff, 0xff, 0xff, 0xff,
    0xff, 0xff, 0xff, 0xf4, 0xbf, 0xff, 0xff, 0xff,
    0xff, 0xff, 0xff, 0xff, 0xff, 0xff, 0xff, 0xf4,
    0xbf, 0xff, 0xff, 0xff, 0xff, 0xff, 0xff, 0xff,
    0xff, 0xff, 0xff, 0xf4, 0xbf, 0xff, 0xff, 0xff,
    0xff, 0xff, 0xff, 0xff, 0xff, 0xff, 0xff, 0xf4,
    0xbf, 0xff, 0xff, 0xff, 0xff, 0xff, 0xff, 0xff,
    0xff, 0xff, 0xff, 0xf4, 0xbf, 0xff, 0xff, 0xff,
    0xff, 0xff, 0xff, 0xff, 0xff, 0xff, 0xff, 0xf4,
    0xbf, 0xff, 0xff, 0xff, 0xff, 0xff, 0xff, 0xff,
    0xff, 0xff, 0xff, 0xf4, 0xbf, 0xff, 0xff, 0xff,
    0xff, 0xff, 0xff, 0xff, 0xff, 0xff, 0xff, 0xf4,
    0xbf, 0xff, 0xff, 0xff, 0xff, 0xff, 0xff, 0xff,
    0xff, 0xff, 0xff, 0xf4, 0xbf, 0xff, 0xff, 0xff,
    0xff, 0xff, 0xff, 0xff, 0xff, 0xff, 0xff, 0xf4,
    0xbf, 0xff, 0xff, 0xff, 0xff, 0xff, 0xff, 0xff,
    0xff, 0xff, 0xff, 0xf4, 0xbf, 0xff, 0xff, 0xff,
    0xff, 0xff, 0xff, 0xff, 0xff, 0xff, 0xff, 0xf4,
    0xbf, 0xff, 0xff, 0xff, 0xff, 0xff, 0xff, 0xff,
    0xff, 0xff, 0xff, 0xf4, 0xbf, 0xff, 0xff, 0xff,
    0xff, 0xff, 0xff, 0xff, 0xff, 0xff, 0xff, 0xf4,
    0xbf, 0xff, 0xff, 0xff, 0xff, 0xff, 0xff, 0xff,
    0xff, 0xff, 0xff, 0xf4, 0xbf, 0xff, 0xff, 0xff,
    0xff, 0xff, 0xff, 0xff, 0xff, 0xff, 0xff, 0xf4,
    0xbf, 0xff, 0xff, 0xff, 0xff, 0xff, 0xff, 0xff,
    0xff, 0xff, 0xff, 0xf4, 0xbf, 0xff, 0xff, 0xff,
    0xff, 0xff, 0xff, 0xff, 0xff, 0xff, 0xff, 0xf4,
    0xbf, 0xff, 0xff, 0xff, 0xff, 0xff, 0xff, 0xff,
    0xff, 0xff, 0xff, 0xf4, 0xbf, 0xff, 0xff, 0xff,
    0xff, 0xff, 0xff, 0xff, 0xff, 0xff, 0xff, 0xf4,
    0xbf, 0xff, 0xff, 0xff, 0xff, 0xff, 0xff, 0xff,
    0xff, 0xff, 0xff, 0xf4, 0xbf, 0xff, 0xff, 0xff,
    0xff, 0xff, 0xff, 0xff, 0xff, 0xff, 0xff, 0xf4,
    0xbf, 0xff, 0xff, 0xff, 0xff, 0xff, 0xff, 0xff,
    0xff, 0xff, 0xff, 0xf4, 0xbf, 0xff, 0xff, 0xff,
    0xff, 0xff, 0xff, 0xff, 0xff, 0xff, 0xff, 0xf4,
    0xbf, 0xff, 0xff, 0xff, 0xff, 0xff, 0xff, 0xff,
    0xff, 0xff, 0xff, 0xf4, 0xbf, 0xff, 0xff, 0xff,
    0xff, 0xff, 0xff, 0xff, 0xff, 0xff, 0xff, 0xf4,
    0xbf, 0xff, 0xff, 0xff, 0xff, 0xff, 0xff, 0xff,
    0xff, 0xff, 0xff, 0xf4, 0xbf, 0xff, 0xff, 0xff,
    0xff, 0xff, 0xff, 0xff, 0xff, 0xff, 0xff, 0xf4,
    0xbf, 0xff, 0xff, 0xff, 0xff, 0xff, 0xff, 0xff,
    0xff, 0xff, 0xff, 0xf4, 0x6f, 0xff, 0xff, 0xff,
    0xff, 0xff, 0xff, 0xff, 0xff, 0xff, 0xff, 0xe0,
    0x8, 0xef, 0xff, 0xff, 0xff, 0xff, 0xff, 0xff,
    0xff, 0xff, 0xfc, 0x30,

    /* U+F007A "󰁺" */
    0x0, 0x0, 0x0, 0x99, 0x99, 0x99, 0x99, 0x99,
    0x95, 0x0, 0x0, 0x0, 0x0, 0x0, 0x0, 0xff,
    0xff, 0xff, 0xff, 0xff, 0xf8, 0x0, 0x0, 0x0,
    0x0, 0x0, 0x0, 0xff, 0xff, 0xff, 0xff, 0xff,
    0xf8, 0x0, 0x0, 0x0, 0x0, 0x0, 0x0, 0xff,
    0xff, 0xff, 0xff, 0xff, 0xf8, 0x0, 0x0, 0x0,
    0x5, 0xbc, 0xcc, 0xff, 0xff, 0xff, 0xff, 0xff,
    0xfe, 0xcc, 0xc9, 0x0, 0x5f, 0xff, 0xff, 0xff,
    0xff, 0xff, 0xff, 0xff, 0xff, 0xff, 0xff, 0xa0,
    0xaf, 0xff, 0xff, 0xff, 0xff, 0xff, 0xff, 0xff,
    0xff, 0xff, 0xff, 0xf0, 0xbf, 0xff, 0xff, 0xff,
    0xff, 0xff, 0xff, 0xff, 0xff, 0xff, 0xff, 0xf1,
    0xbf, 0xff, 0x20, 0x0, 0x0, 0x0, 0x0, 0x0,
    0x0, 0xc, 0xff, 0xf1, 0xbf, 0xff, 0x20, 0x0,
    0x0, 0x0, 0x0, 0x0, 0x0, 0xc, 0xff, 0xf1,
    0xbf, 0xff, 0x20, 0x0, 0x0, 0x0, 0x0, 0x0,
    0x0, 0xc, 0xff, 0xf1, 0xbf, 0xff, 0x20, 0x0,
    0x0, 0x0, 0x0, 0x0, 0x0, 0xc, 0xff, 0xf1,
    0xbf, 0xff, 0x20, 0x0, 0x0, 0x0, 0x0, 0x0,
    0x0, 0xc, 0xff, 0xf1, 0xbf, 0xff, 0x20, 0x0,
    0x0, 0x0, 0x0, 0x0, 0x0, 0xc, 0xff, 0xf1,
    0xbf, 0xff, 0x20, 0x0, 0x0, 0x0, 0x0, 0x0,
    0x0, 0xc, 0xff, 0xf1, 0xbf, 0xff, 0x20, 0x0,
    0x0, 0x0, 0x0, 0x0, 0x0, 0xc, 0xff, 0xf1,
    0xbf, 0xff, 0x20, 0x0, 0x0, 0x0, 0x0, 0x0,
    0x0, 0xc, 0xff, 0xf1, 0xbf, 0xff, 0x20, 0x0,
    0x0, 0x0, 0x0, 0x0, 0x0, 0xc, 0xff, 0xf1,
    0xbf, 0xff, 0x20, 0x0, 0x0, 0x0, 0x0, 0x0,
    0x0, 0xc, 0xff, 0xf1, 0xbf, 0xff, 0x20, 0x0,
    0x0, 0x0, 0x0, 0x0, 0x0, 0xc, 0xff, 0xf1,
    0xbf, 0xff, 0x20, 0x0, 0x0, 0x0, 0x0, 0x0,
    0x0, 0xc, 0xff, 0xf1, 0xbf, 0xff, 0x20, 0x0,
    0x0, 0x0, 0x0, 0x0, 0x0, 0xc, 0xff, 0xf1,
    0xbf, 0xff, 0x20, 0x0, 0x0, 0x0, 0x0, 0x0,
    0x0, 0xc, 0xff, 0xf1, 0xbf, 0xff, 0x20, 0x0,
    0x0, 0x0, 0x0, 0x0, 0x0, 0xc, 0xff, 0xf1,
    0xbf, 0xff, 0x20, 0x0, 0x0, 0x0, 0x0, 0x0,
    0x0, 0xc, 0xff, 0xf1, 0xbf, 0xff, 0x20, 0x0,
    0x0, 0x0, 0x0, 0x0, 0x0, 0xc, 0xff, 0xf1,
    0xbf, 0xff, 0x20, 0x0, 0x0, 0x0, 0x0, 0x0,
    0x0, 0xc, 0xff, 0xf1, 0xbf, 0xff, 0x20, 0x0,
    0x0, 0x0, 0x0, 0x0, 0x0, 0xc, 0xff, 0xf1,
    0xbf, 0xff, 0x20, 0x0, 0x0, 0x0, 0x0, 0x0,
    0x0, 0xc, 0xff, 0xf1, 0xbf, 0xff, 0x20, 0x0,
    0x0, 0x0, 0x0, 0x0, 0x0, 0xc, 0xff, 0xf1,
    0xbf, 0xff, 0x20, 0x0, 0x0, 0x0, 0x0, 0x0,
    0x0, 0xc, 0xff, 0xf1, 0xbf, 0xff, 0xba, 0xaa,
    0xaa, 0xaa, 0xaa, 0xaa, 0xaa, 0xae, 0xff, 0xf1,
    0xbf, 0xff, 0xff, 0xff, 0xff, 0xff, 0xff, 0xff,
    0xff, 0xff, 0xff, 0xf1, 0xbf, 0xff, 0xff, 0xff,
    0xff, 0xff, 0xff, 0xff, 0xff, 0xff, 0xff, 0xf1,
    0xbf, 0xff, 0xff, 0xff, 0xff, 0xff, 0xff, 0xff,
    0xff, 0xff, 0xff, 0xf1, 0xbf, 0xff, 0xff, 0xff,
    0xff, 0xff, 0xff, 0xff, 0xff, 0xff, 0xff, 0xf1,
    0xbf, 0xff, 0xff, 0xff, 0xff, 0xff, 0xff, 0xff,
    0xff, 0xff, 0xff, 0xf0, 0x6f, 0xff, 0xff, 0xff,
    0xff, 0xff, 0xff, 0xff, 0xff, 0xff, 0xff, 0xc0,
    0x8, 0xef, 0xff, 0xff, 0xff, 0xff, 0xff, 0xff,
    0xff, 0xff, 0xeb, 0x10,

    /* U+F007C "󰁼" */
    0x0, 0x0, 0x0, 0x99, 0x99, 0x99, 0x99, 0x99,
    0x95, 0x0, 0x0, 0x0, 0x0, 0x0, 0x0, 0xff,
    0xff, 0xff, 0xff, 0xff, 0xf8, 0x0, 0x0, 0x0,
    0x0, 0x0, 0x0, 0xff, 0xff, 0xff, 0xff, 0xff,
    0xf8, 0x0, 0x0, 0x0, 0x0, 0x0, 0x0, 0xff,
    0xff, 0xff, 0xff, 0xff, 0xf8, 0x0, 0x0, 0x0,
    0x5, 0xbc, 0xcc, 0xff, 0xff, 0xff, 0xff, 0xff,
    0xfe, 0xcc, 0xc9, 0x0, 0x5f, 0xff, 0xff, 0xff,
    0xff, 0xff, 0xff, 0xff, 0xff, 0xff, 0xff, 0xa0,
    0xaf, 0xff, 0xff, 0xff, 0xff, 0xff, 0xff, 0xff,
    0xff, 0xff, 0xff, 0xf0, 0xbf, 0xff, 0xff, 0xff,
    0xff, 0xff, 0xff, 0xff, 0xff, 0xff, 0xff, 0xf1,
    0xbf, 0xff, 0x20, 0x0, 0x0, 0x0, 0x0, 0x0,
    0x0, 0xc, 0xff, 0xf1, 0xbf, 0xff, 0x20, 0x0,
    0x0, 0x0, 0x0, 0x0, 0x0, 0xc, 0xff, 0xf1,
    0xbf, 0xff, 0x20, 0x0, 0x0, 0x0, 0x0, 0x0,
    0x0, 0xc, 0xff, 0xf1, 0xbf, 0xff, 0x20, 0x0,
    0x0, 0x0, 0x0, 0x0, 0x0, 0xc, 0xff, 0xf1,
    0xbf, 0xff, 0x20, 0x0, 0x0, 0x0, 0x0, 0x0,
    0x0, 0xc, 0xff, 0xf1, 0xbf, 0xff, 0x20, 0x0,
    0x0, 0x0, 0x0, 0x0, 0x0, 0xc, 0xff, 0xf1,
    0xbf, 0xff, 0x20, 0x0, 0x0, 0x0, 0x0, 0x0,
    0x0, 0xc, 0xff, 0xf1, 0xbf, 0xff, 0x20, 0x0,
    0x0, 0x0, 0x0, 0x0, 0x0, 0xc, 0xff, 0xf1,
    0xbf, 0xff, 0x20, 0x0, 0x0, 0x0, 0x0, 0x0,
    0x0, 0xc, 0xff, 0xf1, 0xbf, 0xff, 0x20, 0x0,
    0x0, 0x0, 0x0, 0x0, 0x0, 0xc, 0xff, 0xf1,
    0xbf, 0xff, 0x20, 0x0, 0x0, 0x0, 0x0, 0x0,
    0x0, 0xc, 0xff, 0xf1, 0xbf, 0xff, 0x20, 0x0,
    0x0, 0x0, 0x0, 0x0, 0x0, 0xc, 0xff, 0xf1,
    0xbf, 0xff, 0x20, 0x0, 0x0, 0x0, 0x0, 0x0,
    0x0, 0xc, 0xff, 0xf1, 0xbf, 0xff, 0x20, 0x0,
    0x0, 0x0, 0x0, 0x0, 0x0, 0xc, 0xff, 0xf1,
    0xbf, 0xff, 0x20, 0x0, 0x0, 0x0, 0x0, 0x0,
    0x0, 0xc, 0xff, 0xf1, 0xbf, 0xff, 0x20, 0x0,
    0x0, 0x0, 0x0, 0x0, 0x0, 0xc, 0xff, 0xf1,
    0xbf, 0xff, 0x20, 0x0, 0x0, 0x0, 0x0, 0x0,
    0x0, 0xc, 0xff, 0xf1, 0xbf, 0xff, 0x86, 0x66,
    0x66, 0x66, 0x66, 0x66, 0x66, 0x6e, 0xff, 0xf1,
    0xbf, 0xff, 0xff, 0xff, 0xff, 0xff, 0xff, 0xff,
    0xff, 0xff, 0xff, 0xf1, 0xbf, 0xff, 0xff, 0xff,
    0xff, 0xff, 0xff, 0xff, 0xff, 0xff, 0xff, 0xf1,
    0xbf, 0xff, 0xff, 0xff, 0xff, 0xff, 0xff, 0xff,
    0xff, 0xff, 0xff, 0xf1, 0xbf, 0xff, 0xff, 0xff,
    0xff, 0xff, 0xff, 0xff, 0xff, 0xff, 0xff, 0xf1,
    0xbf, 0xff, 0xff, 0xff, 0xff, 0xff, 0xff, 0xff,
    0xff, 0xff, 0xff, 0xf1, 0xbf, 0xff, 0xff, 0xff,
    0xff, 0xff, 0xff, 0xff, 0xff, 0xff, 0xff, 0xf1,
    0xbf, 0xff, 0xff, 0xff, 0xff, 0xff, 0xff, 0xff,
    0xff, 0xff, 0xff, 0xf1, 0xbf, 0xff, 0xff, 0xff,
    0xff, 0xff, 0xff, 0xff, 0xff, 0xff, 0xff, 0xf1,
    0xbf, 0xff, 0xff, 0xff, 0xff, 0xff, 0xff, 0xff,
    0xff, 0xff, 0xff, 0xf1, 0xbf, 0xff, 0xff, 0xff,
    0xff, 0xff, 0xff, 0xff, 0xff, 0xff, 0xff, 0xf1,
    0xbf, 0xff, 0xff, 0xff, 0xff, 0xff, 0xff, 0xff,
    0xff, 0xff, 0xff, 0xf0, 0x6f, 0xff, 0xff, 0xff,
    0xff, 0xff, 0xff, 0xff, 0xff, 0xff, 0xff, 0xc0,
    0x8, 0xef, 0xff, 0xff, 0xff, 0xff, 0xff, 0xff,
    0xff, 0xff, 0xeb, 0x10,

    /* U+F007E "󰁾" */
    0x0, 0x0, 0x0, 0x99, 0x99, 0x99, 0x99, 0x99,
    0x95, 0x0, 0x0, 0x0, 0x0, 0x0, 0x0, 0xff,
    0xff, 0xff, 0xff, 0xff, 0xf8, 0x0, 0x0, 0x0,
    0x0, 0x0, 0x0, 0xff, 0xff, 0xff, 0xff, 0xff,
    0xf8, 0x0, 0x0, 0x0, 0x0, 0x0, 0x0, 0xff,
    0xff, 0xff, 0xff, 0xff, 0xf8, 0x0, 0x0, 0x0,
    0x5, 0xbc, 0xcc, 0xff, 0xff, 0xff, 0xff, 0xff,
    0xfe, 0xcc, 0xc9, 0x0, 0x5f, 0xff, 0xff, 0xff,
    0xff, 0xff, 0xff, 0xff, 0xff, 0xff, 0xff, 0xa0,
    0xaf, 0xff, 0xff, 0xff, 0xff, 0xff, 0xff, 0xff,
    0xff, 0xff, 0xff, 0xf0, 0xbf, 0xff, 0xff, 0xff,
    0xff, 0xff, 0xff, 0xff, 0xff, 0xff, 0xff, 0xf1,
    0xbf, 0xff, 0x20, 0x0, 0x0, 0x0, 0x0, 0x0,
    0x0, 0xc, 0xff, 0xf1, 0xbf, 0xff, 0x20, 0x0,
    0x0, 0x0, 0x0, 0x0, 0x0, 0xc, 0xff, 0xf1,
    0xbf, 0xff, 0x20, 0x0, 0x0, 0x0, 0x0, 0x0,
    0x0, 0xc, 0xff, 0xf1, 0xbf, 0xff, 0x20, 0x0,
    0x0, 0x0, 0x0, 0x0, 0x0, 0xc, 0xff, 0xf1,
    0xbf, 0xff, 0x20, 0x0, 0x0, 0x0, 0x0, 0x0,
    0x0, 0xc, 0xff, 0xf1, 0xbf, 0xff, 0x20, 0x0,
    0x0, 0x0, 0x0, 0x0, 0x0, 0xc, 0xff, 0xf1,
    0xbf, 0xff, 0x20, 0x0, 0x0, 0x0, 0x0, 0x0,
    0x0, 0xc, 0xff, 0xf1, 0xbf, 0xff, 0x20, 0x0,
    0x0, 0x0, 0x0, 0x0, 0x0, 0xc, 0xff, 0xf1,
    0xbf, 0xff, 0x20, 0x0, 0x0, 0x0, 0x0, 0x0,
    0x0, 0xc, 0xff, 0xf1, 0xbf, 0xff, 0x20, 0x0,
    0x0, 0x0, 0x0, 0x0, 0x0, 0xc, 0xff, 0xf1,
    0xbf, 0xff, 0x20, 0x0, 0x0, 0x0, 0x0, 0x0,
    0x0, 0xc, 0xff, 0xf1, 0xbf, 0xff, 0x20, 0x0,
    0x0, 0x0, 0x0, 0x0, 0x0, 0xc, 0xff, 0xf1,
    0xbf, 0xff, 0x20, 0x0, 0x0, 0x0, 0x0, 0x0,
    0x0, 0xc, 0xff, 0xf1, 0xbf, 0xff, 0x64, 0x44,
    0x44, 0x44, 0x44, 0x44, 0x44, 0x4d, 0xff, 0xf1,
    0xbf, 0xff, 0xff, 0xff, 0xff, 0xff, 0xff, 0xff,
    0xff, 0xff, 0xff, 0xf1, 0xbf, 0xff, 0xff, 0xff,
    0xff, 0xff, 0xff, 0xff, 0xff, 0xff, 0xff, 0xf1,
    0xbf, 0xff, 0xff, 0xff, 0xff, 0xff, 0xff, 0xff,
    0xff, 0xff, 0xff, 0xf1, 0xbf, 0xff, 0xff, 0xff,
    0xff, 0xff, 0xff, 0xff, 0xff, 0xff, 0xff, 0xf1,
    0xbf, 0xff, 0xff, 0xff, 0xff, 0xff, 0xff, 0xff,
    0xff, 0xff, 0xff, 0xf1, 0xbf, 0xff, 0xff, 0xff,
    0xff, 0xff, 0xff, 0xff, 0xff, 0xff, 0xff, 0xf1,
    0xbf, 0xff, 0xff, 0xff, 0xff, 0xff, 0xff, 0xff,
    0xff, 0xff, 0xff, 0xf1, 0xbf, 0xff, 0xff, 0xff,
    0xff, 0xff, 0xff, 0xff, 0xff, 0xff, 0xff, 0xf1,
    0xbf, 0xff, 0xff, 0xff, 0xff, 0xff, 0xff, 0xff,
    0xff, 0xff, 0xff, 0xf1, 0xbf, 0xff, 0xff, 0xff,
    0xff, 0xff, 0xff, 0xff, 0xff, 0xff, 0xff, 0xf1,
    0xbf, 0xff, 0xff, 0xff, 0xff, 0xff, 0xff, 0xff,
    0xff, 0xff, 0xff, 0xf1, 0xbf, 0xff, 0xff, 0xff,
    0xff, 0xff, 0xff, 0xff, 0xff, 0xff, 0xff, 0xf1,
    0xbf, 0xff, 0xff, 0xff, 0xff, 0xff, 0xff, 0xff,
    0xff, 0xff, 0xff, 0xf1, 0xbf, 0xff, 0xff, 0xff,
    0xff, 0xff, 0xff, 0xff, 0xff, 0xff, 0xff, 0xf1,
    0xbf, 0xff, 0xff, 0xff, 0xff, 0xff, 0xff, 0xff,
    0xff, 0xff, 0xff, 0xf0, 0x6f, 0xff, 0xff, 0xff,
    0xff, 0xff, 0xff, 0xff, 0xff, 0xff, 0xff, 0xc0,
    0x8, 0xef, 0xff, 0xff, 0xff, 0xff, 0xff, 0xff,
    0xff, 0xff, 0xeb, 0x10,

    /* U+F0080 "󰂀" */
    0x0, 0x0, 0x0, 0x99, 0x99, 0x99, 0x99, 0x99,
    0x95, 0x0, 0x0, 0x0, 0x0, 0x0, 0x0, 0xff,
    0xff, 0xff, 0xff, 0xff, 0xf8, 0x0, 0x0, 0x0,
    0x0, 0x0, 0x0, 0xff, 0xff, 0xff, 0xff, 0xff,
    0xf8, 0x0, 0x0, 0x0, 0x0, 0x0, 0x0, 0xff,
    0xff, 0xff, 0xff, 0xff, 0xf8, 0x0, 0x0, 0x0,
    0x5, 0xbc, 0xcc, 0xff, 0xff, 0xff, 0xff, 0xff,
    0xfe, 0xcc, 0xc9, 0x0, 0x5f, 0xff, 0xff, 0xff,
    0xff, 0xff, 0xff, 0xff, 0xff, 0xff, 0xff, 0xa0,
    0xaf, 0xff, 0xff, 0xff, 0xff, 0xff, 0xff, 0xff,
    0xff, 0xff, 0xff, 0xf0, 0xbf, 0xff, 0xff, 0xff,
    0xff, 0xff, 0xff, 0xff, 0xff, 0xff, 0xff, 0xf1,
    0xbf, 0xff, 0x20, 0x0, 0x0, 0x0, 0x0, 0x0,
    0x0, 0xc, 0xff, 0xf1, 0xbf, 0xff, 0x20, 0x0,
    0x0, 0x0, 0x0, 0x0, 0x0, 0xc, 0xff, 0xf1,
    0xbf, 0xff, 0x20, 0x0, 0x0, 0x0, 0x0, 0x0,
    0x0, 0xc, 0xff, 0xf1, 0xbf, 0xff, 0x20, 0x0,
    0x0, 0x0, 0x0, 0x0, 0x0, 0xc, 0xff, 0xf1,
    0xbf, 0xff, 0x20, 0x0, 0x0, 0x0, 0x0, 0x0,
    0x0, 0xc, 0xff, 0xf1, 0xbf, 0xff, 0x20, 0x0,
    0x0, 0x0, 0x0, 0x0, 0x0, 0xc, 0xff, 0xf1,
    0xbf, 0xff, 0x20, 0x0, 0x0, 0x0, 0x0, 0x0,
    0x0, 0xc, 0xff, 0xf1, 0xbf, 0xff, 0x20, 0x0,
    0x0, 0x0, 0x0, 0x0, 0x0, 0xc, 0xff, 0xf1,
    0xbf, 0xff, 0xff, 0xff, 0xff, 0xff, 0xff, 0xff,
    0xff, 0xff, 0xff, 0xf1, 0xbf, 0xff, 0xff, 0xff,
    0xff, 0xff, 0xff, 0xff, 0xff, 0xff, 0xff, 0xf1,
    0xbf, 0xff, 0xff, 0xff, 0xff, 0xff, 0xff, 0xff,
    0xff, 0xff, 0xff, 0xf1, 0xbf, 0xff, 0xff, 0xff,
    0xff, 0xff, 0xff, 0xff, 0xff, 0xff, 0xff, 0xf1,
    0xbf, 0xff, 0xff, 0xff, 0xff, 0xff, 0xff, 0xff,
    0xff, 0xff, 0xff, 0xf1, 0xbf, 0xff, 0xff, 0xff,
    0xff, 0xff, 0xff, 0xff, 0xff, 0xff, 0xff, 0xf1,
    0xbf, 0xff, 0xff, 0xff, 0xff, 0xff, 0xff, 0xff,
    0xff, 0xff, 0xff, 0xf1, 0xbf, 0xff, 0xff, 0xff,
    0xff, 0xff, 0xff, 0xff, 0xff, 0xff, 0xff, 0xf1,
    0xbf, 0xff, 0xff, 0xff, 0xff, 0xff, 0xff, 0xff,
    0xff, 0xff, 0xff, 0xf1, 0xbf, 0xff, 0xff, 0xff,
    0xff, 0xff, 0xff, 0xff, 0xff, 0xff, 0xff, 0xf1,
    0xbf, 0xff, 0xff, 0xff, 0xff, 0xff, 0xff, 0xff,
    0xff, 0xff, 0xff, 0xf1, 0xbf, 0xff, 0xff, 0xff,
    0xff, 0xff, 0xff, 0xff, 0xff, 0xff, 0xff, 0xf1,
    0xbf, 0xff, 0xff, 0xff, 0xff, 0xff, 0xff, 0xff,
    0xff, 0xff, 0xff, 0xf1, 0xbf, 0xff, 0xff, 0xff,
    0xff, 0xff, 0xff, 0xff, 0xff, 0xff, 0xff, 0xf1,
    0xbf, 0xff, 0xff, 0xff, 0xff, 0xff, 0xff, 0xff,
    0xff, 0xff, 0xff, 0xf1, 0xbf, 0xff, 0xff, 0xff,
    0xff, 0xff, 0xff, 0xff, 0xff, 0xff, 0xff, 0xf1,
    0xbf, 0xff, 0xff, 0xff, 0xff, 0xff, 0xff, 0xff,
    0xff, 0xff, 0xff, 0xf1, 0xbf, 0xff, 0xff, 0xff,
    0xff, 0xff, 0xff, 0xff, 0xff, 0xff, 0xff, 0xf1,
    0xbf, 0xff, 0xff, 0xff, 0xff, 0xff, 0xff, 0xff,
    0xff, 0xff, 0xff, 0xf1, 0xbf, 0xff, 0xff, 0xff,
    0xff, 0xff, 0xff, 0xff, 0xff, 0xff, 0xff, 0xf1,
    0xbf, 0xff, 0xff, 0xff, 0xff, 0xff, 0xff, 0xff,
    0xff, 0xff, 0xff, 0xf0, 0x6f, 0xff, 0xff, 0xff,
    0xff, 0xff, 0xff, 0xff, 0xff, 0xff, 0xff, 0xc0,
    0x8, 0xef, 0xff, 0xff, 0xff, 0xff, 0xff, 0xff,
    0xff, 0xff, 0xeb, 0x10,

    /* U+F0082 "󰂂" */
    0x0, 0x0, 0x0, 0x99, 0x99, 0x99, 0x99, 0x99,
    0x95, 0x0, 0x0, 0x0, 0x0, 0x0, 0x0, 0xff,
    0xff, 0xff, 0xff, 0xff, 0xf8, 0x0, 0x0, 0x0,
    0x0, 0x0, 0x0, 0xff, 0xff, 0xff, 0xff, 0xff,
    0xf8, 0x0, 0x0, 0x0, 0x0, 0x0, 0x0, 0xff,
    0xff, 0xff, 0xff, 0xff, 0xf8, 0x0, 0x0, 0x0,
    0x5, 0xbc, 0xcc, 0xff, 0xff, 0xff, 0xff, 0xff,
    0xfe, 0xcc, 0xc9, 0x0, 0x5f, 0xff, 0xff, 0xff,
    0xff, 0xff, 0xff, 0xff, 0xff, 0xff, 0xff, 0xa0,
    0xaf, 0xff, 0xff, 0xff, 0xff, 0xff, 0xff, 0xff,
    0xff, 0xff, 0xff, 0xf0, 0xbf, 0xff, 0xff, 0xff,
    0xff, 0xff, 0xff, 0xff, 0xff, 0xff, 0xff, 0xf1,
    0xbf, 0xff, 0x20, 0x0, 0x0, 0x0, 0x0, 0x0,
    0x0, 0xc, 0xff, 0xf1, 0xbf, 0xff, 0x20, 0x0,
    0x0, 0x0, 0x0, 0x0, 0x0, 0xc, 0xff, 0xf1,
    0xbf, 0xff, 0x20, 0x0, 0x0, 0x0, 0x0, 0x0,
    0x0, 0xc, 0xff, 0xf1, 0xbf, 0xff, 0x20, 0x0,
    0x0, 0x0, 0x0, 0x0, 0x0, 0xc, 0xff, 0xf1,
    0xbf, 0xff, 0xdd, 0xdd, 0xdd, 0xdd, 0xdd, 0xdd,
    0xdd, 0xdf, 0xff, 0xf1, 0xbf, 0xff, 0xff, 0xff,
    0xff, 0xff, 0xff, 0xff, 0xff, 0xff, 0xff, 0xf1,
    0xbf, 0xff, 0xff, 0xff, 0xff, 0xff, 0xff, 0xff,
    0xff, 0xff, 0xff, 0xf1, 0xbf, 0xff, 0xff, 0xff,
    0xff, 0xff, 0xff, 0xff, 0xff, 0xff, 0xff, 0xf1,
    0xbf, 0xff, 0xff, 0xff, 0xff, 0xff, 0xff, 0xff,
    0xff, 0xff, 0xff, 0xf1, 0xbf, 0xff, 0xff, 0xff,
    0xff, 0xff, 0xff, 0xff, 0xff, 0xff, 0xff, 0xf1,
    0xbf, 0xff, 0xff, 0xff, 0xff, 0xff, 0xff, 0xff,
    0xff, 0xff, 0xff, 0xf1, 0xbf, 0xff, 0xff, 0xff,
    0xff, 0xff, 0xff, 0xff, 0xff, 0xff, 0xff, 0xf1,
    0xbf, 0xff, 0xff, 0xff, 0xff, 0xff, 0xff, 0xff,
    0xff, 0xff, 0xff, 0xf1, 0xbf, 0xff, 0xff, 0xff,
    0xff, 0xff, 0xff, 0xff, 0xff, 0xff, 0xff, 0xf1,
    0xbf, 0xff, 0xff, 0xff, 0xff, 0xff, 0xff, 0xff,
    0xff, 0xff, 0xff, 0xf1, 0xbf, 0xff, 0xff, 0xff,
    0xff, 0xff, 0xff, 0xff, 0xff, 0xff, 0xff, 0xf1,
    0xbf, 0xff, 0xff, 0xff, 0xff, 0xff, 0xff, 0xff,
    0xff, 0xff, 0xff, 0xf1, 0xbf, 0xff, 0xff, 0xff,
    0xff, 0xff, 0xff, 0xff, 0xff, 0xff, 0xff, 0xf1,
    0xbf, 0xff, 0xff, 0xff, 0xff, 0xff, 0xff, 0xff,
    0xff, 0xff, 0xff, 0xf1, 0xbf, 0xff, 0xff, 0xff,
    0xff, 0xff, 0xff, 0xff, 0xff, 0xff, 0xff, 0xf1,
    0xbf, 0xff, 0xff, 0xff, 0xff, 0xff, 0xff, 0xff,
    0xff, 0xff, 0xff, 0xf1, 0xbf, 0xff, 0xff, 0xff,
    0xff, 0xff, 0xff, 0xff, 0xff, 0xff, 0xff, 0xf1,
    0xbf, 0xff, 0xff, 0xff, 0xff, 0xff, 0xff, 0xff,
    0xff, 0xff, 0xff, 0xf1, 0xbf, 0xff, 0xff, 0xff,
    0xff, 0xff, 0xff, 0xff, 0xff, 0xff, 0xff, 0xf1,
    0xbf, 0xff, 0xff, 0xff, 0xff, 0xff, 0xff, 0xff,
    0xff, 0xff, 0xff, 0xf1, 0xbf, 0xff, 0xff, 0xff,
    0xff, 0xff, 0xff, 0xff, 0xff, 0xff, 0xff, 0xf1,
    0xbf, 0xff, 0xff, 0xff, 0xff, 0xff, 0xff, 0xff,
    0xff, 0xff, 0xff, 0xf1, 0xbf, 0xff, 0xff, 0xff,
    0xff, 0xff, 0xff, 0xff, 0xff, 0xff, 0xff, 0xf1,
    0xbf, 0xff, 0xff, 0xff, 0xff, 0xff, 0xff, 0xff,
    0xff, 0xff, 0xff, 0xf0, 0x6f, 0xff, 0xff, 0xff,
    0xff, 0xff, 0xff, 0xff, 0xff, 0xff, 0xff, 0xc0,
    0x8, 0xef, 0xff, 0xff, 0xff, 0xff, 0xff, 0xff,
    0xff, 0xff, 0xeb, 0x10,

    /* U+F0083 "󰂃" */
    0x0, 0x0, 0x0, 0x57, 0x77, 0x77, 0x77, 0x77,
    0x75, 0x0, 0x0, 0x0, 0x0, 0x0, 0x0, 0xcf,
    0xff, 0xff, 0xff, 0xff, 0xfb, 0x0, 0x0, 0x0,
    0x0, 0x0, 0x0, 0xcf, 0xff, 0xff, 0xff, 0xff,
    0xfb, 0x0, 0x0, 0x0, 0x0, 0x0, 0x0, 0xcf,
    0xff, 0xff, 0xff, 0xff, 0xfb, 0x0, 0x0, 0x0,
    0x2, 0x9a, 0xaa, 0xef, 0xff, 0xff, 0xff, 0xff,
    0xfe, 0xaa, 0xa9, 0x20, 0x1f, 0xff, 0xff, 0xff,
    0xff, 0xff, 0xff, 0xff, 0xff, 0xff, 0xff, 0xe0,
    0x7f, 0xff, 0xff, 0xff, 0xff, 0xff, 0xff, 0xff,
    0xff, 0xff, 0xff, 0xf4, 0x8f, 0xff, 0xff, 0xff,
    0xff, 0xff, 0xff, 0xff, 0xff, 0xff, 0xff, 0xf4,
    0x8f, 0xff, 0xff, 0xff, 0xff, 0xff, 0xff, 0xff,
    0xff, 0xff, 0xff, 0xf4, 0x8f, 0xff, 0xff, 0xff,
    0xff, 0xff, 0xff, 0xff, 0xff, 0xff, 0xff, 0xf4,
    0x8f, 0xff, 0xff, 0xff, 0xff, 0xff, 0xff, 0xff,
    0xff, 0xff, 0xff, 0xf4, 0x8f, 0xff, 0xff, 0xff,
    0xff, 0xff, 0xff, 0xff, 0xff, 0xff, 0xff, 0xf4,
    0x8f, 0xff, 0xff, 0xff, 0xff, 0x10, 0x2, 0xff,
    0xff, 0xff, 0xff, 0xf4, 0x8f, 0xff, 0xff, 0xff,
    0xff, 0x10, 0x2, 0xff, 0xff, 0xff, 0xff, 0xf4,
    0x8f, 0xff, 0xff, 0xff, 0xff, 0x10, 0x2, 0xff,
    0xff, 0xff, 0xff, 0xf4, 0x8f, 0xff, 0xff, 0xff,
    0xff, 0x10, 0x2, 0xff, 0xff, 0xff, 0xff, 0xf4,
    0x8f, 0xff, 0xff, 0xff, 0xff, 0x10, 0x2, 0xff,
    0xff, 0xff, 0xff, 0xf4, 0x8f, 0xff, 0xff, 0xff,
    0xff, 0x10, 0x2, 0xff, 0xff, 0xff, 0xff, 0xf4,
    0x8f, 0xff, 0xff, 0xff, 0xff, 0x10, 0x2, 0xff,
    0xff, 0xff, 0xff, 0xf4, 0x8f, 0xff, 0xff, 0xff,
    0xff, 0x10, 0x2, 0xff, 0xff, 0xff, 0xff, 0xf4,
    0x8f, 0xff, 0xff, 0xff, 0xff, 0x10, 0x2, 0xff,
    0xff, 0xff, 0xff, 0xf4, 0x8f, 0xff, 0xff, 0xff,
    0xff, 0x10, 0x2, 0xff, 0xff, 0xff, 0xff, 0xf4,
    0x8f, 0xff, 0xff, 0xff, 0xff, 0x10, 0x2, 0xff,
    0xff, 0xff, 0xff, 0xf4, 0x8f, 0xff, 0xff, 0xff,
    0xff, 0xa9, 0x9a, 0xff, 0xff, 0xff, 0xff, 0xf4,
    0x8f, 0xff, 0xff, 0xff, 0xff, 0xff, 0xff, 0xff,
    0xff, 0xff, 0xff, 0xf4, 0x8f, 0xff, 0xff, 0xff,
    0xff, 0xff, 0xff, 0xff, 0xff, 0xff, 0xff, 0xf4,
    0x8f, 0xff, 0xff, 0xff, 0xff, 0xff, 0xff, 0xff,
    0xff, 0xff, 0xff, 0xf4, 0x8f, 0xff, 0xff, 0xff,
    0xff, 0x32, 0x24, 0xff, 0xff, 0xff, 0xff, 0xf4,
    0x8f, 0xff, 0xff, 0xff, 0xff, 0x10, 0x2, 0xff,
    0xff, 0xff, 0xff, 0xf4, 0x8f, 0xff, 0xff, 0xff,
    0xff, 0x10, 0x2, 0xff, 0xff, 0xff, 0xff, 0xf4,
    0x8f, 0xff, 0xff, 0xff, 0xff, 0x10, 0x2, 0xff,
    0xff, 0xff, 0xff, 0xf4, 0x8f, 0xff, 0xff, 0xff,
    0xff, 0xba, 0xab, 0xff, 0xff, 0xff, 0xff, 0xf4,
    0x8f, 0xff, 0xff, 0xff, 0xff, 0xff, 0xff, 0xff,
    0xff, 0xff, 0xff, 0xf4, 0x8f, 0xff, 0xff, 0xff,
    0xff, 0xff, 0xff, 0xff, 0xff, 0xff, 0xff, 0xf4,
    0x8f, 0xff, 0xff, 0xff, 0xff, 0xff, 0xff, 0xff,
    0xff, 0xff, 0xff, 0xf4, 0x8f, 0xff, 0xff, 0xff,
    0xff, 0xff, 0xff, 0xff, 0xff, 0xff, 0xff, 0xf4,
    0x7f, 0xff, 0xff, 0xff, 0xff, 0xff, 0xff, 0xff,
    0xff, 0xff, 0xff, 0xf4, 0x3f, 0xff, 0xff, 0xff,
    0xff, 0xff, 0xff, 0xff, 0xff, 0xff, 0xff, 0xf1,
    0x6, 0xdf, 0xff, 0xff, 0xff, 0xff, 0xff, 0xff,
    0xff, 0xff, 0xfc, 0x30,

    /* U+F0084 "󰂄" */
    0x0, 0x0, 0x0, 0x22, 0x22, 0x22, 0x22, 0x22,
    0x22, 0x0, 0x0, 0x0, 0x0, 0x0, 0x0, 0xcf,
    0xff, 0xff, 0xff, 0xff, 0xfc, 0x0, 0x0, 0x0,
    0x0, 0x0, 0x0, 0xcf, 0xff, 0xff, 0xff, 0xff,
    0xfc, 0x0, 0x0, 0x0, 0x0, 0x0, 0x0, 0xcf,
    0xff, 0xff, 0xff, 0xff, 0xfc, 0x0, 0x0, 0x0,
    0x1, 0x78, 0x88, 0xef, 0xff, 0xff, 0xff, 0xff,
    0xfe, 0x88, 0x87, 0x10, 0x1e, 0xff, 0xff, 0xff,
    0xff, 0xff, 0xff, 0xff, 0xff, 0xff, 0xff, 0xd1,
    0x6f, 0xff, 0xff, 0xff, 0xff, 0xff, 0xff, 0xff,
    0xff, 0xff, 0xff, 0xf6, 0x8f, 0xff, 0xff, 0xff,
    0xff, 0xff, 0xff, 0xff, 0xff, 0xff, 0xff, 0xf8,
    0x8f, 0xff, 0xff, 0xff, 0xff, 0xff, 0xff, 0xff,
    0xff, 0xff, 0xff, 0xf8, 0x8f, 0xff, 0xff, 0xff,
    0xff, 0xff, 0xff, 0xff, 0xff, 0xff, 0xff, 0xf8,
    0x8f, 0xff, 0xff, 0xff, 0xff, 0xff, 0xfd, 0xff,
    0xff, 0xff, 0xff, 0xf8, 0x8f, 0xff, 0xff, 0xff,
    0xff, 0xff, 0xf5, 0xff, 0xff, 0xff, 0xff, 0xf8,
    0x8f, 0xff, 0xff, 0xff, 0xff, 0xff, 0xb1, 0xff,
    0xff, 0xff, 0xff, 0xf8, 0x8f, 0xff, 0xff, 0xff,
    0xff, 0xff, 0x21, 0xff, 0xff, 0xff, 0xff, 0xf8,
    0x8f, 0xff, 0xff, 0xff, 0xff, 0xfa, 0x1, 0xff,
    0xff, 0xff, 0xff, 0xf8, 0x8f, 0xff, 0xff, 0xff,
    0xff, 0xf2, 0x1, 0xff, 0xff, 0xff, 0xff, 0xf8,
    0x8f, 0xff, 0xff, 0xff, 0xff, 0x80, 0x1, 0xff,
    0xff, 0xff, 0xff, 0xf8, 0x8f, 0xff, 0xff, 0xff,
    0xff, 0x10, 0x1, 0xff, 0xff, 0xff, 0xff, 0xf8,
    0x8f, 0xff, 0xff, 0xff, 0xf7, 0x0, 0x1, 0xff,
    0xff, 0xff, 0xff, 0xf8, 0x8f, 0xff, 0xff, 0xff,
    0xe0, 0x0, 0x1, 0xff, 0xff, 0xff, 0xff, 0xf8,
    0x8f, 0xff, 0xff, 0xff, 0x60, 0x0, 0x1, 0xff,
    0xff, 0xff, 0xff, 0xf8, 0x8f, 0xff, 0xff, 0xfd,
    0x0, 0x0, 0x0, 0x0, 0x8, 0xff, 0xff, 0xf8,
    0x8f, 0xff, 0xff, 0xf5, 0x0, 0x0, 0x0, 0x0,
    0x1f, 0xff, 0xff, 0xf8, 0x8f, 0xff, 0xff, 0xc0,
    0x0, 0x0, 0x0, 0x0, 0x9f, 0xff, 0xff, 0xf8,
    0x8f, 0xff, 0xff, 0xa6, 0x66, 0x0, 0x0, 0x2,
    0xff, 0xff, 0xff, 0xf8, 0x8f, 0xff, 0xff, 0xff,
    0xff, 0x10, 0x0, 0xa, 0xff, 0xff, 0xff, 0xf8,
    0x8f, 0xff, 0xff, 0xff, 0xff, 0x10, 0x0, 0x3f,
    0xff, 0xff, 0xff, 0xf8, 0x8f, 0xff, 0xff, 0xff,
    0xff, 0x10, 0x0, 0xcf, 0xff, 0xff, 0xff, 0xf8,
    0x8f, 0xff, 0xff, 0xff, 0xff, 0x10, 0x4, 0xff,
    0xff, 0xff, 0xff, 0xf8, 0x8f, 0xff, 0xff, 0xff,
    0xff, 0x10, 0xd, 0xff, 0xff, 0xff, 0xff, 0xf8,
    0x8f, 0xff, 0xff, 0xff, 0xff, 0x10, 0x6f, 0xff,
    0xff, 0xff, 0xff, 0xf8, 0x8f, 0xff, 0xff, 0xff,
    0xff, 0x10, 0xef, 0xff, 0xff, 0xff, 0xff, 0xf8,
    0x8f, 0xff, 0xff, 0xff, 0xff, 0x17, 0xff, 0xff,
    0xff, 0xff, 0xff, 0xf8, 0x8f, 0xff, 0xff, 0xff,
    0xff, 0x2f, 0xff, 0xff, 0xff, 0xff, 0xff, 0xf8,
    0x8f, 0xff, 0xff, 0xff, 0xff, 0xaf, 0xff, 0xff,
    0xff, 0xff, 0xff, 0xf8, 0x8f, 0xff, 0xff, 0xff,
    0xff, 0xff, 0xff, 0xff, 0xff, 0xff, 0xff, 0xf8,
    0x8f, 0xff, 0xff, 0xff, 0xff, 0xff, 0xff, 0xff,
    0xff, 0xff, 0xff, 0xf8, 0x3f, 0xff, 0xff, 0xff,
    0xff, 0xff, 0xff, 0xff, 0xff, 0xff, 0xff, 0xf3,
    0x6, 0xdf, 0xff, 0xff, 0xff, 0xff, 0xff, 0xff,
    0xff, 0xff, 0xfd, 0x60,

    /* U+F008E "󰂎" */
    0x0, 0x0, 0x0, 0x99, 0x99, 0x99, 0x99, 0x99,
    0x95, 0x0, 0x0, 0x0, 0x0, 0x0, 0x0, 0xff,
    0xff, 0xff, 0xff, 0xff, 0xf8, 0x0, 0x0, 0x0,
    0x0, 0x0, 0x0, 0xff, 0xff, 0xff, 0xff, 0xff,
    0xf8, 0x0, 0x0, 0x0, 0x0, 0x0, 0x0, 0xff,
    0xff, 0xff, 0xff, 0xff, 0xf8, 0x0, 0x0, 0x0,
    0x5, 0xbc, 0xcc, 0xff, 0xff, 0xff, 0xff, 0xff,
    0xfe, 0xcc, 0xc9, 0x0, 0x5f, 0xff, 0xff, 0xff,
    0xff, 0xff, 0xff, 0xff, 0xff, 0xff, 0xff, 0xa0,
    0xaf, 0xff, 0xff, 0xff, 0xff, 0xff, 0xff, 0xff,
    0xff, 0xff, 0xff, 0xf0, 0xbf, 0xff, 0xff, 0xff,
    0xff, 0xff, 0xff, 0xff, 0xff, 0xff, 0xff, 0xf1,
    0xbf, 0xff, 0x20, 0x0, 0x0, 0x0, 0x0, 0x0,
    0x0, 0xc, 0xff, 0xf1, 0xbf, 0xff, 0x20, 0x0,
    0x0, 0x0, 0x0, 0x0, 0x0, 0xc, 0xff, 0xf1,
    0xbf, 0xff, 0x20, 0x0, 0x0, 0x0, 0x0, 0x0,
    0x0, 0xc, 0xff, 0xf1, 0xbf, 0xff, 0x20, 0x0,
    0x0, 0x0, 0x0, 0x0, 0x0, 0xc, 0xff, 0xf1,
    0xbf, 0xff, 0x20, 0x0, 0x0, 0x0, 0x0, 0x0,
    0x0, 0xc, 0xff, 0xf1, 0xbf, 0xff, 0x20, 0x0,
    0x0, 0x0, 0x0, 0x0, 0x0, 0xc, 0xff, 0xf1,
    0xbf, 0xff, 0x20, 0x0, 0x0, 0x0, 0x0, 0x0,
    0x0, 0xc, 0xff, 0xf1, 0xbf, 0xff, 0x20, 0x0,
    0x0, 0x0, 0x0, 0x0, 0x0, 0xc, 0xff, 0xf1,
    0xbf, 0xff, 0x20, 0x0, 0x0, 0x0, 0x0, 0x0,
    0x0, 0xc, 0xff, 0xf1, 0xbf, 0xff, 0x20, 0x0,
    0x0, 0x0, 0x0, 0x0, 0x0, 0xc, 0xff, 0xf1,
    0xbf, 0xff, 0x20, 0x0, 0x0, 0x0, 0x0, 0x0,
    0x0, 0xc, 0xff, 0xf1, 0xbf, 0xff, 0x20, 0x0,
    0x0, 0x0, 0x0, 0x0, 0x0, 0xc, 0xff, 0xf1,
    0xbf, 0xff, 0x20, 0x0, 0x0, 0x0, 0x0, 0x0,
    0x0, 0xc, 0xff, 0xf1, 0xbf, 0xff, 0x20, 0x0,
    0x0, 0x0, 0x0, 0x0, 0x0, 0xc, 0xff, 0xf1,
    0xbf, 0xff, 0x20, 0x0, 0x0, 0x0, 0x0, 0x0,
    0x0, 0xc, 0xff, 0xf1, 0xbf, 0xff, 0x20, 0x0,
    0x0, 0x0, 0x0, 0x0, 0x0, 0xc, 0xff, 0xf1,
    0xbf, 0xff, 0x20, 0x0, 0x0, 0x0, 0x0, 0x0,
    0x0, 0xc, 0xff, 0xf1, 0xbf, 0xff, 0x20, 0x0,
    0x0, 0x0, 0x0, 0x0, 0x0, 0xc, 0xff, 0xf1,
    0xbf, 0xff, 0x20, 0x0, 0x0, 0x0, 0x0, 0x0,
    0x0, 0xc, 0xff, 0xf1, 0xbf, 0xff, 0x20, 0x0,
    0x0, 0x0, 0x0, 0x0, 0x0, 0xc, 0xff, 0xf1,
    0xbf, 0xff, 0x20, 0x0, 0x0, 0x0, 0x0, 0x0,
    0x0, 0xc, 0xff, 0xf1, 0xbf, 0xff, 0x20, 0x0,
    0x0, 0x0, 0x0, 0x0, 0x0, 0xc, 0xff, 0xf1,
    0xbf, 0xff, 0x20, 0x0, 0x0, 0x0, 0x0, 0x0,
    0x0, 0xc, 0xff, 0xf1, 0xbf, 0xff, 0x20, 0x0,
    0x0, 0x0, 0x0, 0x0, 0x0, 0xc, 0xff, 0xf1,
    0xbf, 0xff, 0x20, 0x0, 0x0, 0x0, 0x0, 0x0,
    0x0, 0xc, 0xff, 0xf1, 0xbf, 0xff, 0x20, 0x0,
    0x0, 0x0, 0x0, 0x0, 0x0, 0xc, 0xff, 0xf1,
    0xbf, 0xff, 0x20, 0x0, 0x0, 0x0, 0x0, 0x0,
    0x0, 0xc, 0xff, 0xf1, 0xbf, 0xff, 0xdd, 0xdd,
    0xdd, 0xdd, 0xdd, 0xdd, 0xdd, 0xdf, 0xff, 0xf1,
    0xbf, 0xff, 0xff, 0xff, 0xff, 0xff, 0xff, 0xff,
    0xff, 0xff, 0xff, 0xf0, 0x6f, 0xff, 0xff, 0xff,
    0xff, 0xff, 0xff, 0xff, 0xff, 0xff, 0xff, 0xc0,
    0x8, 0xef, 0xff, 0xff, 0xff, 0xff, 0xff, 0xff,
    0xff, 0xff, 0xeb, 0x10,

    /* U+F00DE "󰃞" */
    0x0, 0x0, 0x0, 0x0, 0x0, 0x0, 0x0, 0x0,
    0x0, 0x0, 0x4, 0xa0, 0x0, 0x0, 0x0, 0x0,
    0x0, 0x0, 0x0, 0x0, 0x0, 0x0, 0x0, 0x0,
    0x0, 0x0, 0x0, 0x0, 0x0, 0x0, 0x0, 0x0,
    0x4f, 0xfa, 0x0, 0x0, 0x0, 0x0, 0x0, 0x0,
    0x0, 0x0, 0x0, 0x0, 0x0, 0x0, 0x0, 0x0,
    0x0, 0x0, 0x0, 0x0, 0x0, 0x4, 0xff, 0xff,
    0xb0, 0x0, 0x0, 0x0, 0x0, 0x0, 0x0, 0x0,
    0x0, 0x0, 0x0, 0x0, 0x0, 0x0, 0x0, 0x0,
    0x0, 0x0, 0x0, 0x5f, 0xff, 0xff, 0xfb, 0x0,
    0x0, 0x0, 0x0, 0x0, 0x0, 0x0, 0x0, 0x0,
    0x0, 0x0, 0x0, 0x0, 0x0, 0x0, 0x0, 0x0,
    0x5, 0xff, 0xff, 0xff, 0xff, 0xb0, 0x0, 0x0,
    0x0, 0x0, 0x0, 0x0, 0x0, 0x0, 0x0, 0x0,
    0x0, 0x0, 0x0, 0x0, 0x0, 0x0, 0x5f, 0xff,
    0xff, 0xff, 0xff, 0xfb, 0x0, 0x0, 0x0, 0x0,
    0x0, 0x0, 0x0, 0x0, 0x0, 0x0, 0x0, 0x1a,
    0xaa, 0xaa, 0xaa, 0xaa, 0xff, 0xff, 0xff, 0xff,
    0xff, 0xff, 0xca, 0xaa, 0xaa, 0xaa, 0xa6, 0x0,
    0x0, 0x0, 0x0, 0x0, 0x0, 0x2f, 0xff, 0xff,
    0xff, 0xff, 0xff, 0xff, 0xff, 0xff, 0xff, 0xff,
    0xff, 0xff, 0xff, 0xff, 0xf9, 0x0, 0x0, 0x0,
    0x0, 0x0, 0x0, 0x2f, 0xff, 0xff, 0xff, 0xff,
    0xff, 0xff, 0xff, 0xff, 0xff, 0xff, 0xff, 0xff,
    0xff, 0xff, 0xf9, 0x0, 0x0, 0x0, 0x0, 0x0,
    0x0, 0x2f, 0xff, 0xff, 0xff, 0xff, 0xff, 0xff,
    0xff, 0xff, 0xff, 0xff, 0xff, 0xff, 0xff, 0xff,
    0xf9, 0x0, 0x0, 0x0, 0x0, 0x0, 0x0, 0x2f,
    0xff, 0xff, 0xff, 0xff, 0xff, 0xc8, 0x53, 0x34,
    0x6a, 0xff, 0xff, 0xff, 0xff, 0xff, 0xf9, 0x0,
    0x0, 0x0, 0x0, 0x0, 0x0, 0x2f, 0xff, 0xff,
    0xff, 0xff, 0xb3, 0x0, 0x0, 0x0, 0x0, 0x7,
    0xef, 0xff, 0xff, 0xff, 0xf9, 0x0, 0x0, 0x0,
    0x0, 0x0, 0x0, 0x2f, 0xff, 0xff, 0xff, 0xf5,
    0x0, 0x0, 0x0, 0x0, 0x0, 0x0, 0x1b, 0xff,
    0xff, 0xff, 0xf9, 0x0, 0x0, 0x0, 0x0, 0x0,
    0x0, 0x2f, 0xff, 0xff, 0xfe, 0x20, 0x0, 0x0,
    0x0, 0x0, 0x0, 0x0, 0x0, 0xaf, 0xff, 0xff,
    0xf9, 0x0, 0x0, 0x0, 0x0, 0x0, 0x0, 0x2f,
    0xff, 0xff, 0xf3, 0x0, 0x0, 0x0, 0x0, 0x0,
    0x0, 0x0, 0x0, 0xc, 0xff, 0xff, 0xf9, 0x0,
    0x0, 0x0, 0x0, 0x0, 0x0, 0x5f, 0xff, 0xff,
    0x80, 0x0, 0x0, 0x0, 0x0, 0x0, 0x0, 0x0,
    0x0, 0x1, 0xff, 0xff, 0xfc, 0x0, 0x0, 0x0,
    0x0, 0x0, 0x5, 0xff, 0xff, 0xfe, 0x0, 0x0,
    0x0, 0x0, 0x0, 0x0, 0x0, 0x0, 0x0, 0x0,
    0x8f, 0xff, 0xff, 0xb0, 0x0, 0x0, 0x0, 0x0,
    0x5f, 0xff, 0xff, 0xf7, 0x0, 0x0, 0x0, 0x0,
    0x0, 0x0, 0x0, 0x0, 0x0, 0x0, 0x1f, 0xff,
    0xff, 0xfb, 0x0, 0x0, 0x0, 0x4, 0xff, 0xff,
    0xff, 0xf2, 0x0, 0x0, 0x0, 0x0, 0x0, 0x0,
    0x0, 0x0, 0x0, 0x0, 0xb, 0xff, 0xff, 0xff,
    0xb0, 0x0, 0x0, 0x4f, 0xff, 0xff, 0xff, 0xe0,
    0x0, 0x0, 0x0, 0x0, 0x0, 0x0, 0x0, 0x0,
    0x0, 0x0, 0x8, 0xff, 0xff, 0xff, 0xfb, 0x0,
    0x4, 0xff, 0xff, 0xff, 0xff, 0xc0, 0x0, 0x0,
    0x0, 0x0, 0x0, 0x0, 0x0, 0x0, 0x0, 0x0,
    0x5, 0xff, 0xff, 0xff, 0xff, 0xa0, 0x2f, 0xff,
    0xff, 0xff, 0xff, 0xb0, 0x0, 0x0, 0x0, 0x0,
    0x0, 0x0, 0x0, 0x0, 0x0, 0x0, 0x4, 0xff,
    0xff, 0xff, 0xff, 0xf9, 0xa, 0xff, 0xff, 0xff,
    0xff, 0xc0, 0x0, 0x0, 0x0, 0x0, 0x0, 0x0,
    0x0, 0x0, 0x0, 0x0, 0x5, 0xff, 0xff, 0xff,
    0xff, 0xe2, 0x0, 0xaf, 0xff, 0xff, 0xff, 0xd0,
    0x0, 0x0, 0x0, 0x0, 0x0, 0x0, 0x0, 0x0,
    0x0, 0x0, 0x6, 0xff, 0xff, 0xff, 0xfe, 0x20,
    0x0, 0xa, 0xff, 0xff, 0xff, 0xf1, 0x0, 0x0,
    0x0, 0x0, 0x0, 0x0, 0x0, 0x0, 0x0, 0x0,
    0xa, 0xff, 0xff, 0xff, 0xe2, 0x0, 0x0, 0x0,
    0xaf, 0xff, 0xff, 0xf5, 0x0, 0x0, 0x0, 0x0,
    0x0, 0x0, 0x0, 0x0, 0x0, 0x0, 0xe, 0xff,
    0xff, 0xfe, 0x20, 0x0, 0x0, 0x0, 0xa, 0xff,
    0xff, 0xfc, 0x0, 0x0, 0x0, 0x0, 0x0, 0x0,
    0x0, 0x0, 0x0, 0x0, 0x5f, 0xff, 0xff, 0xe3,
    0x0, 0x0, 0x0, 0x0, 0x0, 0xaf, 0xff, 0xff,
    0x40, 0x0, 0x0, 0x0, 0x0, 0x0, 0x0, 0x0,
    0x0, 0x0, 0xdf, 0xff, 0xfe, 0x30, 0x0, 0x0,
    0x0, 0x0, 0x0, 0x2f, 0xff, 0xff, 0xd0, 0x0,
    0x0, 0x0, 0x0, 0x0, 0x0, 0x0, 0x0, 0x7,
    0xff, 0xff, 0xf9, 0x0, 0x0, 0x0, 0x0, 0x0,
    0x0, 0x2f, 0xff, 0xff, 0xfb, 0x0, 0x0, 0x0,
    0x0, 0x0, 0x0, 0x0, 0x0, 0x5f, 0xff, 0xff,
    0xf9, 0x0, 0x0, 0x0, 0x0, 0x0, 0x0, 0x2f,
    0xff, 0xff, 0xff, 0xb1, 0x0, 0x0, 0x0, 0x0,
    0x0, 0x0, 0x6, 0xff, 0xff, 0xff, 0xf9, 0x0,
    0x0, 0x0, 0x0, 0x0, 0x0, 0x2f, 0xff, 0xff,
    0xff, 0xfe, 0x50, 0x0, 0x0, 0x0, 0x0, 0x1,
    0xaf, 0xff, 0xff, 0xff, 0xf9, 0x0, 0x0, 0x0,
    0x0, 0x0, 0x0, 0x2f, 0xff, 0xff, 0xff, 0xff,
    0xfc, 0x62, 0x0, 0x0, 0x4, 0xaf, 0xff, 0xff,
    0xff, 0xff, 0xf9, 0x0, 0x0, 0x0, 0x0, 0x0,
    0x0, 0x2f, 0xff, 0xff, 0xff, 0xff, 0xff, 0xff,
    0xfd, 0xde, 0xff, 0xff, 0xff, 0xff, 0xff, 0xff,
    0xf9, 0x0, 0x0, 0x0, 0x0, 0x0, 0x0, 0x2f,
    0xff, 0xff, 0xff, 0xff, 0xff, 0xff, 0xff, 0xff,
    0xff, 0xff, 0xff, 0xff, 0xff, 0xff, 0xf9, 0x0,
    0x0, 0x0, 0x0, 0x0, 0x0, 0x2f, 0xff, 0xff,
    0xff, 0xff, 0xff, 0xff, 0xff, 0xff, 0xff, 0xff,
    0xff, 0xff, 0xff, 0xff, 0xf9, 0x0, 0x0, 0x0,
    0x0, 0x0, 0x0, 0x2f, 0xff, 0xff, 0xff, 0xff,
    0xff, 0xff, 0xff, 0xff, 0xff, 0xff, 0xff, 0xff,
    0xff, 0xff, 0xf9, 0x0, 0x0, 0x0, 0x0, 0x0,
    0x0, 0x0, 0x0, 0x0, 0x0, 0x0, 0xaf, 0xff,
    0xff, 0xff, 0xff, 0xfe, 0x30, 0x0, 0x0, 0x0,
    0x0, 0x0, 0x0, 0x0, 0x0, 0x0, 0x0, 0x0,
    0x0, 0x0, 0x0, 0x0, 0xa, 0xff, 0xff, 0xff,
    0xff, 0xe3, 0x0, 0x0, 0x0, 0x0, 0x0, 0x0,
    0x0, 0x0, 0x0, 0x0, 0x0, 0x0, 0x0, 0x0,
    0x0, 0x0, 0x0, 0xaf, 0xff, 0xff, 0xfe, 0x20,
    0x0, 0x0, 0x0, 0x0, 0x0, 0x0, 0x0, 0x0,
    0x0, 0x0, 0x0, 0x0, 0x0, 0x0, 0x0, 0x0,
    0x0, 0xa, 0xff, 0xff, 0xe2, 0x0, 0x0, 0x0,
    0x0, 0x0, 0x0, 0x0, 0x0, 0x0, 0x0, 0x0,
    0x0, 0x0, 0x0, 0x0, 0x0, 0x0, 0x0, 0x0,
    0xaf, 0xfe, 0x20, 0x0, 0x0, 0x0, 0x0, 0x0,
    0x0, 0x0, 0x0, 0x0, 0x0, 0x0, 0x0, 0x0,
    0x0, 0x0, 0x0, 0x0, 0x0, 0x0, 0xa, 0xe2,
    0x0, 0x0, 0x0, 0x0, 0x0, 0x0, 0x0, 0x0,
    0x0, 0x0, 0x0, 0x0, 0x0, 0x0, 0x0, 0x0,
    0x0, 0x0, 0x0, 0x0, 0x0, 0x10, 0x0, 0x0,
    0x0, 0x0, 0x0, 0x0, 0x0, 0x0, 0x0, 0x0,

    /* U+F0142 "󰅂" */
    0x0, 0x36, 0x0, 0x0, 0x0, 0x0, 0x0, 0x0,
    0x3e, 0xf6, 0x0, 0x0, 0x0, 0x0, 0x0, 0x3e,
    0xff, 0xf6, 0x0, 0x0, 0x0, 0x0, 0x2, 0xef,
    0xff, 0xf6, 0x0, 0x0, 0x0, 0x0, 0x2, 0xef,
    0xff, 0xf6, 0x0, 0x0, 0x0, 0x0, 0x2, 0xef,
    0xff, 0xf6, 0x0, 0x0, 0x0, 0x0, 0x2, 0xef,
    0xff, 0xf6, 0x0, 0x0, 0x0, 0x0, 0x2, 0xef,
    0xff, 0xf6, 0x0, 0x0, 0x0, 0x0, 0x2, 0xef,
    0xff, 0xf6, 0x0, 0x0, 0x0, 0x0, 0x2, 0xef,
    0xff, 0xf6, 0x0, 0x0, 0x0, 0x0, 0x2, 0xef,
    0xff, 0xf6, 0x0, 0x0, 0x0, 0x0, 0x2, 0xff,
    0xff, 0xf5, 0x0, 0x0, 0x0, 0x0, 0x8f, 0xff,
    0xfd, 0x10, 0x0, 0x0, 0x0, 0x8f, 0xff, 0xfd,
    0x10, 0x0, 0x0, 0x0, 0x8f, 0xff, 0xfd, 0x10,
    0x0, 0x0, 0x0, 0x8f, 0xff, 0xfd, 0x10, 0x0,
    0x0, 0x0, 0x8f, 0xff, 0xfd, 0x10, 0x0, 0x0,
    0x0, 0x8f, 0xff, 0xfd, 0x10, 0x0, 0x0, 0x0,
    0x8f, 0xff, 0xfd, 0x10, 0x0, 0x0, 0x0, 0x8f,
    0xff, 0xfd, 0x10, 0x0, 0x0, 0x0, 0x4f, 0xff,
    0xfd, 0x10, 0x0, 0x0, 0x0, 0x0, 0x9f, 0xfd,
    0x10, 0x0, 0x0, 0x0, 0x0, 0x0, 0x9d, 0x10,
    0x0, 0x0, 0x0, 0x0, 0x0, 0x0, 0x0, 0x0,
    0x0, 0x0, 0x0, 0x0,

    /* U+F0150 "󰅐" */
    0x0, 0x0, 0x0, 0x0, 0x0, 0x0, 0x0, 0x0,
    0x46, 0x89, 0x98, 0x64, 0x0, 0x0, 0x0, 0x0,
    0x0, 0x0, 0x0, 0x0, 0x0, 0x0, 0x0, 0x0,
    0x0, 0x0, 0x17, 0xcf, 0xff, 0xff, 0xff, 0xff,
    0xfc, 0x71, 0x0, 0x0, 0x0, 0x0, 0x0, 0x0,
    0x0, 0x0, 0x0, 0x0, 0x0, 0x29, 0xff, 0xff,
    0xff, 0xff, 0xff, 0xff, 0xff, 0xff, 0x91, 0x0,
    0x0, 0x0, 0x0, 0x0, 0x0, 0x0, 0x0, 0x0,
    0x7, 0xff, 0xff, 0xff, 0xff, 0xff, 0xff, 0xff,
    0xff, 0xff, 0xff, 0x70, 0x0, 0x0, 0x0, 0x0,
    0x0, 0x0, 0x0, 0x1, 0xcf, 0xff, 0xff, 0xfd,
    0x96, 0x43, 0x34, 0x69, 0xdf, 0xff, 0xff, 0xfc,
    0x10, 0x0, 0x0, 0x0, 0x0, 0x0, 0x0, 0x2e,
    0xff, 0xff, 0xfa, 0x30, 0x0, 0x0, 0x0, 0x0,
    0x3, 0xaf, 0xff, 0xff, 0xd2, 0x0, 0x0, 0x0,
    0x0, 0x0, 0x2, 0xef, 0xff, 0xfc, 0x20, 0x0,
    0x0, 0x0, 0x0, 0x0, 0x0, 0x2, 0xcf, 0xff,
    0xfe, 0x10, 0x0, 0x0, 0x0, 0x0, 0xd, 0xff,
    0xff, 0x80, 0x0, 0x0, 0x0, 0x0, 0x0, 0x0,
    0x0, 0x0, 0x8, 0xff, 0xff, 0xd0, 0x0, 0x0,
    0x0, 0x0, 0xaf, 0xff, 0xf6, 0x0, 0x0, 0x0,
    0x0, 0x0, 0x0, 0x0, 0x0, 0x0, 0x0, 0x6f,
    0xff, 0xfa, 0x0, 0x0, 0x0, 0x4, 0xff, 0xff,
    0x70, 0x0, 0x0, 0x0, 0x0, 0x0, 0x0, 0x0,
    0x0, 0x0, 0x0, 0x7, 0xff, 0xff, 0x40, 0x0,
    0x0, 0xd, 0xff, 0xfa, 0x0, 0x0, 0x0, 0x0,
    0x0, 0xef, 0xf0, 0x0, 0x0, 0x0, 0x0, 0x0,
    0xaf, 0xff, 0xd0, 0x0, 0x0, 0x5f, 0xff, 0xe1,
    0x0, 0x0, 0x0, 0x0, 0x0, 0xef, 0xf0, 0x0,
    0x0, 0x0, 0x0, 0x0, 0x1e, 0xff, 0xf5, 0x0,
    0x0, 0xcf, 0xff, 0x60, 0x0, 0x0, 0x0, 0x0,
    0x0, 0xef, 0xf0, 0x0, 0x0, 0x0, 0x0, 0x0,
    0x6, 0xff, 0xfc, 0x0, 0x2, 0xff, 0xfe, 0x0,
    0x0, 0x0, 0x0, 0x0, 0x0, 0xef, 0xf0, 0x0,
    0x0, 0x0, 0x0, 0x0, 0x0, 0xef, 0xff, 0x20,
    0x6, 0xff, 0xf8, 0x0, 0x0, 0x0, 0x0, 0x0,
    0x0, 0xef, 0xf0, 0x0, 0x0, 0x0, 0x0, 0x0,
    0x0, 0x8f, 0xff, 0x60, 0xa, 0xff, 0xf3, 0x0,
    0x0, 0x0, 0x0, 0x0, 0x0, 0xef, 0xf0, 0x0,
    0x0, 0x0, 0x0, 0x0, 0x0, 0x3f, 0xff, 0xa0,
    0xd, 0xff, 0xf0, 0x0, 0x0, 0x0, 0x0, 0x0,
    0x0, 0xef, 0xf0, 0x0, 0x0, 0x0, 0x0, 0x0,
    0x0, 0xf, 0xff, 0xd0, 0xf, 0xff, 0xc0, 0x0,
    0x0, 0x0, 0x0, 0x0, 0x0, 0xef, 0xf0, 0x0,
    0x0, 0x0, 0x0, 0x0, 0x0, 0xc, 0xff, 0xf0,
    0x1f, 0xff, 0xb0, 0x0, 0x0, 0x0, 0x0, 0x0,
    0x0, 0xef, 0xf0, 0x0, 0x0, 0x0, 0x0, 0x0,
    0x0, 0xb, 0xff, 0xf1, 0x2f, 0xff, 0xa0, 0x0,
    0x0, 0x0, 0x0, 0x0, 0x0, 0xef, 0xf0, 0x0,
    0x0, 0x0, 0x0, 0x0, 0x0, 0xa, 0xff, 0xf2,
    0x1f, 0xff, 0xb0, 0x0, 0x0, 0x0, 0x0, 0x0,
    0x0, 0xef, 0xf9, 0x10, 0x0, 0x0, 0x0, 0x0,
    0x0, 0xb, 0xff, 0xf1, 0xf, 0xff, 0xc0, 0x0,
    0x0, 0x0, 0x0, 0x0, 0x0, 0xbf, 0xff, 0xe6,
    0x0, 0x0, 0x0, 0x0, 0x0, 0xc, 0xff, 0xf0,
    0xe, 0xff, 0xe0, 0x0, 0x0, 0x0, 0x0, 0x0,
    0x0, 0x6, 0xef, 0xff, 0xc3, 0x0, 0x0, 0x0,
    0x0, 0xe, 0xff, 0xe0, 0xb, 0xff, 0xf2, 0x0,
    0x0, 0x0, 0x0, 0x0, 0x0, 0x0, 0x19, 0xff,
    0xff, 0x91, 0x0, 0x0, 0x0, 0x2f, 0xff, 0xb0,
    0x8, 0xff, 0xf7, 0x0, 0x0, 0x0, 0x0, 0x0,
    0x0, 0x0, 0x0, 0x3d, 0xff, 0xfe, 0x60, 0x0,
    0x0, 0x7f, 0xff, 0x80, 0x3, 0xff, 0xfc, 0x0,
    0x0, 0x0, 0x0, 0x0, 0x0, 0x0, 0x0, 0x0,
    0x7f, 0xff, 0xf6, 0x0, 0x0, 0xcf, 0xff, 0x30,
    0x0, 0xef, 0xff, 0x40, 0x0, 0x0, 0x0, 0x0,
    0x0, 0x0, 0x0, 0x0, 0x1, 0xaf, 0xd0, 0x0,
    0x4, 0xff, 0xfd, 0x0, 0x0, 0x7f, 0xff, 0xc0,
    0x0, 0x0, 0x0, 0x0, 0x0, 0x0, 0x0, 0x0,
    0x0, 0x4, 0x30, 0x0, 0xc, 0xff, 0xf7, 0x0,
    0x0, 0xe, 0xff, 0xf7, 0x0, 0x0, 0x0, 0x0,
    0x0, 0x0, 0x0, 0x0, 0x0, 0x0, 0x0, 0x0,
    0x7f, 0xff, 0xf1, 0x0, 0x0, 0x7, 0xff, 0xff,
    0x30, 0x0, 0x0, 0x0, 0x0, 0x0, 0x0, 0x0,
    0x0, 0x0, 0x0, 0x3, 0xff, 0xff, 0x70, 0x0,
    0x0, 0x0, 0xcf, 0xff, 0xe2, 0x0, 0x0, 0x0,
    0x0, 0x0, 0x0, 0x0, 0x0, 0x0, 0x0, 0x2e,
    0xff, 0xfd, 0x0, 0x0, 0x0, 0x0, 0x2e, 0xff,
    0xfe, 0x30, 0x0, 0x0, 0x0, 0x0, 0x0, 0x0,
    0x0, 0x0, 0x3, 0xef, 0xff, 0xf2, 0x0, 0x0,
    0x0, 0x0, 0x4, 0xff, 0xff, 0xf8, 0x0, 0x0,
    0x0, 0x0, 0x0, 0x0, 0x0, 0x0, 0x8f, 0xff,
    0xff, 0x40, 0x0, 0x0, 0x0, 0x0, 0x0, 0x5f,
    0xff, 0xff, 0xd5, 0x0, 0x0, 0x0, 0x0, 0x0,
    0x0, 0x5d, 0xff, 0xff, 0xf5, 0x0, 0x0, 0x0,
    0x0, 0x0, 0x0, 0x3, 0xef, 0xff, 0xff, 0xe9,
    0x41, 0x0, 0x0, 0x14, 0x9e, 0xff, 0xff, 0xfe,
    0x40, 0x0, 0x0, 0x0, 0x0, 0x0, 0x0, 0x0,
    0x1b, 0xff, 0xff, 0xff, 0xff, 0xfe, 0xef, 0xff,
    0xff, 0xff, 0xff, 0xc2, 0x0, 0x0, 0x0, 0x0,
    0x0, 0x0, 0x0, 0x0, 0x0, 0x5d, 0xff, 0xff,
    0xff, 0xff, 0xff, 0xff, 0xff, 0xff, 0xe6, 0x0,
    0x0, 0x0, 0x0, 0x0, 0x0, 0x0, 0x0, 0x0,
    0x0, 0x0, 0x5b, 0xff, 0xff, 0xff, 0xff, 0xff,
    0xff, 0xb5, 0x0, 0x0, 0x0, 0x0, 0x0, 0x0,
    0x0, 0x0, 0x0, 0x0, 0x0, 0x0, 0x0, 0x15,
    0x8b, 0xcd, 0xdd, 0xb8, 0x51, 0x0, 0x0, 0x0,
    0x0, 0x0, 0x0, 0x0,

    /* U+F0159 "󰅙" */
    0x0, 0x0, 0x0, 0x0, 0x0, 0x0, 0x0, 0x0,
    0x3, 0x45, 0x54, 0x30, 0x0, 0x0, 0x0, 0x0,
    0x0, 0x0, 0x0, 0x0, 0x0, 0x0, 0x0, 0x0,
    0x0, 0x0, 0x3, 0x9d, 0xff, 0xff, 0xff, 0xff,
    0xd9, 0x30, 0x0, 0x0, 0x0, 0x0, 0x0, 0x0,
    0x0, 0x0, 0x0, 0x0, 0x0, 0x6, 0xdf, 0xff,
    0xff, 0xff, 0xff, 0xff, 0xff, 0xfd, 0x60, 0x0,
    0x0, 0x0, 0x0, 0x0, 0x0, 0x0, 0x0, 0x0,
    0x3, 0xdf, 0xff, 0xff, 0xff, 0xff, 0xff, 0xff,
    0xff, 0xff, 0xfd, 0x30, 0x0, 0x0, 0x0, 0x0,
    0x0, 0x0, 0x0, 0x0, 0x8f, 0xff, 0xff, 0xff,
    0xff, 0xff, 0xff, 0xff, 0xff, 0xff, 0xff, 0xf8,
    0x0, 0x0, 0x0, 0x0, 0x0, 0x0, 0x0, 0xb,
    0xff, 0xff, 0xff, 0xff, 0xff, 0xff, 0xff, 0xff,
    0xff, 0xff, 0xff, 0xff, 0xb0, 0x0, 0x0, 0x0,
    0x0, 0x0, 0x0, 0xcf, 0xff, 0xff, 0xff, 0xff,
    0xff, 0xff, 0xff, 0xff, 0xff, 0xff, 0xff, 0xff,
    0xfc, 0x0, 0x0, 0x0, 0x0, 0x0, 0xa, 0xff,
    0xff, 0xff, 0xff, 0xff, 0xff, 0xff, 0xff, 0xff,
    0xff, 0xff, 0xff, 0xff, 0xff, 0xa0, 0x0, 0x0,
    0x0, 0x0, 0x7f, 0xff, 0xff, 0xff, 0xff, 0xff,
    0xff, 0xff, 0xff, 0xff, 0xff, 0xff, 0xff, 0xff,
    0xff, 0xf7, 0x0, 0x0, 0x0, 0x2, 0xff, 0xff,
    0xff, 0xff, 0xff, 0xff, 0xff, 0xff, 0xff, 0xff,
    0xff, 0xff, 0xff, 0xff, 0xff, 0xff, 0x20, 0x0,
    0x0, 0xc, 0xff, 0xff, 0xff, 0xff, 0xb9, 0xff,
    0xff, 0xff, 0xff, 0xff, 0xff, 0x9b, 0xff, 0xff,
    0xff, 0xff, 0xc0, 0x0, 0x0, 0x4f, 0xff, 0xff,
    0xff, 0xfb, 0x0, 0x8f, 0xff, 0xff, 0xff, 0xff,
    0xf8, 0x0, 0xbf, 0xff, 0xff, 0xff, 0xf4, 0x0,
    0x0, 0xbf, 0xff, 0xff, 0xff, 0xb0, 0x0, 0x8,
    0xff, 0xff, 0xff, 0xff, 0x80, 0x0, 0xb, 0xff,
    0xff, 0xff, 0xfb, 0x0, 0x1, 0xff, 0xff, 0xff,
    0xff, 0xe2, 0x0, 0x0, 0x8f, 0xff, 0xff, 0xf8,
    0x0, 0x0, 0x2e, 0xff, 0xff, 0xff, 0xff, 0x10,
    0x6, 0xff, 0xff, 0xff, 0xff, 0xfe, 0x20, 0x0,
    0x8, 0xff, 0xff, 0x80, 0x0, 0x2, 0xef, 0xff,
    0xff, 0xff, 0xff, 0x60, 0xa, 0xff, 0xff, 0xff,
    0xff, 0xff, 0xe2, 0x0, 0x0, 0x8f, 0xf8, 0x0,
    0x0, 0x2e, 0xff, 0xff, 0xff, 0xff, 0xff, 0xa0,
    0xd, 0xff, 0xff, 0xff, 0xff, 0xff, 0xfe, 0x20,
    0x0, 0x8, 0x80, 0x0, 0x2, 0xef, 0xff, 0xff,
    0xff, 0xff, 0xff, 0xd0, 0xf, 0xff, 0xff, 0xff,
    0xff, 0xff, 0xff, 0xe2, 0x0, 0x0, 0x0, 0x0,
    0x2e, 0xff, 0xff, 0xff, 0xff, 0xff, 0xff, 0xf0,
    0x1f, 0xff, 0xff, 0xff, 0xff, 0xff, 0xff, 0xfe,
    0x20, 0x0, 0x0, 0x2, 0xef, 0xff, 0xff, 0xff,
    0xff, 0xff, 0xff, 0xf0, 0x1f, 0xff, 0xff, 0xff,
    0xff, 0xff, 0xff, 0xff, 0xe1, 0x0, 0x0, 0x1e,
    0xff, 0xff, 0xff, 0xff, 0xff, 0xff, 0xff, 0xf1,
    0x1f, 0xff, 0xff, 0xff, 0xff, 0xff, 0xff, 0xff,
    0x80, 0x0, 0x0, 0x8, 0xff, 0xff, 0xff, 0xff,
    0xff, 0xff, 0xff, 0xf1, 0xf, 0xff, 0xff, 0xff,
    0xff, 0xff, 0xff, 0xf8, 0x0, 0x0, 0x0, 0x0,
    0x8f, 0xff, 0xff, 0xff, 0xff, 0xff, 0xff, 0xf0,
    0xe, 0xff, 0xff, 0xff, 0xff, 0xff, 0xff, 0x80,
    0x0, 0x2, 0x20, 0x0, 0x8, 0xff, 0xff, 0xff,
    0xff, 0xff, 0xff, 0xe0, 0xb, 0xff, 0xff, 0xff,
    0xff, 0xff, 0xf8, 0x0, 0x0, 0x2e, 0xe2, 0x0,
    0x0, 0x8f, 0xff, 0xff, 0xff, 0xff, 0xff, 0xb0,
    0x8, 0xff, 0xff, 0xff, 0xff, 0xff, 0x80, 0x0,
    0x2, 0xef, 0xfe, 0x20, 0x0, 0x8, 0xff, 0xff,
    0xff, 0xff, 0xff, 0x80, 0x3, 0xff, 0xff, 0xff,
    0xff, 0xf8, 0x0, 0x0, 0x2e, 0xff, 0xff, 0xe2,
    0x0, 0x0, 0x8f, 0xff, 0xff, 0xff, 0xff, 0x30,
    0x0, 0xef, 0xff, 0xff, 0xff, 0xa0, 0x0, 0x2,
    0xef, 0xff, 0xff, 0xfe, 0x20, 0x0, 0xa, 0xff,
    0xff, 0xff, 0xfe, 0x0, 0x0, 0x8f, 0xff, 0xff,
    0xff, 0xf4, 0x0, 0x2e, 0xff, 0xff, 0xff, 0xff,
    0xe2, 0x0, 0x4f, 0xff, 0xff, 0xff, 0xf8, 0x0,
    0x0, 0x1f, 0xff, 0xff, 0xff, 0xff, 0x42, 0xef,
    0xff, 0xff, 0xff, 0xff, 0xfe, 0x24, 0xff, 0xff,
    0xff, 0xff, 0xf1, 0x0, 0x0, 0x7, 0xff, 0xff,
    0xff, 0xff, 0xfe, 0xff, 0xff, 0xff, 0xff, 0xff,
    0xff, 0xef, 0xff, 0xff, 0xff, 0xff, 0x70, 0x0,
    0x0, 0x0, 0xcf, 0xff, 0xff, 0xff, 0xff, 0xff,
    0xff, 0xff, 0xff, 0xff, 0xff, 0xff, 0xff, 0xff,
    0xff, 0xfc, 0x0, 0x0, 0x0, 0x0, 0x2f, 0xff,
    0xff, 0xff, 0xff, 0xff, 0xff, 0xff, 0xff, 0xff,
    0xff, 0xff, 0xff, 0xff, 0xff, 0xf2, 0x0, 0x0,
    0x0, 0x0, 0x4, 0xff, 0xff, 0xff, 0xff, 0xff,
    0xff, 0xff, 0xff, 0xff, 0xff, 0xff, 0xff, 0xff,
    0xff, 0x40, 0x0, 0x0, 0x0, 0x0, 0x0, 0x5f,
    0xff, 0xff, 0xff, 0xff, 0xff, 0xff, 0xff, 0xff,
    0xff, 0xff, 0xff, 0xff, 0xf5, 0x0, 0x0, 0x0,
    0x0, 0x0, 0x0, 0x4, 0xef, 0xff, 0xff, 0xff,
    0xff, 0xff, 0xff, 0xff, 0xff, 0xff, 0xff, 0xfe,
    0x40, 0x0, 0x0, 0x0, 0x0, 0x0, 0x0, 0x0,
    0x1b, 0xff, 0xff, 0xff, 0xff, 0xff, 0xff, 0xff,
    0xff, 0xff, 0xff, 0xb1, 0x0, 0x0, 0x0, 0x0,
    0x0, 0x0, 0x0, 0x0, 0x0, 0x5d, 0xff, 0xff,
    0xff, 0xff, 0xff, 0xff, 0xff, 0xff, 0xd5, 0x0,
    0x0, 0x0, 0x0, 0x0, 0x0, 0x0, 0x0, 0x0,
    0x0, 0x0, 0x5b, 0xff, 0xff, 0xff, 0xff, 0xff,
    0xff, 0xb5, 0x0, 0x0, 0x0, 0x0, 0x0, 0x0,
    0x0, 0x0, 0x0, 0x0, 0x0, 0x0, 0x0, 0x15,
    0x8b, 0xcd, 0xdc, 0xb8, 0x51, 0x0, 0x0, 0x0,
    0x0, 0x0, 0x0, 0x0,

    /* U+F01D8 "󰇘" */
    0x0, 0x0, 0x10, 0x0, 0x0, 0x0, 0x0, 0x0,
    0x10, 0x0, 0x0, 0x0, 0x0, 0x1, 0x0, 0x0,
    0x0, 0x7e, 0xff, 0x90, 0x0, 0x0, 0x2, 0xbf,
    0xfd, 0x40, 0x0, 0x0, 0x7, 0xef, 0xf9, 0x0,
    0x7, 0xff, 0xff, 0xfb, 0x0, 0x0, 0x1e, 0xff,
    0xff, 0xf4, 0x0, 0x0, 0x7f, 0xff, 0xff, 0xb0,
    0xf, 0xff, 0xff, 0xff, 0x40, 0x0, 0x8f, 0xff,
    0xff, 0xfc, 0x0, 0x0, 0xff, 0xff, 0xff, 0xf4,
    0x3f, 0xff, 0xff, 0xff, 0x70, 0x0, 0xbf, 0xff,
    0xff, 0xff, 0x0, 0x3, 0xff, 0xff, 0xff, 0xf7,
    0x2f, 0xff, 0xff, 0xff, 0x60, 0x0, 0xaf, 0xff,
    0xff, 0xfe, 0x0, 0x2, 0xff, 0xff, 0xff, 0xf6,
    0xc, 0xff, 0xff, 0xff, 0x10, 0x0, 0x4f, 0xff,
    0xff, 0xf8, 0x0, 0x0, 0xcf, 0xff, 0xff, 0xf1,
    0x2, 0xef, 0xff, 0xf5, 0x0, 0x0, 0x8, 0xff,
    0xff, 0xc0, 0x0, 0x0, 0x2e, 0xff, 0xff, 0x50,
    0x0, 0x6, 0x97, 0x20, 0x0, 0x0, 0x0, 0x38,
    0x95, 0x0, 0x0, 0x0, 0x0, 0x69, 0x72, 0x0,

    /* U+F0210 "󰈐" */
    0x0, 0x0, 0x0, 0x0, 0x0, 0x0, 0x0, 0x0,
    0x0, 0x3, 0x55, 0x42, 0x0, 0x0, 0x0, 0x0,
    0x0, 0x0, 0x0, 0x0, 0x0, 0x0, 0x0, 0x0,
    0x0, 0x0, 0x0, 0x0, 0x8, 0xff, 0xff, 0xff,
    0xe8, 0x0, 0x0, 0x0, 0x0, 0x0, 0x0, 0x0,
    0x0, 0x0, 0x0, 0x0, 0x0, 0x0, 0x0, 0x0,
    0xbf, 0xff, 0xff, 0xff, 0xff, 0xd1, 0x0, 0x0,
    0x0, 0x0, 0x0, 0x0, 0x0, 0x0, 0x0, 0x0,
    0x0, 0x0, 0x0, 0x8, 0xff, 0xff, 0xff, 0xff,
    0xff, 0xfa, 0x0, 0x0, 0x0, 0x0, 0x0, 0x0,
    0x0, 0x0, 0x0, 0x0, 0x0, 0x0, 0x0, 0xf,
    0xff, 0xff, 0xff, 0xff, 0xff, 0xff, 0x0, 0x0,
    0x0, 0x0, 0x0, 0x0, 0x0, 0x0, 0x0, 0x0,
    0x0, 0x0, 0x0, 0x5f, 0xff, 0xff, 0xff, 0xff,
    0xff, 0xff, 0x20, 0x0, 0x0, 0x0, 0x0, 0x0,
    0x0, 0x0, 0x0, 0x0, 0x0, 0x0, 0x0, 0x8f,
    0xff, 0xff, 0xff, 0xff, 0xff, 0xff, 0x0, 0x0,
    0x0, 0x0, 0x0, 0x0, 0x0, 0x0, 0x0, 0x0,
    0x0, 0x0, 0x0, 0x9f, 0xff, 0xff, 0xff, 0xff,
    0xff, 0xf8, 0x0, 0x0, 0x0, 0x0, 0x0, 0x0,
    0x0, 0x0, 0x0, 0x0, 0x0, 0x0, 0x0, 0x9f,
    0xff, 0xff, 0xff, 0xff, 0xff, 0xc0, 0x0, 0x0,
    0x0, 0x0, 0x0, 0x0, 0x0, 0x0, 0x0, 0x0,
    0x0, 0x0, 0x0, 0x8f, 0xff, 0xff, 0xff, 0xff,
    0xf8, 0x0, 0x0, 0x0, 0x0, 0x0, 0x0, 0x0,
    0x0, 0x0, 0x0, 0x0, 0x0, 0x0, 0x0, 0x5f,
    0xff, 0xff, 0xff, 0xff, 0x30, 0x0, 0x0, 0x0,
    0x0, 0x0, 0x0, 0x0, 0x0, 0x0, 0x36, 0x40,
    0x0, 0x0, 0x0, 0x1f, 0xff, 0xff, 0xff, 0xf4,
    0x0, 0x0, 0x0, 0x0, 0x0, 0x0, 0x0, 0x0,
    0x0, 0x1c, 0xff, 0xfe, 0x30, 0x0, 0x0, 0xc,
    0xff, 0xff, 0xff, 0xc0, 0x0, 0x0, 0x0, 0x0,
    0x0, 0x0, 0x0, 0x0, 0x0, 0xcf, 0xff, 0xff,
    0xf3, 0x0, 0x0, 0x6, 0xff, 0xff, 0xff, 0x60,
    0x0, 0x0, 0x0, 0x0, 0x0, 0x0, 0x0, 0x0,
    0x6, 0xff, 0xff, 0xff, 0xfd, 0x0, 0x0, 0x0,
    0xef, 0xff, 0xff, 0x70, 0x0, 0x1, 0x6a, 0xcd,
    0xdb, 0x83, 0x0, 0x0, 0xb, 0xff, 0xff, 0xff,
    0xff, 0xa0, 0x0, 0x0, 0xdf, 0xff, 0xff, 0xfc,
    0x15, 0xcf, 0xff, 0xff, 0xff, 0xff, 0xa1, 0x0,
    0xf, 0xff, 0xff, 0xff, 0xff, 0xfb, 0x20, 0xb,
    0xff, 0xff, 0xff, 0xff, 0xff, 0xff, 0xff, 0xff,
    0xff, 0xff, 0xfc, 0x0, 0x1f, 0xff, 0xff, 0xff,
    0xff, 0xff, 0xfb, 0x8f, 0xff, 0xff, 0xff, 0xff,
    0xff, 0xff, 0xff, 0xff, 0xff, 0xff, 0xff, 0x80,
    0x2f, 0xff, 0xff, 0xff, 0xff, 0xff, 0xff, 0xff,
    0xff, 0xa0, 0xa, 0xff, 0xff, 0xff, 0xff, 0xff,
    0xff, 0xff, 0xff, 0xe0, 0x1f, 0xff, 0xff, 0xff,
    0xff, 0xff, 0xff, 0xff, 0xff, 0x20, 0x2, 0xff,
    0xff, 0xff, 0xff, 0xff, 0xff, 0xff, 0xff, 0xf1,
    0xf, 0xff, 0xff, 0xff, 0xff, 0xff, 0xff, 0xff,
    0xff, 0x40, 0x4, 0xff, 0xff, 0xff, 0xff, 0xff,
    0xff, 0xff, 0xff, 0xf3, 0xa, 0xff, 0xff, 0xff,
    0xff, 0xff, 0xff, 0xff, 0xff, 0xe7, 0x7e, 0xff,
    0xff, 0xff, 0xff, 0xff, 0xff, 0xff, 0xff, 0xf3,
    0x2, 0xff, 0xff, 0xff, 0xff, 0xff, 0xff, 0xff,
    0xff, 0xff, 0xff, 0xff, 0xf1, 0x39, 0xff, 0xff,
    0xff, 0xff, 0xff, 0xf1, 0x0, 0x4f, 0xff, 0xff,
    0xff, 0xff, 0xff, 0xd8, 0xff, 0xff, 0xff, 0xff,
    0x50, 0x0, 0x3e, 0xff, 0xff, 0xff, 0xff, 0xf0,
    0x0, 0x2, 0xaf, 0xff, 0xff, 0xfe, 0xa4, 0x0,
    0x4e, 0xff, 0xff, 0xfc, 0x0, 0x0, 0x3, 0xff,
    0xff, 0xff, 0xff, 0xa0, 0x0, 0x0, 0x0, 0x35,
    0x54, 0x20, 0x0, 0x0, 0x4, 0xff, 0xff, 0xff,
    0x30, 0x0, 0x0, 0x7f, 0xff, 0xff, 0xff, 0x30,
    0x0, 0x0, 0x0, 0x0, 0x0, 0x0, 0x0, 0x0,
    0x8, 0xff, 0xff, 0xff, 0x90, 0x0, 0x0, 0xb,
    0xff, 0xff, 0xf8, 0x0, 0x0, 0x0, 0x0, 0x0,
    0x0, 0x0, 0x0, 0x0, 0xe, 0xff, 0xff, 0xff,
    0xe0, 0x0, 0x0, 0x0, 0x6c, 0xeb, 0x50, 0x0,
    0x0, 0x0, 0x0, 0x0, 0x0, 0x0, 0x0, 0x0,
    0xaf, 0xff, 0xff, 0xff, 0xf3, 0x0, 0x0, 0x0,
    0x0, 0x0, 0x0, 0x0, 0x0, 0x0, 0x0, 0x0,
    0x0, 0x0, 0x0, 0x1a, 0xff, 0xff, 0xff, 0xff,
    0xf6, 0x0, 0x0, 0x0, 0x0, 0x0, 0x0, 0x0,
    0x0, 0x0, 0x0, 0x0, 0x0, 0x0, 0x4, 0xef,
    0xff, 0xff, 0xff, 0xff, 0xf8, 0x0, 0x0, 0x0,
    0x0, 0x0, 0x0, 0x0, 0x0, 0x0, 0x0, 0x0,
    0x0, 0x0, 0x3f, 0xff, 0xff, 0xff, 0xff, 0xff,
    0xf9, 0x0, 0x0, 0x0, 0x0, 0x0, 0x0, 0x0,
    0x0, 0x0, 0x0, 0x0, 0x0, 0x0, 0xdf, 0xff,
    0xff, 0xff, 0xff, 0xff, 0xf9, 0x0, 0x0, 0x0,
    0x0, 0x0, 0x0, 0x0, 0x0, 0x0, 0x0, 0x0,
    0x0, 0x1, 0xff, 0xff, 0xff, 0xff, 0xff, 0xff,
    0xf6, 0x0, 0x0, 0x0, 0x0, 0x0, 0x0, 0x0,
    0x0, 0x0, 0x0, 0x0, 0x0, 0x1, 0xff, 0xff,
    0xff, 0xff, 0xff, 0xff, 0xf3, 0x0, 0x0, 0x0,
    0x0, 0x0, 0x0, 0x0, 0x0, 0x0, 0x0, 0x0,
    0x0, 0x0, 0xef, 0xff, 0xff, 0xff, 0xff, 0xff,
    0xc0, 0x0, 0x0, 0x0, 0x0, 0x0, 0x0, 0x0,
    0x0, 0x0, 0x0, 0x0, 0x0, 0x0, 0x5f, 0xff,
    0xff, 0xff, 0xff, 0xff, 0x30, 0x0, 0x0, 0x0,
    0x0, 0x0, 0x0, 0x0, 0x0, 0x0, 0x0, 0x0,
    0x0, 0x0, 0x6, 0xff, 0xff, 0xff, 0xff, 0xf4,
    0x0, 0x0, 0x0, 0x0, 0x0, 0x0, 0x0, 0x0,
    0x0, 0x0, 0x0, 0x0, 0x0, 0x0, 0x0, 0x16,
    0xac, 0xdd, 0xb7, 0x10, 0x0, 0x0, 0x0, 0x0,
    0x0, 0x0, 0x0, 0x0,

    /* U+F0238 "󰈸" */
    0x0, 0x0, 0x0, 0x0, 0x0, 0x0, 0x0, 0x0,
    0x13, 0x0, 0x0, 0x0, 0x0, 0x0, 0x0, 0x0,
    0x0, 0x0, 0x0, 0x0, 0x0, 0x1a, 0xf5, 0x0,
    0x0, 0x0, 0x0, 0x0, 0x0, 0x0, 0x0, 0x0,
    0x0, 0x0, 0x6, 0xff, 0xf0, 0x0, 0x0, 0x0,
    0x0, 0x0, 0x0, 0x0, 0x0, 0x0, 0x0, 0x0,
    0x9f, 0xff, 0xc0, 0x0, 0x0, 0x0, 0x0, 0x0,
    0x0, 0x0, 0x0, 0x0, 0x0, 0x9, 0xff, 0xff,
    0xb0, 0x0, 0x0, 0x0, 0x0, 0x0, 0x0, 0x0,
    0x0, 0x0, 0x0, 0x6f, 0xff, 0xff, 0xb0, 0x0,
    0x0, 0x0, 0x0, 0x0, 0x0, 0x0, 0x0, 0x0,
    0x2, 0xff, 0xff, 0xff, 0xd0, 0x0, 0x0, 0x0,
    0x0, 0x0, 0x0, 0x0, 0x0, 0x0, 0xb, 0xff,
    0xff, 0xff, 0xf1, 0x0, 0x0, 0x0, 0x0, 0x0,
    0x0, 0x0, 0x0, 0x0, 0x3f, 0xff, 0xff, 0xff,
    0xf6, 0x0, 0x0, 0x0, 0x0, 0x0, 0x0, 0x0,
    0x0, 0x0, 0x9f, 0xff, 0xff, 0xff, 0xfd, 0x0,
    0x0, 0x0, 0x0, 0x0, 0x0, 0x0, 0x0, 0x0,
    0xef, 0xff, 0xff, 0xff, 0xff, 0x80, 0x0, 0x0,
    0x0, 0x0, 0x0, 0x0, 0x11, 0x3, 0xff, 0xff,
    0xff, 0xff, 0xff, 0xf7, 0x0, 0x0, 0x0, 0x0,
    0x0, 0x1, 0xb0, 0x6, 0xff, 0xff, 0xff, 0xff,
    0xff, 0xff, 0x90, 0x0, 0x0, 0x0, 0x0, 0xb,
    0x90, 0x8, 0xff, 0xff, 0xff, 0xff, 0xff, 0xff,
    0xfc, 0x10, 0x0, 0x0, 0x0, 0x6f, 0x70, 0x9,
    0xff, 0xff, 0xff, 0xff, 0xff, 0xff, 0xff, 0xe4,
    0x0, 0x0, 0x0, 0xef, 0x60, 0x9, 0xff, 0xff,
    0xff, 0xff, 0xff, 0xff, 0xff, 0xff, 0x40, 0x0,
    0x5, 0xff, 0x70, 0x7, 0xff, 0xff, 0xff, 0xb9,
    0xff, 0xff, 0xff, 0xff, 0xf1, 0x0, 0xb, 0xff,
    0xa0, 0x5, 0xff, 0xff, 0xff, 0x81, 0xef, 0xff,
    0xff, 0xff, 0xfb, 0x0, 0xf, 0xff, 0xe0, 0x1,
    0xff, 0xff, 0xff, 0x80, 0x3e, 0xff, 0xff, 0xff,
    0xff, 0x30, 0x3f, 0xff, 0xf5, 0x0, 0xdf, 0xff,
    0xff, 0x90, 0x2, 0xef, 0xff, 0xff, 0xff, 0xb0,
    0x5f, 0xff, 0xfd, 0x0, 0x9f, 0xff, 0xff, 0xd0,
    0x0, 0x2e, 0xff, 0xff, 0xff, 0xf0, 0x6f, 0xff,
    0xff, 0xb4, 0xdf, 0xff, 0xff, 0xf0, 0x0, 0x4,
    0xff, 0xff, 0xff, 0xf3, 0x5f, 0xff, 0xff, 0xff,
    0xff, 0xff, 0xff, 0xf3, 0x0, 0x0, 0xcf, 0xff,
    0xff, 0xf5, 0x4f, 0xff, 0xff, 0xff, 0xff, 0xff,
    0xff, 0xf3, 0x0, 0x0, 0x7f, 0xff, 0xff, 0xf6,
    0x1f, 0xff, 0xff, 0xff, 0xff, 0xff, 0xff, 0xe0,
    0x0, 0x0, 0x7f, 0xff, 0xff, 0xf5, 0xc, 0xff,
    0xff, 0xff, 0xff, 0xff, 0xff, 0x60, 0x0, 0x0,
    0x9f, 0xff, 0xff, 0xf2, 0x7, 0xff, 0xff, 0xff,
    0xff, 0xff, 0xf9, 0x0, 0x0, 0x0, 0xef, 0xff,
    0xff, 0xe0, 0x1, 0xff, 0xff, 0xff, 0xff, 0xfc,
    0x40, 0x0, 0x0, 0x8, 0xff, 0xff, 0xff, 0x90,
    0x0, 0x9f, 0xff, 0xff, 0xff, 0xfc, 0x10, 0x0,
    0x0, 0x8f, 0xff, 0xff, 0xff, 0x20, 0x0, 0xe,
    0xff, 0xff, 0xff, 0xff, 0xf9, 0x55, 0x8e, 0xff,
    0xff, 0xff, 0xf8, 0x0, 0x0, 0x2, 0xef, 0xff,
    0xff, 0xff, 0xff, 0xff, 0xff, 0xff, 0xff, 0xff,
    0xc0, 0x0, 0x0, 0x0, 0x3e, 0xff, 0xff, 0xff,
    0xff, 0xff, 0xff, 0xff, 0xff, 0xfc, 0x10, 0x0,
    0x0, 0x0, 0x1, 0xbf, 0xff, 0xff, 0xff, 0xff,
    0xff, 0xff, 0xff, 0xa0, 0x0, 0x0, 0x0, 0x0,
    0x0, 0x5, 0xcf, 0xff, 0xff, 0xff, 0xff, 0xff,
    0xc4, 0x0, 0x0, 0x0, 0x0, 0x0, 0x0, 0x0,
    0x3, 0x8b, 0xdf, 0xff, 0xda, 0x72, 0x0, 0x0,
    0x0, 0x0, 0x0, 0x0, 0x0, 0x0, 0x0, 0x0,
    0x0, 0x0, 0x0, 0x0, 0x0, 0x0, 0x0, 0x0,

    /* U+F0241 "󰉁" */
    0x12, 0x22, 0x22, 0x22, 0x22, 0x22, 0x22, 0x22,
    0x22, 0x21, 0x9f, 0xff, 0xff, 0xff, 0xff, 0xff,
    0xff, 0xff, 0xff, 0xf4, 0x9f, 0xff, 0xff, 0xff,
    0xff, 0xff, 0xff, 0xff, 0xff, 0xc0, 0x9f, 0xff,
    0xff, 0xff, 0xff, 0xff, 0xff, 0xff, 0xff, 0x40,
    0x9f, 0xff, 0xff, 0xff, 0xff, 0xff, 0xff, 0xff,
    0xfc, 0x0, 0x9f, 0xff, 0xff, 0xff, 0xff, 0xff,
    0xff, 0xff, 0xf3, 0x0, 0x9f, 0xff, 0xff, 0xff,
    0xff, 0xff, 0xff, 0xff, 0xb0, 0x0, 0x9f, 0xff,
    0xff, 0xff, 0xff, 0xff, 0xff, 0xff, 0x30, 0x0,
    0x9f, 0xff, 0xff, 0xff, 0xff, 0xff, 0xff, 0xfb,
    0x0, 0x0, 0x9f, 0xff, 0xff, 0xff, 0xff, 0xff,
    0xff, 0xf3, 0x0, 0x0, 0x9f, 0xff, 0xff, 0xff,
    0xff, 0xff, 0xff, 0xb0, 0x0, 0x0, 0x9f, 0xff,
    0xff, 0xff, 0xff, 0xff, 0xff, 0x30, 0x0, 0x0,
    0x9f, 0xff, 0xff, 0xff, 0xff, 0xff, 0xfb, 0x0,
    0x0, 0x0, 0x9f, 0xff, 0xff, 0xff, 0xff, 0xff,
    0xf3, 0x0, 0x0, 0x0, 0x9f, 0xff, 0xff, 0xff,
    0xff, 0xff, 0xb0, 0x0, 0x0, 0x0, 0x9f, 0xff,
    0xff, 0xff, 0xff, 0xff, 0x30, 0x0, 0x0, 0x0,
    0x9f, 0xff, 0xff, 0xff, 0xff, 0xff, 0xee, 0xee,
    0xee, 0xe4, 0x9f, 0xff, 0xff, 0xff, 0xff, 0xff,
    0xff, 0xff, 0xff, 0xc0, 0x9f, 0xff, 0xff, 0xff,
    0xff, 0xff, 0xff, 0xff, 0xff, 0x30, 0x9f, 0xff,
    0xff, 0xff, 0xff, 0xff, 0xff, 0xff, 0xf9, 0x0,
    0x9f, 0xff, 0xff, 0xff, 0xff, 0xff, 0xff, 0xff,
    0xf1, 0x0, 0x8d, 0xdd, 0xdd, 0xff, 0xff, 0xff,
    0xff, 0xff, 0x70, 0x0, 0x0, 0x0, 0x0, 0xdf,
    0xff, 0xff, 0xff, 0xfd, 0x0, 0x0, 0x0, 0x0,
    0x0, 0xdf, 0xff, 0xff, 0xff, 0xf4, 0x0, 0x0,
    0x0, 0x0, 0x0, 0xdf, 0xff, 0xff, 0xff, 0xb0,
    0x0, 0x0, 0x0, 0x0, 0x0, 0xdf, 0xff, 0xff,
    0xff, 0x20, 0x0, 0x0, 0x0, 0x0, 0x0, 0xdf,
    0xff, 0xff, 0xf8, 0x0, 0x0, 0x0, 0x0, 0x0,
    0x0, 0xdf, 0xff, 0xff, 0xe0, 0x0, 0x0, 0x0,
    0x0, 0x0, 0x0, 0xdf, 0xff, 0xff, 0x50, 0x0,
    0x0, 0x0, 0x0, 0x0, 0x0, 0xdf, 0xff, 0xfc,
    0x0, 0x0, 0x0, 0x0, 0x0, 0x0, 0x0, 0xdf,
    0xff, 0xf3, 0x0, 0x0, 0x0, 0x0, 0x0, 0x0,
    0x0, 0xdf, 0xff, 0x90, 0x0, 0x0, 0x0, 0x0,
    0x0, 0x0, 0x0, 0xdf, 0xfe, 0x10, 0x0, 0x0,
    0x0, 0x0, 0x0, 0x0, 0x0, 0xdf, 0xf6, 0x0,
    0x0, 0x0, 0x0, 0x0, 0x0, 0x0, 0x0, 0xdf,
    0xd0, 0x0, 0x0, 0x0, 0x0, 0x0, 0x0, 0x0,
    0x0, 0xdf, 0x40, 0x0, 0x0, 0x0, 0x0, 0x0,
    0x0, 0x0, 0x0, 0xda, 0x0, 0x0, 0x0, 0x0,
    0x0, 0x0, 0x0, 0x0, 0x0, 0xd1, 0x0, 0x0,
    0x0, 0x0, 0x0, 0x0, 0x0, 0x0, 0x0, 0x50,
    0x0, 0x0, 0x0, 0x0, 0x0, 0x0, 0x0, 0x0,
    0x0, 0x0, 0x0, 0x0, 0x0, 0x0, 0x0, 0x0,

    /* U+F029A "󰊚" */
    0x0, 0x0, 0x0, 0x0, 0x0, 0x0, 0x0, 0x0,
    0x46, 0x89, 0x98, 0x64, 0x0, 0x0, 0x0, 0x0,
    0x0, 0x0, 0x0, 0x0, 0x0, 0x0, 0x0, 0x0,
    0x0, 0x0, 0x17, 0xcf, 0xff, 0xff, 0xff, 0xff,
    0xfc, 0x71, 0x0, 0x0, 0x0, 0x0, 0x0, 0x0,
    0x0, 0x0, 0x0, 0x0, 0x0, 0x29, 0xff, 0xff,
    0xff, 0xff, 0xff, 0xff, 0xff, 0xff, 0x91, 0x0,
    0x0, 0x0, 0x0, 0x0, 0x0, 0x0, 0x0, 0x0,
    0x7, 0xff, 0xff, 0xff, 0xff, 0xff, 0xff, 0xff,
    0xff, 0xff, 0xff, 0x70, 0x0, 0x0, 0x0, 0x0,
    0x0, 0x0, 0x0, 0x1, 0xcf, 0xff, 0xff, 0xfd,
    0x96, 0x43, 0x34, 0x69, 0xdf, 0xff, 0xff, 0xfc,
    0x10, 0x0, 0x0, 0x0, 0x0, 0x0, 0x0, 0x2e,
    0xff, 0xff, 0xfa, 0x30, 0x0, 0x0, 0x0, 0x0,
    0x3, 0xaf, 0xff, 0xff, 0xd2, 0x0, 0x0, 0x0,
    0x0, 0x0, 0x2, 0xef, 0xff, 0xfc, 0x20, 0x0,
    0x0, 0x0, 0x0, 0x0, 0x0, 0x2, 0xcf, 0xff,
    0xfe, 0x10, 0x0, 0x0, 0x0, 0x0, 0xd, 0xff,
    0xff, 0x80, 0x0, 0x0, 0x0, 0x0, 0x0, 0x0,
    0x0, 0x0, 0x8, 0xff, 0xff, 0xd0, 0x0, 0x0,
    0x0, 0x0, 0xaf, 0xff, 0xf6, 0x0, 0x0, 0x19,
    0xa3, 0x0, 0x0, 0x4d, 0xd3, 0x0, 0x0, 0x6f,
    0xff, 0xfa, 0x0, 0x0, 0x0, 0x4, 0xff, 0xff,
    0x70, 0x0, 0x0, 0x9f, 0xfe, 0x0, 0x0, 0xef,
    0xfd, 0x0, 0x0, 0x7, 0xff, 0xff, 0x40, 0x0,
    0x0, 0xd, 0xff, 0xfa, 0x0, 0x0, 0x0, 0xaf,
    0xff, 0x0, 0x5, 0xff, 0xfc, 0x0, 0x0, 0x0,
    0xaf, 0xff, 0xd0, 0x0, 0x0, 0x5f, 0xff, 0xe1,
    0x0, 0x0, 0x0, 0x3e, 0xf7, 0x0, 0xb, 0xff,
    0xf6, 0x0, 0x0, 0x0, 0x1e, 0xff, 0xf5, 0x0,
    0x0, 0xcf, 0xff, 0x60, 0x0, 0x0, 0x0, 0x0,
    0x0, 0x0, 0x2f, 0xff, 0xf0, 0x0, 0x0, 0x0,
    0x6, 0xff, 0xfc, 0x0, 0x2, 0xff, 0xfe, 0x0,
    0x0, 0x0, 0x0, 0x0, 0x0, 0x0, 0x8f, 0xff,
    0x90, 0x0, 0x0, 0x0, 0x0, 0xef, 0xff, 0x20,
    0x6, 0xff, 0xf8, 0x0, 0x1c, 0xf8, 0x0, 0x0,
    0x0, 0x0, 0xef, 0xff, 0x30, 0x0, 0x8f, 0xc1,
    0x0, 0x8f, 0xff, 0x60, 0xa, 0xff, 0xf3, 0x0,
    0x8f, 0xff, 0x20, 0x0, 0x0, 0x5, 0xff, 0xfc,
    0x0, 0x2, 0xff, 0xf8, 0x0, 0x3f, 0xff, 0xa0,
    0xd, 0xff, 0xf0, 0x0, 0x7f, 0xff, 0x10, 0x0,
    0x2, 0xcf, 0xff, 0xf6, 0x0, 0x1, 0xff, 0xf7,
    0x0, 0xf, 0xff, 0xd0, 0xf, 0xff, 0xc0, 0x0,
    0xa, 0xc5, 0x0, 0x0, 0x1e, 0xff, 0xff, 0xf2,
    0x0, 0x0, 0x5c, 0xa0, 0x0, 0xc, 0xff, 0xf0,
    0x1f, 0xff, 0xb0, 0x0, 0x0, 0x0, 0x0, 0x0,
    0x8f, 0xff, 0xff, 0xf9, 0x0, 0x0, 0x0, 0x0,
    0x0, 0xb, 0xff, 0xf1, 0x2f, 0xff, 0xa0, 0x0,
    0x0, 0x0, 0x0, 0x0, 0xcf, 0xff, 0xff, 0xfd,
    0x0, 0x0, 0x0, 0x0, 0x0, 0xa, 0xff, 0xf2,
    0x1f, 0xff, 0xa0, 0x0, 0x0, 0x0, 0x0, 0x0,
    0xaf, 0xff, 0xff, 0xfd, 0x0, 0x0, 0x0, 0x0,
    0x0, 0xa, 0xff, 0xf1, 0xf, 0xff, 0xc0, 0x0,
    0x0, 0x0, 0x0, 0x0, 0x4f, 0xff, 0xff, 0xf7,
    0x0, 0x0, 0x0, 0x0, 0x0, 0xc, 0xff, 0xf0,
    0xe, 0xff, 0xe0, 0x0, 0x0, 0x0, 0x0, 0x0,
    0x8, 0xff, 0xff, 0xa0, 0x0, 0x0, 0x0, 0x0,
    0x0, 0xe, 0xff, 0xe0, 0xb, 0xff, 0xf1, 0x0,
    0x0, 0x0, 0x0, 0x0, 0x0, 0x28, 0x84, 0x0,
    0x0, 0x0, 0x0, 0x0, 0x0, 0x1f, 0xff, 0xb0,
    0x8, 0xff, 0xf5, 0x0, 0x0, 0x0, 0x0, 0x0,
    0x0, 0x0, 0x0, 0x0, 0x0, 0x0, 0x0, 0x0,
    0x0, 0x5f, 0xff, 0x80, 0x3, 0xff, 0xfb, 0x0,
    0x0, 0x0, 0x0, 0x0, 0x0, 0x0, 0x0, 0x0,
    0x0, 0x0, 0x0, 0x0, 0x0, 0xbf, 0xff, 0x30,
    0x0, 0xdf, 0xff, 0x20, 0x0, 0x0, 0x0, 0x0,
    0x0, 0x0, 0x0, 0x0, 0x0, 0x0, 0x0, 0x0,
    0x2, 0xff, 0xfd, 0x0, 0x0, 0x7f, 0xff, 0xa0,
    0x0, 0x0, 0x0, 0x0, 0x26, 0x79, 0x97, 0x62,
    0x0, 0x0, 0x0, 0x0, 0xa, 0xff, 0xf7, 0x0,
    0x0, 0x1f, 0xff, 0xf4, 0x0, 0x0, 0x2, 0x9e,
    0xff, 0xff, 0xff, 0xff, 0xea, 0x20, 0x0, 0x0,
    0x4f, 0xff, 0xf1, 0x0, 0x0, 0x7, 0xff, 0xfe,
    0x20, 0x1, 0xaf, 0xff, 0xff, 0xff, 0xff, 0xff,
    0xff, 0xfb, 0x20, 0x2, 0xef, 0xff, 0x70, 0x0,
    0x0, 0x0, 0xdf, 0xff, 0xd1, 0x5e, 0xff, 0xff,
    0xff, 0xff, 0xff, 0xff, 0xff, 0xff, 0xf5, 0x1d,
    0xff, 0xfd, 0x0, 0x0, 0x0, 0x0, 0x2f, 0xff,
    0xfe, 0xff, 0xff, 0xff, 0xff, 0xff, 0xff, 0xff,
    0xff, 0xff, 0xff, 0xef, 0xff, 0xf2, 0x0, 0x0,
    0x0, 0x0, 0x4, 0xff, 0xff, 0xff, 0xff, 0xff,
    0xff, 0xff, 0xff, 0xff, 0xff, 0xff, 0xff, 0xff,
    0xff, 0x40, 0x0, 0x0, 0x0, 0x0, 0x0, 0x5f,
    0xff, 0xff, 0xff, 0xff, 0xff, 0xff, 0xff, 0xff,
    0xff, 0xff, 0xff, 0xff, 0xf5, 0x0, 0x0, 0x0,
    0x0, 0x0, 0x0, 0x4, 0xff, 0xff, 0xff, 0xff,
    0xff, 0xff, 0xff, 0xff, 0xff, 0xff, 0xff, 0xfe,
    0x40, 0x0, 0x0, 0x0, 0x0, 0x0, 0x0, 0x0,
    0x2c, 0xff, 0xff, 0xff, 0xff, 0xff, 0xff, 0xff,
    0xff, 0xff, 0xff, 0xc2, 0x0, 0x0, 0x0, 0x0,
    0x0, 0x0, 0x0, 0x0, 0x0, 0x6e, 0xff, 0xff,
    0xff, 0xff, 0xff, 0xff, 0xff, 0xff, 0xe6, 0x0,
    0x0, 0x0, 0x0, 0x0, 0x0, 0x0, 0x0, 0x0,
    0x0, 0x0, 0x5b, 0xff, 0xff, 0xff, 0xff, 0xff,
    0xff, 0xb5, 0x0, 0x0, 0x0, 0x0, 0x0, 0x0,
    0x0, 0x0, 0x0, 0x0, 0x0, 0x0, 0x0, 0x15,
    0x8b, 0xdd, 0xdd, 0xb8, 0x51, 0x0, 0x0, 0x0,
    0x0, 0x0, 0x0, 0x0,

    /* U+F02D7 "󰋗" */
    0x0, 0x0, 0x0, 0x0, 0x0, 0x0, 0x0, 0x0,
    0x46, 0x89, 0x98, 0x64, 0x10, 0x0, 0x0, 0x0,
    0x0, 0x0, 0x0, 0x0, 0x0, 0x0, 0x0, 0x0,
    0x0, 0x0, 0x17, 0xcf, 0xff, 0xff, 0xff, 0xff,
    0xfc, 0x71, 0x0, 0x0, 0x0, 0x0, 0x0, 0x0,
    0x0, 0x0, 0x0, 0x0, 0x0, 0x29, 0xff, 0xff,
    0xff, 0xff, 0xff, 0xff, 0xff, 0xff, 0x91, 0x0,
    0x0, 0x0, 0x0, 0x0, 0x0, 0x0, 0x0, 0x0,
    0x7, 0xff, 0xff, 0xff, 0xff, 0xff, 0xff, 0xff,
    0xff, 0xff, 0xff, 0x60, 0x0, 0x0, 0x0, 0x0,
    0x0, 0x0, 0x0, 0x1, 0xcf, 0xff, 0xff, 0xff,
    0xff, 0xff, 0xff, 0xff, 0xff, 0xff, 0xff, 0xfb,
    0x10, 0x0, 0x0, 0x0, 0x0, 0x0, 0x0, 0x2e,
    0xff, 0xff, 0xff, 0xff, 0xff, 0xff, 0xff, 0xff,
    0xff, 0xff, 0xff, 0xff, 0xd2, 0x0, 0x0, 0x0,
    0x0, 0x0, 0x2, 0xef, 0xff, 0xff, 0xff, 0xff,
    0xf9, 0x43, 0x24, 0x9f, 0xff, 0xff, 0xff, 0xff,
    0xfe, 0x10, 0x0, 0x0, 0x0, 0x0, 0xd, 0xff,
    0xff, 0xff, 0xff, 0xfa, 0x10, 0x0, 0x0, 0x1,
    0xaf, 0xff, 0xff, 0xff, 0xff, 0xc0, 0x0, 0x0,
    0x0, 0x0, 0xaf, 0xff, 0xff, 0xff, 0xff, 0x80,
    0x0, 0x0, 0x0, 0x0, 0x8, 0xff, 0xff, 0xff,
    0xff, 0xf9, 0x0, 0x0, 0x0, 0x4, 0xff, 0xff,
    0xff, 0xff, 0xfb, 0x0, 0x0, 0x0, 0x0, 0x0,
    0x0, 0xbf, 0xff, 0xff, 0xff, 0xff, 0x40, 0x0,
    0x0, 0xd, 0xff, 0xff, 0xff, 0xff, 0xf2, 0x0,
    0x3, 0xcf, 0xfc, 0x30, 0x0, 0x2f, 0xff, 0xff,
    0xff, 0xff, 0xd0, 0x0, 0x0, 0x5f, 0xff, 0xff,
    0xff, 0xff, 0xb0, 0x0, 0x2f, 0xff, 0xff, 0xf2,
    0x0, 0xb, 0xff, 0xff, 0xff, 0xff, 0xf5, 0x0,
    0x0, 0xcf, 0xff, 0xff, 0xff, 0xff, 0x70, 0x0,
    0xaf, 0xff, 0xff, 0xfa, 0x0, 0x7, 0xff, 0xff,
    0xff, 0xff, 0xfc, 0x0, 0x2, 0xff, 0xff, 0xff,
    0xff, 0xff, 0x83, 0x33, 0xdf, 0xff, 0xff, 0xfd,
    0x0, 0x6, 0xff, 0xff, 0xff, 0xff, 0xff, 0x10,
    0x6, 0xff, 0xff, 0xff, 0xff, 0xff, 0xff, 0xff,
    0xff, 0xff, 0xff, 0xfc, 0x0, 0x6, 0xff, 0xff,
    0xff, 0xff, 0xff, 0x70, 0xa, 0xff, 0xff, 0xff,
    0xff, 0xff, 0xff, 0xff, 0xff, 0xff, 0xff, 0xf6,
    0x0, 0xa, 0xff, 0xff, 0xff, 0xff, 0xff, 0xa0,
    0xd, 0xff, 0xff, 0xff, 0xff, 0xff, 0xff, 0xff,
    0xff, 0xff, 0xff, 0xa0, 0x0, 0x1f, 0xff, 0xff,
    0xff, 0xff, 0xff, 0xd0, 0xf, 0xff, 0xff, 0xff,
    0xff, 0xff, 0xff, 0xff, 0xff, 0xff, 0xfb, 0x0,
    0x0, 0xaf, 0xff, 0xff, 0xff, 0xff, 0xff, 0xf0,
    0x1f, 0xff, 0xff, 0xff, 0xff, 0xff, 0xff, 0xff,
    0xff, 0xff, 0xb0, 0x0, 0x8, 0xff, 0xff, 0xff,
    0xff, 0xff, 0xff, 0xf1, 0x2f, 0xff, 0xff, 0xff,
    0xff, 0xff, 0xff, 0xff, 0xff, 0xfd, 0x0, 0x0,
    0x7f, 0xff, 0xff, 0xff, 0xff, 0xff, 0xff, 0xf1,
    0x1f, 0xff, 0xff, 0xff, 0xff, 0xff, 0xff, 0xff,
    0xff, 0xf2, 0x0, 0x6, 0xff, 0xff, 0xff, 0xff,
    0xff, 0xff, 0xff, 0xf1, 0xf, 0xff, 0xff, 0xff,
    0xff, 0xff, 0xff, 0xff, 0xff, 0xa0, 0x0, 0x2f,
    0xff, 0xff, 0xff, 0xff, 0xff, 0xff, 0xff, 0xf0,
    0xe, 0xff, 0xff, 0xff, 0xff, 0xff, 0xff, 0xff,
    0xff, 0x50, 0x0, 0xaf, 0xff, 0xff, 0xff, 0xff,
    0xff, 0xff, 0xff, 0xe0, 0xc, 0xff, 0xff, 0xff,
    0xff, 0xff, 0xff, 0xff, 0xff, 0x20, 0x0, 0xef,
    0xff, 0xff, 0xff, 0xff, 0xff, 0xff, 0xff, 0xc0,
    0x8, 0xff, 0xff, 0xff, 0xff, 0xff, 0xff, 0xff,
    0xff, 0x10, 0x0, 0xff, 0xff, 0xff, 0xff, 0xff,
    0xff, 0xff, 0xff, 0x80, 0x3, 0xff, 0xff, 0xff,
    0xff, 0xff, 0xff, 0xff, 0xff, 0xbb, 0xbb, 0xff,
    0xff, 0xff, 0xff, 0xff, 0xff, 0xff, 0xff, 0x30,
    0x0, 0xef, 0xff, 0xff, 0xff, 0xff, 0xff, 0xff,
    0xff, 0xff, 0xff, 0xff, 0xff, 0xff, 0xff, 0xff,
    0xff, 0xff, 0xfe, 0x0, 0x0, 0x7f, 0xff, 0xff,
    0xff, 0xff, 0xff, 0xff, 0xff, 0xff, 0xff, 0xff,
    0xff, 0xff, 0xff, 0xff, 0xff, 0xff, 0xf7, 0x0,
    0x0, 0x1f, 0xff, 0xff, 0xff, 0xff, 0xff, 0xff,
    0xff, 0xff, 0xff, 0xff, 0xff, 0xff, 0xff, 0xff,
    0xff, 0xff, 0xf1, 0x0, 0x0, 0x7, 0xff, 0xff,
    0xff, 0xff, 0xff, 0xff, 0xff, 0x32, 0x23, 0xff,
    0xff, 0xff, 0xff, 0xff, 0xff, 0xff, 0x70, 0x0,
    0x0, 0x0, 0xdf, 0xff, 0xff, 0xff, 0xff, 0xff,
    0xff, 0x10, 0x1, 0xff, 0xff, 0xff, 0xff, 0xff,
    0xff, 0xfd, 0x0, 0x0, 0x0, 0x0, 0x3f, 0xff,
    0xff, 0xff, 0xff, 0xff, 0xff, 0x10, 0x1, 0xff,
    0xff, 0xff, 0xff, 0xff, 0xff, 0xf2, 0x0, 0x0,
    0x0, 0x0, 0x5, 0xff, 0xff, 0xff, 0xff, 0xff,
    0xff, 0x10, 0x1, 0xff, 0xff, 0xff, 0xff, 0xff,
    0xff, 0x50, 0x0, 0x0, 0x0, 0x0, 0x0, 0x6f,
    0xff, 0xff, 0xff, 0xff, 0xff, 0xdc, 0xcd, 0xff,
    0xff, 0xff, 0xff, 0xff, 0xf6, 0x0, 0x0, 0x0,
    0x0, 0x0, 0x0, 0x5, 0xff, 0xff, 0xff, 0xff,
    0xff, 0xff, 0xff, 0xff, 0xff, 0xff, 0xff, 0xff,
    0x50, 0x0, 0x0, 0x0, 0x0, 0x0, 0x0, 0x0,
    0x2d, 0xff, 0xff, 0xff, 0xff, 0xff, 0xff, 0xff,
    0xff, 0xff, 0xff, 0xd2, 0x0, 0x0, 0x0, 0x0,
    0x0, 0x0, 0x0, 0x0, 0x0, 0x7e, 0xff, 0xff,
    0xff, 0xff, 0xff, 0xff, 0xff, 0xff, 0xe7, 0x0,
    0x0, 0x0, 0x0, 0x0, 0x0, 0x0, 0x0, 0x0,
    0x0, 0x0, 0x6c, 0xff, 0xff, 0xff, 0xff, 0xff,
    0xff, 0xc6, 0x0, 0x0, 0x0, 0x0, 0x0, 0x0,
    0x0, 0x0, 0x0, 0x0, 0x0, 0x0, 0x0, 0x26,
    0x9c, 0xee, 0xee, 0xc9, 0x62, 0x0, 0x0, 0x0,
    0x0, 0x0, 0x0, 0x0,

    /* U+F0319 "󰌙" */
    0x0, 0x0, 0x0, 0x12, 0x22, 0x22, 0x22, 0x22,
    0x22, 0x10, 0x0, 0x0, 0x0, 0x0, 0x0, 0x0,
    0x0, 0x0, 0x0, 0x0, 0x0, 0x0, 0x0, 0x0,
    0x6e, 0xff, 0xff, 0xff, 0xff, 0xff, 0xff, 0xfe,
    0x50, 0x0, 0x0, 0x0, 0x0, 0x0, 0x0, 0x0,
    0x0, 0x0, 0x0, 0x0, 0x0, 0x6, 0xff, 0xff,
    0xff, 0xff, 0xff, 0xff, 0xff, 0xff, 0xf5, 0x0,
    0x0, 0x0, 0x0, 0x0, 0x0, 0x0, 0x0, 0x0,
    0x0, 0x0, 0x0, 0xe, 0xff, 0xff, 0xff, 0xff,
    0xff, 0xff, 0xff, 0xff, 0xfd, 0x0, 0x0, 0x0,
    0x0, 0x0, 0x0, 0x0, 0x0, 0x0, 0x0, 0x0,
    0x0, 0x1f, 0xff, 0xeb, 0xbb, 0xbb, 0xbb, 0xbb,
    0xbb, 0xff, 0xff, 0x0, 0x0, 0x0, 0x0, 0x0,
    0x0, 0x0, 0x0, 0x0, 0x0, 0x0, 0x0, 0x1f,
    0xff, 0xa0, 0x0, 0x0, 0x0, 0x0, 0x0, 0xdf,
    0xff, 0x0, 0x0, 0x0, 0x0, 0x0, 0x0, 0x0,
    0x0, 0x0, 0x0, 0x0, 0x0, 0x1f, 0xff, 0xa0,
    0x0, 0x0, 0x0, 0x0, 0x0, 0xdf, 0xff, 0x0,
    0x0, 0x0, 0x0, 0x0, 0x0, 0x0, 0x0, 0x0,
    0x0, 0x0, 0x0, 0x1f, 0xff, 0xa0, 0x0, 0x0,
    0x0, 0x0, 0x0, 0xdf, 0xff, 0x0, 0x0, 0x0,
    0x0, 0x0, 0x0, 0x0, 0x0, 0x0, 0x0, 0x0,
    0x0, 0x1f, 0xff, 0xa0, 0x0, 0x0, 0x0, 0x0,
    0x0, 0xdf, 0xff, 0x0, 0x0, 0x0, 0x0, 0x0,
    0x0, 0x0, 0x0, 0x0, 0x0, 0x0, 0x0, 0x1f,
    0xff, 0xa0, 0x0, 0x0, 0x0, 0x0, 0x0, 0xdf,
    0xff, 0x0, 0x0, 0x0, 0x0, 0x0, 0x0, 0x0,
    0x0, 0x0, 0x0, 0x0, 0x0, 0x1f, 0xff, 0xa0,
    0x0, 0x0, 0x0, 0x0, 0x0, 0xdf, 0xff, 0x0,
    0x0, 0x0, 0x0, 0x0, 0x0, 0x0, 0x0, 0x0,
    0x0, 0x0, 0x0, 0x1f, 0xff, 0xa0, 0x0, 0x0,
    0x0, 0x0, 0x0, 0xdf, 0xff, 0x0, 0x0, 0x0,
    0x0, 0x0, 0x0, 0x0, 0x0, 0x0, 0x0, 0x0,
    0x0, 0x1f, 0xff, 0xfd, 0xdd, 0xdd, 0xdd, 0xdd,
    0xdd, 0xff, 0xff, 0x0, 0x0, 0x0, 0x0, 0x0,
    0x0, 0x0, 0x0, 0x0, 0x0, 0x0, 0x0, 0xd,
    0xff, 0xff, 0xff, 0xff, 0xff, 0xff, 0xff, 0xff,
    0xfc, 0x0, 0x0, 0x0, 0x0, 0x0, 0x0, 0x0,
    0x0, 0x0, 0x0, 0x0, 0x0, 0x4, 0xff, 0xff,
    0xff, 0xff, 0xff, 0xff, 0xff, 0xff, 0xf3, 0x0,
    0x0, 0x0, 0x0, 0x0, 0x0, 0x0, 0x0, 0x0,
    0x0, 0x0, 0x0, 0x0, 0x4c, 0xff, 0xff, 0xff,
    0xff, 0xff, 0xff, 0xfc, 0x30, 0x0, 0x0, 0x0,
    0x0, 0x0, 0x0, 0x0, 0x0, 0x0, 0x0, 0x0,
    0x1f, 0xff, 0xff, 0xff, 0xff, 0xff, 0xff, 0xff,
    0xff, 0xff, 0xff, 0xfe, 0x0, 0x0, 0x0, 0x0,
    0x0, 0x0, 0x0, 0x0, 0x0, 0x0, 0x1f, 0xff,
    0xff, 0xff, 0xff, 0xff, 0xff, 0xff, 0xff, 0xff,
    0xff, 0xfe, 0x0, 0x0, 0x0, 0x0, 0x0, 0x0,
    0x0, 0x0, 0x0, 0x0, 0x1f, 0xff, 0xff, 0xff,
    0xff, 0xff, 0xff, 0xff, 0xff, 0xff, 0xff, 0xfe,
    0x0, 0x0, 0x0, 0x0, 0x0, 0x0, 0x0, 0x0,
    0x0, 0x0, 0x1d, 0xdd, 0xdd, 0xdd, 0xdd, 0xdd,
    0xdd, 0xdd, 0xdd, 0xdd, 0xdd, 0xdc, 0x0, 0x0,
    0x0, 0x0, 0x0, 0x0, 0x0, 0x0, 0x0, 0x0,
    0x0, 0x0, 0x0, 0x0, 0x0, 0x0, 0x0, 0x0,
    0x0, 0x0, 0x0, 0x0, 0x0, 0x0, 0x0, 0x0,
    0x0, 0x0, 0x0, 0x0, 0x0, 0x0, 0x0, 0x0,
    0x0, 0x0, 0x0, 0x0, 0x0, 0x0, 0x0, 0x0,
    0x0, 0x0, 0x0, 0x0, 0x0, 0x0, 0x0, 0x0,
    0x0, 0x0, 0x0, 0x0, 0x0, 0x0, 0x0, 0x0,
    0x0, 0x0, 0x0, 0x0, 0x0, 0x0, 0x0, 0x0,
    0x0, 0x0, 0x0, 0x0, 0x0, 0x0, 0x0, 0x0,
    0x0, 0x0, 0x0, 0x0, 0x0, 0x0, 0x0, 0x0,
    0x0, 0x0, 0x0, 0x0, 0x0, 0x0, 0x1, 0x22,
    0x22, 0x22, 0x22, 0x22, 0x21, 0x0, 0x0, 0x0,
    0x0, 0x0, 0x0, 0x10, 0x0, 0x0, 0x0, 0x10,
    0x0, 0x0, 0x0, 0x5, 0xef, 0xff, 0xff, 0xff,
    0xff, 0xff, 0xff, 0xe6, 0x0, 0x0, 0x0, 0x0,
    0x4, 0xf4, 0x0, 0x0, 0x3, 0xe5, 0x0, 0x0,
    0x0, 0x4f, 0xff, 0xff, 0xff, 0xff, 0xff, 0xff,
    0xff, 0xff, 0x50, 0x0, 0x0, 0x0, 0x5f, 0xff,
    0x40, 0x0, 0x3f, 0xff, 0x60, 0x0, 0x0, 0xcf,
    0xff, 0xff, 0xff, 0xff, 0xff, 0xff, 0xff, 0xff,
    0xe0, 0x0, 0x0, 0x1, 0xff, 0xff, 0xf3, 0x3,
    0xef, 0xff, 0xf2, 0x0, 0x0, 0xff, 0xff, 0xbb,
    0xbb, 0xbb, 0xbb, 0xbb, 0xbe, 0xff, 0xf0, 0x0,
    0x0, 0x0, 0x4f, 0xff, 0xff, 0x6e, 0xff, 0xff,
    0x40, 0x0, 0x0, 0xff, 0xfe, 0x0, 0x0, 0x0,
    0x0, 0x0, 0xb, 0xff, 0xf1, 0x0, 0x0, 0x0,
    0x3, 0xff, 0xff, 0xff, 0xff, 0xf4, 0x0, 0x0,
    0x0, 0xff, 0xfe, 0x0, 0x0, 0x0, 0x0, 0x0,
    0xb, 0xff, 0xf1, 0x0, 0x0, 0x0, 0x0, 0x3e,
    0xff, 0xff, 0xff, 0x40, 0x0, 0x0, 0x0, 0xff,
    0xfe, 0x0, 0x0, 0x0, 0x0, 0x0, 0xb, 0xff,
    0xf1, 0x0, 0x0, 0x0, 0x0, 0x6, 0xff, 0xff,
    0xf7, 0x0, 0x0, 0x0, 0x0, 0xff, 0xfe, 0x0,
    0x0, 0x0, 0x0, 0x0, 0xb, 0xff, 0xf1, 0x0,
    0x0, 0x0, 0x0, 0x4f, 0xff, 0xff, 0xff, 0x50,
    0x0, 0x0, 0x0, 0xff, 0xfe, 0x0, 0x0, 0x0,
    0x0, 0x0, 0xb, 0xff, 0xf1, 0x0, 0x0, 0x0,
    0x5, 0xff, 0xff, 0xff, 0xff, 0xf6, 0x0, 0x0,
    0x0, 0xff, 0xfe, 0x0, 0x0, 0x0, 0x0, 0x0,
    0xb, 0xff, 0xf1, 0x0, 0x0, 0x0, 0x5f, 0xff,
    0xfe, 0x5e, 0xff, 0xff, 0x60, 0x0, 0x0, 0xff,
    0xfe, 0x0, 0x0, 0x0, 0x0, 0x0, 0xb, 0xff,
    0xf1, 0x0, 0x0, 0x1, 0xef, 0xff, 0xe2, 0x2,
    0xef, 0xff, 0xf1, 0x0, 0x0, 0xff, 0xff, 0xdd,
    0xdd, 0xdd, 0xdd, 0xdd, 0xdf, 0xff, 0xf0, 0x0,
    0x0, 0x0, 0x3e, 0xfe, 0x20, 0x0, 0x2e, 0xff,
    0x40, 0x0, 0x0, 0xbf, 0xff, 0xff, 0xff, 0xff,
    0xff, 0xff, 0xff, 0xff, 0xd0, 0x0, 0x0, 0x0,
    0x3, 0xd2, 0x0, 0x0, 0x2, 0xd3, 0x0, 0x0,
    0x0, 0x3f, 0xff, 0xff, 0xff, 0xff, 0xff, 0xff,
    0xff, 0xff, 0x40, 0x0, 0x0, 0x0, 0x0, 0x0,
    0x0, 0x0, 0x0, 0x0, 0x0, 0x0, 0x0, 0x3,
    0xbf, 0xff, 0xff, 0xff, 0xff, 0xff, 0xff, 0xc4,
    0x0, 0x0, 0x0, 0x0, 0x0, 0x0, 0x0, 0x0,
    0x0, 0x0, 0x0, 0x0, 0xdf, 0xff, 0xff, 0xff,
    0xff, 0xff, 0xff, 0xff, 0xff, 0xff, 0xff, 0xf0,
    0x0, 0x0, 0x0, 0x0, 0x0, 0x0, 0x0, 0x0,
    0x0, 0x0, 0xdf, 0xff, 0xff, 0xff, 0xff, 0xff,
    0xff, 0xff, 0xff, 0xff, 0xff, 0xf0, 0x0, 0x0,
    0x0, 0x0, 0x0, 0x0, 0x0, 0x0, 0x0, 0x0,
    0xdf, 0xff, 0xff, 0xff, 0xff, 0xff, 0xff, 0xff,
    0xff, 0xff, 0xff, 0xf0, 0x0, 0x0, 0x0, 0x0,
    0x0, 0x0, 0x0, 0x0, 0x0, 0x0, 0xbd, 0xdd,
    0xdd, 0xdd, 0xdd, 0xdd, 0xdd, 0xdd, 0xdd, 0xdd,
    0xdd, 0xd0,

    /* U+F0335 "󰌵" */
    0x0, 0x0, 0x0, 0x0, 0x0, 0x14, 0x78, 0x98,
    0x52, 0x0, 0x0, 0x0, 0x0, 0x0, 0x0, 0x0,
    0x0, 0x0, 0x5c, 0xff, 0xff, 0xff, 0xff, 0xd7,
    0x0, 0x0, 0x0, 0x0, 0x0, 0x0, 0x0, 0x3d,
    0xff, 0xff, 0xff, 0xff, 0xff, 0xff, 0xe6, 0x0,
    0x0, 0x0, 0x0, 0x0, 0x6, 0xff, 0xff, 0xff,
    0xff, 0xff, 0xff, 0xff, 0xff, 0xa0, 0x0, 0x0,
    0x0, 0x0, 0x7f, 0xff, 0xff, 0xff, 0xff, 0xff,
    0xff, 0xff, 0xff, 0xfc, 0x0, 0x0, 0x0, 0x5,
    0xff, 0xff, 0xff, 0xff, 0xff, 0xff, 0xff, 0xff,
    0xff, 0xff, 0xa0, 0x0, 0x0, 0x1f, 0xff, 0xff,
    0xff, 0xff, 0xff, 0xff, 0xff, 0xff, 0xff, 0xff,
    0xf5, 0x0, 0x0, 0xaf, 0xff, 0xff, 0xff, 0xff,
    0xff, 0xff, 0xff, 0xff, 0xff, 0xff, 0xfe, 0x0,
    0x2, 0xff, 0xff, 0xff, 0xff, 0xff, 0xff, 0xff,
    0xff, 0xff, 0xff, 0xff, 0xff, 0x70, 0x8, 0xff,
    0xff, 0xff, 0xff, 0xff, 0xff, 0xff, 0xff, 0xff,
    0xff, 0xff, 0xff, 0xd0, 0xd, 0xff, 0xff, 0xff,
    0xff, 0xff, 0xff, 0xff, 0xff, 0xff, 0xff, 0xff,
    0xff, 0xf2, 0xf, 0xff, 0xff, 0xff, 0xff, 0xff,
    0xff, 0xff, 0xff, 0xff, 0xff, 0xff, 0xff, 0xf5,
    0x2f, 0xff, 0xff, 0xff, 0xff, 0xff, 0xff, 0xff,
    0xff, 0xff, 0xff, 0xff, 0xff, 0xf7, 0x3f, 0xff,
    0xff, 0xff, 0xff, 0xff, 0xff, 0xff, 0xff, 0xff,
    0xff, 0xff, 0xff, 0xf8, 0x3f, 0xff, 0xff, 0xff,
    0xff, 0xff, 0xff, 0xff, 0xff, 0xff, 0xff, 0xff,
    0xff, 0xf8, 0x1f, 0xff, 0xff, 0xff, 0xff, 0xff,
    0xff, 0xff, 0xff, 0xff, 0xff, 0xff, 0xff, 0xf6,
    0xf, 0xff, 0xff, 0xff, 0xff, 0xff, 0xff, 0xff,
    0xff, 0xff, 0xff, 0xff, 0xff, 0xf4, 0xb, 0xff,
    0xff, 0xff, 0xff, 0xff, 0xff, 0xff, 0xff, 0xff,
    0xff, 0xff, 0xff, 0xf0, 0x6, 0xff, 0xff, 0xff,
    0xff, 0xff, 0xff, 0xff, 0xff, 0xff, 0xff, 0xff,
    0xff, 0xb0, 0x0, 0xef, 0xff, 0xff, 0xff, 0xff,
    0xff, 0xff, 0xff, 0xff, 0xff, 0xff, 0xff, 0x40,
    0x0, 0x6f, 0xff, 0xff, 0xff, 0xff, 0xff, 0xff,
    0xff, 0xff, 0xff, 0xff, 0xfb, 0x0, 0x0, 0xc,
    0xff, 0xff, 0xff, 0xff, 0xff, 0xff, 0xff, 0xff,
    0xff, 0xff, 0xf2, 0x0, 0x0, 0x1, 0xef, 0xff,
    0xff, 0xff, 0xff, 0xff, 0xff, 0xff, 0xff, 0xff,
    0x50, 0x0, 0x0, 0x0, 0x2e, 0xff, 0xff, 0xff,
    0xff, 0xff, 0xff, 0xff, 0xff, 0xf5, 0x0, 0x0,
    0x0, 0x0, 0x1, 0xcf, 0xff, 0xff, 0xff, 0xff,
    0xff, 0xff, 0xfe, 0x30, 0x0, 0x0, 0x0, 0x0,
    0x0, 0x7f, 0xff, 0xff, 0xff, 0xff, 0xff, 0xff,
    0xfc, 0x0, 0x0, 0x0, 0x0, 0x0, 0x0, 0x7f,
    0xff, 0xff, 0xff, 0xff, 0xff, 0xff, 0xfc, 0x0,
    0x0, 0x0, 0x0, 0x0, 0x0, 0x7f, 0xff, 0xff,
    0xff, 0xff, 0xff, 0xff, 0xfc, 0x0, 0x0, 0x0,
    0x0, 0x0, 0x0, 0x7f, 0xff, 0xff, 0xff, 0xff,
    0xff, 0xff, 0xfc, 0x0, 0x0, 0x0, 0x0, 0x0,
    0x0, 0x6f, 0xff, 0xff, 0xff, 0xff, 0xff, 0xff,
    0xfb, 0x0, 0x0, 0x0, 0x0, 0x0, 0x0, 0x1c,
    0xff, 0xff, 0xff, 0xff, 0xff, 0xff, 0xe3, 0x0,
    0x0, 0x0, 0x0, 0x0, 0x0, 0x0, 0x0, 0x0,
    0x0, 0x0, 0x0, 0x0, 0x0, 0x0, 0x0, 0x0,
    0x0, 0x0, 0x0, 0x0, 0x0, 0x0, 0x0, 0x0,
    0x0, 0x0, 0x0, 0x0, 0x0, 0x0, 0x0, 0x0,
    0x0, 0x0, 0x0, 0x0, 0x0, 0x0, 0x0, 0x0,
    0x0, 0x0, 0x0, 0x0, 0x0, 0x0, 0x0, 0x0,
    0x0, 0x0, 0x0, 0x0, 0x0, 0x0, 0x0, 0x0,
    0x0, 0x0, 0x0, 0x0, 0x0, 0x0, 0x7d, 0xdd,
    0xdd, 0xdd, 0xdd, 0xdc, 0x0, 0x0, 0x0, 0x0,
    0x0, 0x0, 0x0, 0x0, 0x9f, 0xff, 0xff, 0xff,
    0xff, 0xfe, 0x0, 0x0, 0x0, 0x0, 0x0, 0x0,
    0x0, 0x0, 0x8f, 0xff, 0xff, 0xff, 0xff, 0xfd,
    0x0, 0x0, 0x0, 0x0, 0x0, 0x0, 0x0, 0x0,
    0x1b, 0xff, 0xff, 0xff, 0xff, 0xd4, 0x0, 0x0,
    0x0, 0x0,

    /* U+F0336 "󰌶" */
    0x0, 0x0, 0x0, 0x0, 0x0, 0x15, 0x79, 0x98,
    0x63, 0x0, 0x0, 0x0, 0x0, 0x0, 0x0, 0x0,
    0x0, 0x0, 0x5c, 0xff, 0xff, 0xff, 0xff, 0xe8,
    0x10, 0x0, 0x0, 0x0, 0x0, 0x0, 0x0, 0x3d,
    0xff, 0xff, 0xff, 0xff, 0xff, 0xff, 0xf6, 0x0,
    0x0, 0x0, 0x0, 0x0, 0x6, 0xff, 0xff, 0xff,
    0xff, 0xff, 0xff, 0xff, 0xff, 0xa0, 0x0, 0x0,
    0x0, 0x0, 0x7f, 0xff, 0xff, 0xe8, 0x53, 0x34,
    0x7c, 0xff, 0xff, 0xfc, 0x0, 0x0, 0x0, 0x5,
    0xff, 0xff, 0xf6, 0x0, 0x0, 0x0, 0x0, 0x3d,
    0xff, 0xff, 0xa0, 0x0, 0x0, 0x1f, 0xff, 0xfd,
    0x20, 0x0, 0x0, 0x0, 0x0, 0x0, 0xaf, 0xff,
    0xf6, 0x0, 0x0, 0xaf, 0xff, 0xe1, 0x0, 0x0,
    0x0, 0x0, 0x0, 0x0, 0xa, 0xff, 0xfe, 0x0,
    0x2, 0xff, 0xff, 0x30, 0x0, 0x0, 0x0, 0x0,
    0x0, 0x0, 0x0, 0xdf, 0xff, 0x70, 0x8, 0xff,
    0xf9, 0x0, 0x0, 0x0, 0x0, 0x0, 0x0, 0x0,
    0x0, 0x4f, 0xff, 0xd0, 0xd, 0xff, 0xf2, 0x0,
    0x0, 0x0, 0x0, 0x0, 0x0, 0x0, 0x0, 0xd,
    0xff, 0xf2, 0xf, 0xff, 0xd0, 0x0, 0x0, 0x0,
    0x0, 0x0, 0x0, 0x0, 0x0, 0x8, 0xff, 0xf5,
    0x2f, 0xff, 0xa0, 0x0, 0x0, 0x0, 0x0, 0x0,
    0x0, 0x0, 0x0, 0x5, 0xff, 0xf7, 0x3f, 0xff,
    0x90, 0x0, 0x0, 0x0, 0x0, 0x0, 0x0, 0x0,
    0x0, 0x4, 0xff, 0xf8, 0x3f, 0xff, 0x90, 0x0,
    0x0, 0x0, 0x0, 0x0, 0x0, 0x0, 0x0, 0x4,
    0xff, 0xf8, 0x1f, 0xff, 0xb0, 0x0, 0x0, 0x0,
    0x0, 0x0, 0x0, 0x0, 0x0, 0x6, 0xff, 0xf6,
    0xf, 0xff, 0xe0, 0x0, 0x0, 0x0, 0x0, 0x0,
    0x0, 0x0, 0x0, 0xa, 0xff, 0xf4, 0xb, 0xff,
    0xf4, 0x0, 0x0, 0x0, 0x0, 0x0, 0x0, 0x0,
    0x0, 0xf, 0xff, 0xf0, 0x6, 0xff, 0xfc, 0x0,
    0x0, 0x0, 0x0, 0x0, 0x0, 0x0, 0x0, 0x8f,
    0xff, 0xb0, 0x0, 0xff, 0xff, 0x60, 0x0, 0x0,
    0x0, 0x0, 0x0, 0x0, 0x3, 0xff, 0xff, 0x40,
    0x0, 0x8f, 0xff, 0xf4, 0x0, 0x0, 0x0, 0x0,
    0x0, 0x0, 0x2e, 0xff, 0xfb, 0x0, 0x0, 0xd,
    0xff, 0xff, 0x50, 0x0, 0x0, 0x0, 0x0, 0x4,
    0xef, 0xff, 0xf2, 0x0, 0x0, 0x2, 0xff, 0xff,
    0xfb, 0x0, 0x0, 0x0, 0x0, 0xaf, 0xff, 0xff,
    0x50, 0x0, 0x0, 0x0, 0x4f, 0xff, 0xff, 0x10,
    0x0, 0x0, 0x0, 0xff, 0xff, 0xf6, 0x0, 0x0,
    0x0, 0x0, 0x2, 0xef, 0xff, 0x10, 0x0, 0x0,
    0x0, 0xff, 0xfe, 0x30, 0x0, 0x0, 0x0, 0x0,
    0x0, 0xbf, 0xff, 0x10, 0x0, 0x0, 0x0, 0xff,
    0xfc, 0x0, 0x0, 0x0, 0x0, 0x0, 0x0, 0xbf,
    0xff, 0x10, 0x0, 0x0, 0x0, 0xff, 0xfc, 0x0,
    0x0, 0x0, 0x0, 0x0, 0x0, 0xbf, 0xff, 0xdd,
    0xdd, 0xdd, 0xdd, 0xff, 0xfc, 0x0, 0x0, 0x0,
    0x0, 0x0, 0x0, 0xbf, 0xff, 0xff, 0xff, 0xff,
    0xff, 0xff, 0xfc, 0x0, 0x0, 0x0, 0x0, 0x0,
    0x0, 0xaf, 0xff, 0xff, 0xff, 0xff, 0xff, 0xff,
    0xfb, 0x0, 0x0, 0x0, 0x0, 0x0, 0x0, 0x2d,
    0xff, 0xff, 0xff, 0xff, 0xff, 0xff, 0xe3, 0x0,
    0x0, 0x0, 0x0, 0x0, 0x0, 0x0, 0x0, 0x0,
    0x0, 0x0, 0x0, 0x0, 0x0, 0x0, 0x0, 0x0,
    0x0, 0x0, 0x0, 0x0, 0x0, 0x0, 0x0, 0x0,
    0x0, 0x0, 0x0, 0x0, 0x0, 0x0, 0x0, 0x0,
    0x0, 0x0, 0x0, 0x0, 0x0, 0x0, 0x0, 0x0,
    0x0, 0x0, 0x0, 0x0, 0x0, 0x0, 0x0, 0x0,
    0x0, 0x0, 0x0, 0x0, 0x0, 0x0, 0x0, 0x0,
    0x0, 0x0, 0x0, 0x0, 0x0, 0x0, 0xad, 0xdd,
    0xdd, 0xdd, 0xdd, 0xdc, 0x0, 0x0, 0x0, 0x0,
    0x0, 0x0, 0x0, 0x0, 0xdf, 0xff, 0xff, 0xff,
    0xff, 0xfe, 0x0, 0x0, 0x0, 0x0, 0x0, 0x0,
    0x0, 0x0, 0xbf, 0xff, 0xff, 0xff, 0xff, 0xfd,
    0x0, 0x0, 0x0, 0x0, 0x0, 0x0, 0x0, 0x0,
    0x3d, 0xff, 0xff, 0xff, 0xff, 0xd4, 0x0, 0x0,
    0x0, 0x0,

    /* U+F033E "󰌾" */
    0x0, 0x0, 0x0, 0x0, 0x0, 0x0, 0x0, 0x1,
    0x10, 0x0, 0x0, 0x0, 0x0, 0x0, 0x0, 0x0,
    0x0, 0x0, 0x0, 0x0, 0x0, 0x1, 0x7c, 0xff,
    0xff, 0xc7, 0x10, 0x0, 0x0, 0x0, 0x0, 0x0,
    0x0, 0x0, 0x0, 0x0, 0x0, 0x5f, 0xff, 0xff,
    0xff, 0xff, 0xf5, 0x0, 0x0, 0x0, 0x0, 0x0,
    0x0, 0x0, 0x0, 0x0, 0x9, 0xff, 0xff, 0xff,
    0xff, 0xff, 0xff, 0x90, 0x0, 0x0, 0x0, 0x0,
    0x0, 0x0, 0x0, 0x0, 0x8f, 0xff, 0xff, 0xec,
    0xce, 0xff, 0xff, 0xf8, 0x0, 0x0, 0x0, 0x0,
    0x0, 0x0, 0x0, 0x4, 0xff, 0xff, 0xc4, 0x0,
    0x0, 0x4d, 0xff, 0xff, 0x40, 0x0, 0x0, 0x0,
    0x0, 0x0, 0x0, 0xd, 0xff, 0xfb, 0x0, 0x0,
    0x0, 0x0, 0xbf, 0xff, 0xd0, 0x0, 0x0, 0x0,
    0x0, 0x0, 0x0, 0x3f, 0xff, 0xe0, 0x0, 0x0,
    0x0, 0x0, 0x1e, 0xff, 0xf3, 0x0, 0x0, 0x0,
    0x0, 0x0, 0x0, 0x7f, 0xff, 0x80, 0x0, 0x0,
    0x0, 0x0, 0x8, 0xff, 0xf7, 0x0, 0x0, 0x0,
    0x0, 0x0, 0x0, 0x9f, 0xff, 0x40, 0x0, 0x0,
    0x0, 0x0, 0x4, 0xff, 0xf9, 0x0, 0x0, 0x0,
    0x0, 0x0, 0x0, 0xaf, 0xff, 0x30, 0x0, 0x0,
    0x0, 0x0, 0x3, 0xff, 0xfa, 0x0, 0x0, 0x0,
    0x0, 0x0, 0x0, 0xaf, 0xff, 0x30, 0x0, 0x0,
    0x0, 0x0, 0x3, 0xff, 0xfa, 0x0, 0x0, 0x0,
    0x0, 0x0, 0x0, 0xaf, 0xff, 0x30, 0x0, 0x0,
    0x0, 0x0, 0x3, 0xff, 0xfa, 0x0, 0x0, 0x0,
    0x0, 0x0, 0x0, 0xaf, 0xff, 0x30, 0x0, 0x0,
    0x0, 0x0, 0x3, 0xff, 0xfa, 0x0, 0x0, 0x0,
    0x0, 0x5c, 0xee, 0xff, 0xff, 0xee, 0xee, 0xee,
    0xee, 0xee, 0xee, 0xff, 0xff, 0xee, 0xc5, 0x0,
    0x8, 0xff, 0xff, 0xff, 0xff, 0xff, 0xff, 0xff,
    0xff, 0xff, 0xff, 0xff, 0xff, 0xff, 0xff, 0x80,
    0x2f, 0xff, 0xff, 0xff, 0xff, 0xff, 0xff, 0xff,
    0xff, 0xff, 0xff, 0xff, 0xff, 0xff, 0xff, 0xf2,
    0x6f, 0xff, 0xff, 0xff, 0xff, 0xff, 0xff, 0xff,
    0xff, 0xff, 0xff, 0xff, 0xff, 0xff, 0xff, 0xf6,
    0x6f, 0xff, 0xff, 0xff, 0xff, 0xff, 0xff, 0xff,
    0xff, 0xff, 0xff, 0xff, 0xff, 0xff, 0xff, 0xf6,
    0x6f, 0xff, 0xff, 0xff, 0xff, 0xff, 0xff, 0xff,
    0xff, 0xff, 0xff, 0xff, 0xff, 0xff, 0xff, 0xf6,
    0x6f, 0xff, 0xff, 0xff, 0xff, 0xff, 0xff, 0xff,
    0xff, 0xff, 0xff, 0xff, 0xff, 0xff, 0xff, 0xf6,
    0x6f, 0xff, 0xff, 0xff, 0xff, 0xff, 0xff, 0xff,
    0xff, 0xff, 0xff, 0xff, 0xff, 0xff, 0xff, 0xf6,
    0x6f, 0xff, 0xff, 0xff, 0xff, 0xff, 0xff, 0xff,
    0xff, 0xff, 0xff, 0xff, 0xff, 0xff, 0xff, 0xf6,
    0x6f, 0xff, 0xff, 0xff, 0xff, 0xff, 0xff, 0xeb,
    0xbe, 0xff, 0xff, 0xff, 0xff, 0xff, 0xff, 0xf6,
    0x6f, 0xff, 0xff, 0xff, 0xff, 0xff, 0xf8, 0x0,
    0x0, 0x8f, 0xff, 0xff, 0xff, 0xff, 0xff, 0xf6,
    0x6f, 0xff, 0xff, 0xff, 0xff, 0xff, 0xa0, 0x0,
    0x0, 0xa, 0xff, 0xff, 0xff, 0xff, 0xff, 0xf6,
    0x6f, 0xff, 0xff, 0xff, 0xff, 0xff, 0x30, 0x0,
    0x0, 0x3, 0xff, 0xff, 0xff, 0xff, 0xff, 0xf6,
    0x6f, 0xff, 0xff, 0xff, 0xff, 0xff, 0x10, 0x0,
    0x0, 0x1, 0xff, 0xff, 0xff, 0xff, 0xff, 0xf6,
    0x6f, 0xff, 0xff, 0xff, 0xff, 0xff, 0x30, 0x0,
    0x0, 0x3, 0xff, 0xff, 0xff, 0xff, 0xff, 0xf6,
    0x6f, 0xff, 0xff, 0xff, 0xff, 0xff, 0xa0, 0x0,
    0x0, 0xa, 0xff, 0xff, 0xff, 0xff, 0xff, 0xf6,
    0x6f, 0xff, 0xff, 0xff, 0xff, 0xff, 0xf7, 0x0,
    0x0, 0x7f, 0xff, 0xff, 0xff, 0xff, 0xff, 0xf6,
    0x6f, 0xff, 0xff, 0xff, 0xff, 0xff, 0xff, 0xda,
    0xad, 0xff, 0xff, 0xff, 0xff, 0xff, 0xff, 0xf6,
    0x6f, 0xff, 0xff, 0xff, 0xff, 0xff, 0xff, 0xff,
    0xff, 0xff, 0xff, 0xff, 0xff, 0xff, 0xff, 0xf6,
    0x6f, 0xff, 0xff, 0xff, 0xff, 0xff, 0xff, 0xff,
    0xff, 0xff, 0xff, 0xff, 0xff, 0xff, 0xff, 0xf6,
    0x6f, 0xff, 0xff, 0xff, 0xff, 0xff, 0xff, 0xff,
    0xff, 0xff, 0xff, 0xff, 0xff, 0xff, 0xff, 0xf6,
    0x6f, 0xff, 0xff, 0xff, 0xff, 0xff, 0xff, 0xff,
    0xff, 0xff, 0xff, 0xff, 0xff, 0xff, 0xff, 0xf6,
    0x6f, 0xff, 0xff, 0xff, 0xff, 0xff, 0xff, 0xff,
    0xff, 0xff, 0xff, 0xff, 0xff, 0xff, 0xff, 0xf6,
    0x6f, 0xff, 0xff, 0xff, 0xff, 0xff, 0xff, 0xff,
    0xff, 0xff, 0xff, 0xff, 0xff, 0xff, 0xff, 0xf6,
    0x2f, 0xff, 0xff, 0xff, 0xff, 0xff, 0xff, 0xff,
    0xff, 0xff, 0xff, 0xff, 0xff, 0xff, 0xff, 0xf2,
    0x8, 0xff, 0xff, 0xff, 0xff, 0xff, 0xff, 0xff,
    0xff, 0xff, 0xff, 0xff, 0xff, 0xff, 0xff, 0x80,
    0x0, 0x6d, 0xff, 0xff, 0xff, 0xff, 0xff, 0xff,
    0xff, 0xff, 0xff, 0xff, 0xff, 0xff, 0xd6, 0x0,

    /* U+F035B "󰍛" */
    0x0, 0x0, 0x0, 0x0, 0x0, 0x0, 0x79, 0x99,
    0x10, 0x0, 0x89, 0x99, 0x0, 0x0, 0x0, 0x0,
    0x0, 0x0, 0x0, 0x0, 0x0, 0x0, 0x0, 0x0,
    0xbf, 0xff, 0x10, 0x0, 0xef, 0xff, 0x0, 0x0,
    0x0, 0x0, 0x0, 0x0, 0x0, 0x0, 0x0, 0x0,
    0x0, 0x0, 0xbf, 0xff, 0x10, 0x0, 0xef, 0xff,
    0x0, 0x0, 0x0, 0x0, 0x0, 0x0, 0x0, 0x0,
    0x0, 0x0, 0x0, 0x0, 0xbf, 0xff, 0x10, 0x0,
    0xef, 0xff, 0x0, 0x0, 0x0, 0x0, 0x0, 0x0,
    0x0, 0x0, 0x0, 0x19, 0xbb, 0xbb, 0xef, 0xff,
    0xcb, 0xbb, 0xff, 0xff, 0xbb, 0xbb, 0xa5, 0x0,
    0x0, 0x0, 0x0, 0x0, 0x3, 0xef, 0xff, 0xff,
    0xff, 0xff, 0xff, 0xff, 0xff, 0xff, 0xff, 0xff,
    0xff, 0x90, 0x0, 0x0, 0x0, 0x0, 0xc, 0xff,
    0xff, 0xff, 0xff, 0xff, 0xff, 0xff, 0xff, 0xff,
    0xff, 0xff, 0xff, 0xf5, 0x0, 0x0, 0x0, 0x0,
    0x1f, 0xff, 0xff, 0xff, 0xff, 0xff, 0xff, 0xff,
    0xff, 0xff, 0xff, 0xff, 0xff, 0xfa, 0x0, 0x0,
    0x0, 0x0, 0x2f, 0xff, 0xa0, 0x0, 0x0, 0x0,
    0x0, 0x0, 0x0, 0x0, 0x0, 0x1, 0xff, 0xfb,
    0x0, 0x0, 0x0, 0x0, 0x2f, 0xff, 0x90, 0x0,
    0x0, 0x0, 0x0, 0x0, 0x0, 0x0, 0x0, 0x1,
    0xff, 0xfb, 0x0, 0x0, 0x0, 0x0, 0x2f, 0xff,
    0x90, 0x0, 0x0, 0x0, 0x0, 0x0, 0x0, 0x0,
    0x0, 0x1, 0xff, 0xfb, 0x0, 0x0, 0x0, 0x0,
    0x2f, 0xff, 0x90, 0x0, 0x0, 0x0, 0x0, 0x0,
    0x0, 0x0, 0x0, 0x1, 0xff, 0xfb, 0x0, 0x0,
    0xf, 0xff, 0xff, 0xff, 0x90, 0x0, 0xbf, 0xff,
    0xff, 0xff, 0xff, 0xff, 0x0, 0x1, 0xff, 0xff,
    0xff, 0xf8, 0xf, 0xff, 0xff, 0xff, 0x90, 0x0,
    0xbf, 0xff, 0xff, 0xff, 0xff, 0xff, 0x0, 0x1,
    0xff, 0xff, 0xff, 0xf8, 0xf, 0xff, 0xff, 0xff,
    0x90, 0x0, 0xbf, 0xff, 0xff, 0xff, 0xff, 0xff,
    0x0, 0x1, 0xff, 0xff, 0xff, 0xf8, 0xd, 0xdd,
    0xef, 0xff, 0x90, 0x0, 0xbf, 0xff, 0xdd, 0xdd,
    0xff, 0xff, 0x0, 0x1, 0xff, 0xff, 0xdd, 0xd7,
    0x0, 0x0, 0x2f, 0xff, 0x90, 0x0, 0xbf, 0xff,
    0x10, 0x0, 0xef, 0xff, 0x0, 0x1, 0xff, 0xfb,
    0x0, 0x0, 0x0, 0x0, 0x2f, 0xff, 0x90, 0x0,
    0xbf, 0xff, 0x10, 0x0, 0xef, 0xff, 0x0, 0x1,
    0xff, 0xfb, 0x0, 0x0, 0x0, 0x0, 0x2f, 0xff,
    0x90, 0x0, 0xbf, 0xff, 0x10, 0x0, 0xef, 0xff,
    0x0, 0x1, 0xff, 0xfb, 0x0, 0x0, 0x2, 0x22,
    0x4f, 0xff, 0x90, 0x0, 0xbf, 0xff, 0x32, 0x22,
    0xef, 0xff, 0x0, 0x1, 0xff, 0xfb, 0x22, 0x21,
    0xf, 0xff, 0xff, 0xff, 0x90, 0x0, 0xbf, 0xff,
    0xff, 0xff, 0xff, 0xff, 0x0, 0x1, 0xff, 0xff,
    0xff, 0xf8, 0xf, 0xff, 0xff, 0xff, 0x90, 0x0,
    0xbf, 0xff, 0xff, 0xff, 0xff, 0xff, 0x0, 0x1,
    0xff, 0xff, 0xff, 0xf8, 0xf, 0xff, 0xff, 0xff,
    0x90, 0x0, 0xbf, 0xff, 0xff, 0xff, 0xff, 0xff,
    0x0, 0x1, 0xff, 0xff, 0xff, 0xf8, 0xb, 0xbb,
    0xcf, 0xff, 0x90, 0x0, 0x8b, 0xbb, 0xbb, 0xbb,
    0xbb, 0xbb, 0x0, 0x1, 0xff, 0xfe, 0xbb, 0xb6,
    0x0, 0x0, 0x2f, 0xff, 0x90, 0x0, 0x0, 0x0,
    0x0, 0x0, 0x0, 0x0, 0x0, 0x1, 0xff, 0xfb,
    0x0, 0x0, 0x0, 0x0, 0x2f, 0xff, 0x90, 0x0,
    0x0, 0x0, 0x0, 0x0, 0x0, 0x0, 0x0, 0x1,
    0xff, 0xfb, 0x0, 0x0, 0x0, 0x0, 0x2f, 0xff,
    0x90, 0x0, 0x0, 0x0, 0x0, 0x0, 0x0, 0x0,
    0x0, 0x1, 0xff, 0xfb, 0x0, 0x0, 0x0, 0x0,
    0x2f, 0xff, 0xeb, 0xbb, 0xbb, 0xbb, 0xbb, 0xbb,
    0xbb, 0xbb, 0xbb, 0xbc, 0xff, 0xfa, 0x0, 0x0,
    0x0, 0x0, 0xf, 0xff, 0xff, 0xff, 0xff, 0xff,
    0xff, 0xff, 0xff, 0xff, 0xff, 0xff, 0xff, 0xf8,
    0x0, 0x0, 0x0, 0x0, 0x7, 0xff, 0xff, 0xff,
    0xff, 0xff, 0xff, 0xff, 0xff, 0xff, 0xff, 0xff,
    0xff, 0xe1, 0x0, 0x0, 0x0, 0x0, 0x0, 0x6e,
    0xff, 0xff, 0xff, 0xff, 0xff, 0xff, 0xff, 0xff,
    0xff, 0xff, 0xfa, 0x10, 0x0, 0x0, 0x0, 0x0,
    0x0, 0x0, 0x0, 0x0, 0xcf, 0xff, 0x20, 0x0,
    0xef, 0xff, 0x0, 0x0, 0x0, 0x0, 0x0, 0x0,
    0x0, 0x0, 0x0, 0x0, 0x0, 0x0, 0xbf, 0xff,
    0x10, 0x0, 0xef, 0xff, 0x0, 0x0, 0x0, 0x0,
    0x0, 0x0, 0x0, 0x0, 0x0, 0x0, 0x0, 0x0,
    0xbf, 0xff, 0x10, 0x0, 0xef, 0xff, 0x0, 0x0,
    0x0, 0x0, 0x0, 0x0, 0x0, 0x0, 0x0, 0x0,
    0x0, 0x0, 0xae, 0xee, 0x10, 0x0, 0xce, 0xee,
    0x0, 0x0, 0x0, 0x0, 0x0, 0x0,

    /* U+F0392 "󰎒" */
    0x0, 0x7, 0xab, 0xbb, 0xbb, 0xbb, 0xbb, 0xbb,
    0xbb, 0xbb, 0xbb, 0xbb, 0xbb, 0xbb, 0xbb, 0xbb,
    0x94, 0x0, 0x1, 0xdf, 0xff, 0xff, 0xff, 0xff,
    0xff, 0xff, 0xff, 0xff, 0xff, 0xff, 0xff, 0xff,
    0xff, 0xff, 0xff, 0x80, 0xa, 0xff, 0xff, 0xff,
    0xff, 0xff, 0xff, 0xff, 0xff, 0xff, 0xff, 0xff,
    0xff, 0xff, 0xff, 0xff, 0xff, 0xf3, 0xf, 0xff,
    0xff, 0xff, 0xff, 0xff, 0xff, 0xff, 0xff, 0xff,
    0xff, 0xff, 0xff, 0xff, 0xff, 0xff, 0xff, 0xf8,
    0x1f, 0xff, 0xff, 0xff, 0xff, 0xff, 0xff, 0xff,
    0xff, 0xff, 0xff, 0xff, 0xff, 0xff, 0xff, 0xff,
    0xff, 0xfa, 0x1f, 0xff, 0xff, 0xff, 0xff, 0xff,
    0xff, 0xff, 0xff, 0xff, 0xff, 0xff, 0xff, 0xff,
    0xff, 0xff, 0xff, 0xfa, 0x1f, 0xff, 0xff, 0xff,
    0xff, 0xff, 0xff, 0xa6, 0x31, 0x12, 0x48, 0xdf,
    0xff, 0xff, 0xff, 0xff, 0xff, 0xfa, 0x1f, 0xff,
    0xff, 0xff, 0xff, 0xff, 0x91, 0x0, 0x0, 0x0,
    0x0, 0x4, 0xdf, 0xff, 0xff, 0xff, 0xff, 0xfa,
    0x1f, 0xff, 0xff, 0xff, 0xff, 0xe3, 0x0, 0x0,
    0x0, 0x0, 0x0, 0x0, 0x8, 0xff, 0xff, 0xff,
    0xff, 0xfa, 0x1f, 0xff, 0xff, 0xff, 0xfe, 0x10,
    0x0, 0x0, 0x0, 0x0, 0x0, 0x0, 0x0, 0x6f,
    0xff, 0xff, 0xff, 0xfa, 0x1f, 0xff, 0xff, 0xff,
    0xf2, 0x0, 0x0, 0x6, 0xbd, 0xdc, 0x82, 0x0,
    0x0, 0x8, 0xff, 0xff, 0xff, 0xfa, 0x1f, 0xff,
    0xff, 0xff, 0x60, 0x0, 0x4, 0xef, 0xff, 0xff,
    0xff, 0x80, 0x0, 0x0, 0xdf, 0xff, 0xff, 0xfa,
    0x1f, 0xff, 0xff, 0xfd, 0x0, 0x0, 0x5f, 0xff,
    0xff, 0xff, 0xff, 0xfa, 0x0, 0x0, 0x5f, 0xff,
    0xff, 0xfa, 0x1f, 0xff, 0xff, 0xf6, 0x0, 0x2,
    0xff, 0xff, 0xff, 0xff, 0xff, 0xff, 0x70, 0x0,
    0xd, 0xff, 0xff, 0xfa, 0x1f, 0xff, 0xff, 0xf1,
    0x0, 0xb, 0xff, 0xff, 0xff, 0xff, 0xff, 0xff,
    0xf1, 0x0, 0x8, 0xff, 0xff, 0xfa, 0x1f, 0xff,
    0xff, 0xe0, 0x0, 0x1f, 0xff, 0xff, 0xff, 0xff,
    0xff, 0xff, 0xf7, 0x0, 0x5, 0xff, 0xff, 0xfa,
    0x1f, 0xff, 0xff, 0xb0, 0x0, 0x5f, 0xff, 0xff,
    0xff, 0xff, 0xff, 0xff, 0xfb, 0x0, 0x2, 0xff,
    0xff, 0xfa, 0x1f, 0xff, 0xff, 0xb0, 0x0, 0x7f,
    0xff, 0xff, 0xff, 0xff, 0xff, 0xff, 0xfc, 0x0,
    0x2, 0xff, 0xff, 0xfa, 0x1f, 0xff, 0xff, 0xb0,
    0x0, 0x6f, 0xff, 0xff, 0xff, 0xff, 0xff, 0xff,
    0xfb, 0x0, 0x2, 0xff, 0xff, 0xfa, 0x1f, 0xff,
    0xff, 0xd0, 0x0, 0x4f, 0xff, 0xff, 0xff, 0xff,
    0xff, 0xff, 0xf9, 0x0, 0x4, 0xff, 0xff, 0xfa,
    0x1f, 0xff, 0xff, 0xf0, 0x0, 0xe, 0xff, 0xff,
    0xff, 0xff, 0xff, 0xff, 0xf4, 0x0, 0x7, 0xff,
    0xff, 0xfa, 0x1f, 0xff, 0xff, 0xf5, 0x0, 0x7,
    0xff, 0xff, 0xff, 0xff, 0xff, 0xff, 0xc0, 0x0,
    0xc, 0xff, 0xff, 0xfa, 0x1f, 0xff, 0xff, 0xfb,
    0x0, 0x0, 0xbf, 0xff, 0xff, 0xff, 0xff, 0xff,
    0x20, 0x0, 0x2f, 0xff, 0xff, 0xfa, 0x1f, 0xff,
    0xff, 0xff, 0x30, 0x0, 0xb, 0xff, 0xff, 0xff,
    0xff, 0xe3, 0x0, 0x0, 0xaf, 0xff, 0xff, 0xfa,
    0x1f, 0xff, 0xff, 0xff, 0xd0, 0x0, 0x0, 0x6e,
    0xff, 0xff, 0xf9, 0x10, 0x0, 0x5, 0xff, 0xff,
    0xff, 0xfa, 0x1f, 0xff, 0xff, 0xff, 0xfb, 0x0,
    0x0, 0x0, 0x35, 0x54, 0x0, 0x0, 0x0, 0x3f,
    0xff, 0xff, 0xff, 0xfa, 0x1f, 0xff, 0xff, 0xff,
    0xff, 0xb0, 0x0, 0x0, 0x0, 0x0, 0x0, 0x0,
    0x4, 0xef, 0xff, 0xff, 0xff, 0xfa, 0x1f, 0xff,
    0xff, 0xff, 0xff, 0xfd, 0x40, 0x0, 0x0, 0x0,
    0x0, 0x0, 0x8f, 0xff, 0xff, 0xff, 0xff, 0xfa,
    0x1f, 0xff, 0xff, 0xff, 0xff, 0xff, 0xfc, 0x61,
    0x0, 0x0, 0x3, 0x8e, 0xff, 0xff, 0xff, 0xff,
    0xff, 0xfa, 0x1f, 0xff, 0xff, 0xff, 0xff, 0xff,
    0xff, 0xff, 0xec, 0xcd, 0xff, 0xff, 0xff, 0xff,
    0xff, 0xff, 0xff, 0xfa, 0x1f, 0xff, 0xff, 0xff,
    0xff, 0xff, 0xff, 0xff, 0xff, 0xff, 0xff, 0xff,
    0xff, 0xff, 0xff, 0xff, 0xff, 0xfa, 0xf, 0xff,
    0xff, 0xff, 0xff, 0xff, 0xff, 0xff, 0xff, 0xff,
    0xff, 0xff, 0xff, 0xff, 0xff, 0xff, 0xff, 0xf9,
    0xd, 0xff, 0xff, 0xff, 0xff, 0xff, 0xff, 0xff,
    0xff, 0xff, 0xff, 0xff, 0xff, 0xff, 0xff, 0xff,
    0xff, 0xf5, 0x4, 0xff, 0xff, 0xff, 0xff, 0xff,
    0xff, 0xff, 0xff, 0xff, 0xff, 0xff, 0xff, 0xff,
    0xff, 0xff, 0xff, 0xc0, 0x0, 0x3c, 0xff, 0xff,
    0xff, 0xff, 0xff, 0xff, 0xff, 0xff, 0xff, 0xff,
    0xff, 0xff, 0xff, 0xff, 0xe9, 0x0,

    /* U+F0393 "󰎓" */
    0x0, 0x0, 0x0, 0x0, 0x0, 0x0, 0x0, 0x0,
    0x46, 0x89, 0x98, 0x64, 0x10, 0x0, 0x0, 0x0,
    0x0, 0x0, 0x0, 0x0, 0x0, 0x0, 0x0, 0x0,
    0x0, 0x0, 0x17, 0xcf, 0xff, 0xff, 0xff, 0xff,
    0xfc, 0x71, 0x0, 0x0, 0x0, 0x0, 0x0, 0x0,
    0x0, 0x0, 0x0, 0x0, 0x0, 0x29, 0xff, 0xff,
    0xff, 0xff, 0xff, 0xff, 0xff, 0xff, 0x91, 0x0,
    0x0, 0x0, 0x0, 0x0, 0x0, 0x0, 0x0, 0x0,
    0x7, 0xff, 0xff, 0xff, 0xff, 0xff, 0xff, 0xff,
    0xff, 0xff, 0xff, 0x60, 0x0, 0x0, 0x0, 0x0,
    0x0, 0x0, 0x0, 0x1, 0xcf, 0xff, 0xff, 0xff,
    0xff, 0xff, 0xff, 0xff, 0xff, 0xff, 0xff, 0xfb,
    0x10, 0x0, 0x0, 0x0, 0x0, 0x0, 0x0, 0x2e,
    0xff, 0xff, 0xff, 0xff, 0xff, 0xff, 0xff, 0xff,
    0xff, 0xff, 0xff, 0xff, 0xd2, 0x0, 0x0, 0x0,
    0x0, 0x0, 0x2, 0xef, 0xff, 0xff, 0xff, 0xfe,
    0x96, 0x32, 0x34, 0x6a, 0xff, 0xff, 0xff, 0xff,
    0xfe, 0x10, 0x0, 0x0, 0x0, 0x0, 0xd, 0xff,
    0xff, 0xff, 0xfc, 0x40, 0x0, 0x0, 0x0, 0x0,
    0x7, 0xef, 0xff, 0xff, 0xff, 0xc0, 0x0, 0x0,
    0x0, 0x0, 0xaf, 0xff, 0xff, 0xff, 0x70, 0x0,
    0x0, 0x0, 0x0, 0x0, 0x0, 0x1a, 0xff, 0xff,
    0xff, 0xf9, 0x0, 0x0, 0x0, 0x4, 0xff, 0xff,
    0xff, 0xe3, 0x0, 0x0, 0x0, 0x0, 0x0, 0x0,
    0x0, 0xa, 0xff, 0xff, 0xff, 0xff, 0x40, 0x0,
    0x0, 0xd, 0xff, 0xff, 0xff, 0x30, 0x0, 0x0,
    0x0, 0x0, 0x0, 0x0, 0x0, 0xaf, 0xff, 0xff,
    0xff, 0xff, 0xd0, 0x0, 0x0, 0x5f, 0xff, 0xff,
    0xf4, 0x0, 0x0, 0x0, 0x0, 0x0, 0x0, 0x0,
    0x9, 0xff, 0xff, 0xff, 0xff, 0xff, 0xf5, 0x0,
    0x0, 0xcf, 0xff, 0xff, 0xa0, 0x0, 0x0, 0x0,
    0x17, 0xbd, 0xdb, 0x60, 0x9f, 0xff, 0xfc, 0x1d,
    0xff, 0xff, 0xfc, 0x0, 0x2, 0xff, 0xff, 0xff,
    0x10, 0x0, 0x0, 0x7, 0xff, 0xff, 0xff, 0xff,
    0xff, 0xff, 0xc1, 0x3, 0xff, 0xff, 0xff, 0x20,
    0x6, 0xff, 0xff, 0xf9, 0x0, 0x0, 0x0, 0x9f,
    0xff, 0xff, 0xff, 0xff, 0xff, 0xfc, 0x0, 0x0,
    0xbf, 0xff, 0xff, 0x70, 0xa, 0xff, 0xff, 0xf4,
    0x0, 0x0, 0x6, 0xff, 0xff, 0xff, 0xff, 0xff,
    0xff, 0xc0, 0x0, 0x0, 0x5f, 0xff, 0xff, 0xa0,
    0xd, 0xff, 0xff, 0xf0, 0x0, 0x0, 0x1f, 0xff,
    0xff, 0xff, 0xff, 0xff, 0xff, 0xb0, 0x0, 0x0,
    0xf, 0xff, 0xff, 0xd0, 0xf, 0xff, 0xff, 0xc0,
    0x0, 0x0, 0x6f, 0xff, 0xff, 0xff, 0xff, 0xff,
    0xff, 0xf2, 0x0, 0x0, 0xd, 0xff, 0xff, 0xf0,
    0x1f, 0xff, 0xff, 0xa0, 0x0, 0x0, 0xaf, 0xff,
    0xff, 0xff, 0xff, 0xff, 0xff, 0xf6, 0x0, 0x0,
    0xb, 0xff, 0xff, 0xf1, 0x2f, 0xff, 0xff, 0x90,
    0x0, 0x0, 0xbf, 0xff, 0xff, 0xff, 0xff, 0xff,
    0xff, 0xf7, 0x0, 0x0, 0xa, 0xff, 0xff, 0xf1,
    0x1f, 0xff, 0xff, 0xa0, 0x0, 0x0, 0xbf, 0xff,
    0xff, 0xff, 0xff, 0xff, 0xff, 0xf7, 0x0, 0x0,
    0xa, 0xff, 0xff, 0xf1, 0xf, 0xff, 0xff, 0xb0,
    0x0, 0x0, 0x8f, 0xff, 0xff, 0xff, 0xff, 0xff,
    0xff, 0xf4, 0x0, 0x0, 0xb, 0xff, 0xff, 0xf0,
    0xe, 0xff, 0xff, 0xe0, 0x0, 0x0, 0x3f, 0xff,
    0xff, 0xff, 0xff, 0xff, 0xff, 0xf0, 0x0, 0x0,
    0xe, 0xff, 0xff, 0xe0, 0xb, 0xff, 0xff, 0xf2,
    0x0, 0x0, 0xc, 0xff, 0xff, 0xff, 0xff, 0xff,
    0xff, 0x70, 0x0, 0x0, 0x2f, 0xff, 0xff, 0xb0,
    0x8, 0xff, 0xff, 0xf7, 0x0, 0x0, 0x2, 0xef,
    0xff, 0xff, 0xff, 0xff, 0xfc, 0x0, 0x0, 0x0,
    0x8f, 0xff, 0xff, 0x80, 0x3, 0xff, 0xff, 0xfe,
    0x0, 0x0, 0x1, 0xdf, 0xff, 0xff, 0xff, 0xff,
    0xfa, 0x0, 0x0, 0x0, 0xef, 0xff, 0xff, 0x30,
    0x0, 0xdf, 0xff, 0xff, 0x70, 0x0, 0x1c, 0xff,
    0xff, 0xff, 0xff, 0xff, 0xff, 0xa0, 0x0, 0x8,
    0xff, 0xff, 0xfd, 0x0, 0x0, 0x7f, 0xff, 0xff,
    0xe1, 0x0, 0xcf, 0xff, 0xff, 0xff, 0xff, 0xff,
    0xff, 0xfa, 0x0, 0x2f, 0xff, 0xff, 0xf7, 0x0,
    0x0, 0x1f, 0xff, 0xff, 0xfc, 0x1c, 0xff, 0xff,
    0xff, 0xff, 0xff, 0xff, 0xff, 0xff, 0xa1, 0xdf,
    0xff, 0xff, 0xf1, 0x0, 0x0, 0x7, 0xff, 0xff,
    0xff, 0xef, 0xff, 0xff, 0xff, 0xff, 0xff, 0xff,
    0xff, 0xff, 0xfe, 0xff, 0xff, 0xff, 0x70, 0x0,
    0x0, 0x0, 0xdf, 0xff, 0xff, 0xff, 0xff, 0xff,
    0xff, 0xff, 0xff, 0xff, 0xff, 0xff, 0xff, 0xff,
    0xff, 0xfd, 0x0, 0x0, 0x0, 0x0, 0x2f, 0xff,
    0xff, 0xff, 0xff, 0xff, 0xff, 0xff, 0xff, 0xff,
    0xff, 0xff, 0xff, 0xff, 0xff, 0xf2, 0x0, 0x0,
    0x0, 0x0, 0x4, 0xff, 0xff, 0xff, 0xff, 0xff,
    0xff, 0xff, 0xff, 0xff, 0xff, 0xff, 0xff, 0xff,
    0xff, 0x40, 0x0, 0x0, 0x0, 0x0, 0x0, 0x5f,
    0xff, 0xff, 0xff, 0xff, 0xff, 0xff, 0xff, 0xff,
    0xff, 0xff, 0xff, 0xff, 0xf5, 0x0, 0x0, 0x0,
    0x0, 0x0, 0x0, 0x4, 0xff, 0xff, 0xff, 0xff,
    0xff, 0xff, 0xff, 0xff, 0xff, 0xff, 0xff, 0xfe,
    0x40, 0x0, 0x0, 0x0, 0x0, 0x0, 0x0, 0x0,
    0x2c, 0xff, 0xff, 0xff, 0xff, 0xff, 0xff, 0xff,
    0xff, 0xff, 0xff, 0xc2, 0x0, 0x0, 0x0, 0x0,
    0x0, 0x0, 0x0, 0x0, 0x0, 0x6e, 0xff, 0xff,
    0xff, 0xff, 0xff, 0xff, 0xff, 0xff, 0xe6, 0x0,
    0x0, 0x0, 0x0, 0x0, 0x0, 0x0, 0x0, 0x0,
    0x0, 0x0, 0x5b, 0xff, 0xff, 0xff, 0xff, 0xff,
    0xff, 0xb5, 0x0, 0x0, 0x0, 0x0, 0x0, 0x0,
    0x0, 0x0, 0x0, 0x0, 0x0, 0x0, 0x0, 0x15,
    0x8b, 0xdd, 0xdd, 0xb8, 0x51, 0x0, 0x0, 0x0,
    0x0, 0x0, 0x0, 0x0,

    /* U+F03D8 "󰏘" */
    0x0, 0x0, 0x0, 0x0, 0x0, 0x0, 0x1, 0x58,
    0x9a, 0xba, 0x85, 0x20, 0x0, 0x0, 0x0, 0x0,
    0x0, 0x0, 0x0, 0x0, 0x0, 0x0, 0x0, 0x6,
    0xcf, 0xff, 0xff, 0xff, 0xff, 0xfe, 0x92, 0x0,
    0x0, 0x0, 0x0, 0x0, 0x0, 0x0, 0x0, 0x0,
    0x6, 0xef, 0xff, 0xff, 0xff, 0xff, 0xff, 0xff,
    0xff, 0xa2, 0x0, 0x0, 0x0, 0x0, 0x0, 0x0,
    0x0, 0x2, 0xcf, 0xff, 0xff, 0xff, 0xff, 0xff,
    0xff, 0xff, 0xff, 0xff, 0x70, 0x0, 0x0, 0x0,
    0x0, 0x0, 0x0, 0x3e, 0xff, 0xfd, 0x43, 0x7f,
    0xff, 0xff, 0xf9, 0x34, 0xaf, 0xff, 0xfb, 0x0,
    0x0, 0x0, 0x0, 0x0, 0x4, 0xff, 0xff, 0xe1,
    0x0, 0x4, 0xff, 0xff, 0x80, 0x0, 0xb, 0xff,
    0xff, 0xc0, 0x0, 0x0, 0x0, 0x0, 0x2f, 0xff,
    0xff, 0x90, 0x0, 0x0, 0xef, 0xff, 0x10, 0x0,
    0x5, 0xff, 0xff, 0xfb, 0x0, 0x0, 0x0, 0x0,
    0xdf, 0xff, 0xff, 0x80, 0x0, 0x0, 0xdf, 0xff,
    0x10, 0x0, 0x4, 0xff, 0xff, 0xff, 0x80, 0x0,
    0x0, 0x9, 0xff, 0xff, 0xff, 0xd0, 0x0, 0x2,
    0xff, 0xff, 0x60, 0x0, 0x9, 0xff, 0xff, 0xff,
    0xf3, 0x0, 0x0, 0x2f, 0xff, 0xff, 0xff, 0xfa,
    0x10, 0x3d, 0xff, 0xff, 0xf5, 0x0, 0x7f, 0xff,
    0xff, 0xff, 0xfb, 0x0, 0x0, 0xaf, 0xff, 0xff,
    0xff, 0xff, 0xff, 0xff, 0xff, 0xff, 0xff, 0xff,
    0xff, 0xff, 0xff, 0xff, 0xff, 0x20, 0x1, 0xff,
    0xff, 0xff, 0xff, 0xff, 0xff, 0xff, 0xff, 0xff,
    0xff, 0xff, 0xff, 0xff, 0xff, 0xff, 0xff, 0x80,
    0x7, 0xff, 0xfd, 0x30, 0x3c, 0xff, 0xff, 0xff,
    0xff, 0xff, 0xff, 0xff, 0xff, 0xe4, 0x3, 0xcf,
    0xff, 0xd0, 0xb, 0xff, 0xf1, 0x0, 0x0, 0xef,
    0xff, 0xff, 0xff, 0xff, 0xff, 0xff, 0xff, 0x20,
    0x0, 0x1e, 0xff, 0xf0, 0xe, 0xff, 0xb0, 0x0,
    0x0, 0x9f, 0xff, 0xff, 0xff, 0xff, 0xff, 0xff,
    0xfd, 0x0, 0x0, 0xb, 0xff, 0xf2, 0x1f, 0xff,
    0xb0, 0x0, 0x0, 0xaf, 0xff, 0xff, 0xff, 0xff,
    0xff, 0xff, 0xfe, 0x0, 0x0, 0xb, 0xff, 0xf3,
    0x2f, 0xff, 0xf3, 0x0, 0x2, 0xff, 0xff, 0xff,
    0xff, 0xff, 0xff, 0xff, 0xff, 0x50, 0x0, 0x2f,
    0xff, 0xf2, 0x3f, 0xff, 0xff, 0x74, 0x7e, 0xff,
    0xff, 0xff, 0xff, 0xff, 0xff, 0xff, 0xff, 0xf8,
    0x47, 0xef, 0xff, 0xf1, 0x2f, 0xff, 0xff, 0xff,
    0xff, 0xff, 0xff, 0xff, 0xff, 0xff, 0xff, 0xff,
    0xff, 0xff, 0xff, 0xff, 0xff, 0xd0, 0x1f, 0xff,
    0xff, 0xff, 0xff, 0xff, 0xff, 0xff, 0xff, 0xff,
    0xff, 0xff, 0xff, 0xff, 0xff, 0xff, 0xff, 0x70,
    0xf, 0xff, 0xff, 0xff, 0xff, 0xff, 0xff, 0xff,
    0xff, 0xff, 0xff, 0xff, 0xff, 0xff, 0xff, 0xff,
    0xfe, 0x10, 0xc, 0xff, 0xff, 0xff, 0xff, 0xff,
    0xff, 0xff, 0xff, 0xff, 0xff, 0xff, 0xff, 0xff,
    0xff, 0xff, 0xf4, 0x0, 0x8, 0xff, 0xff, 0xff,
    0xff, 0xff, 0xff, 0xff, 0xff, 0xff, 0xff, 0xff,
    0xff, 0xff, 0xff, 0xff, 0x70, 0x0, 0x3, 0xff,
    0xff, 0xff, 0xff, 0xff, 0xff, 0xff, 0xff, 0xff,
    0xff, 0xff, 0xff, 0xff, 0xff, 0xf5, 0x0, 0x0,
    0x0, 0xcf, 0xff, 0xff, 0xff, 0xff, 0xff, 0xff,
    0xff, 0xff, 0xff, 0xff, 0xff, 0xff, 0xf9, 0x10,
    0x0, 0x0, 0x0, 0x4f, 0xff, 0xff, 0xff, 0xff,
    0xff, 0xff, 0xff, 0xff, 0xf9, 0x66, 0x66, 0x53,
    0x0, 0x0, 0x0, 0x0, 0x0, 0xc, 0xff, 0xff,
    0xff, 0xff, 0xff, 0xff, 0xff, 0xff, 0x30, 0x0,
    0x0, 0x0, 0x0, 0x0, 0x0, 0x0, 0x0, 0x2,
    0xff, 0xff, 0xff, 0xff, 0xff, 0xff, 0xff, 0xfb,
    0x0, 0x0, 0x0, 0x0, 0x0, 0x0, 0x0, 0x0,
    0x0, 0x0, 0x5f, 0xff, 0xff, 0xff, 0xff, 0xff,
    0xff, 0xf9, 0x0, 0x0, 0x0, 0x0, 0x0, 0x0,
    0x0, 0x0, 0x0, 0x0, 0x7, 0xff, 0xff, 0xff,
    0xff, 0xff, 0xff, 0xfd, 0x0, 0x0, 0x0, 0x0,
    0x0, 0x0, 0x0, 0x0, 0x0, 0x0, 0x0, 0x7f,
    0xff, 0xff, 0xff, 0xff, 0xff, 0xff, 0x70, 0x0,
    0x0, 0x0, 0x0, 0x0, 0x0, 0x0, 0x0, 0x0,
    0x0, 0x5, 0xef, 0xff, 0xff, 0xff, 0xff, 0xff,
    0xe0, 0x0, 0x0, 0x0, 0x0, 0x0, 0x0, 0x0,
    0x0, 0x0, 0x0, 0x0, 0x1a, 0xff, 0xff, 0xff,
    0xff, 0xff, 0xe0, 0x0, 0x0, 0x0, 0x0, 0x0,
    0x0, 0x0, 0x0, 0x0, 0x0, 0x0, 0x0, 0x3a,
    0xff, 0xff, 0xff, 0xff, 0x90, 0x0, 0x0, 0x0,
    0x0, 0x0, 0x0, 0x0, 0x0, 0x0, 0x0, 0x0,
    0x0, 0x0, 0x15, 0x9c, 0xef, 0xe9, 0x0, 0x0,
    0x0, 0x0, 0x0, 0x0, 0x0, 0x0,

    /* U+F03E5 "󰏥" */
    0x0, 0x0, 0x0, 0x0, 0x0, 0x0, 0x0, 0x0,
    0x14, 0x66, 0x66, 0x41, 0x0, 0x0, 0x0, 0x0,
    0x0, 0x0, 0x0, 0x0, 0x0, 0x0, 0x0, 0x0,
    0x0, 0x0, 0x4, 0xae, 0xff, 0xff, 0xff, 0xff,
    0xea, 0x40, 0x0, 0x0, 0x0, 0x0, 0x0, 0x0,
    0x0, 0x0, 0x0, 0x0, 0x0, 0x7, 0xef, 0xff,
    0xff, 0xff, 0xff, 0xff, 0xff, 0xfe, 0x70, 0x0,
    0x0, 0x0, 0x0, 0x0, 0x0, 0x0, 0x0, 0x0,
    0x5, 0xef, 0xff, 0xff, 0xff, 0xff, 0xff, 0xff,
    0xff, 0xff, 0xfe, 0x50, 0x0, 0x0, 0x0, 0x0,
    0x0, 0x0, 0x0, 0x0, 0xaf, 0xff, 0xff, 0xff,
    0xff, 0xff, 0xff, 0xff, 0xff, 0xff, 0xff, 0xf9,
    0x0, 0x0, 0x0, 0x0, 0x0, 0x0, 0x0, 0x1c,
    0xff, 0xff, 0xff, 0xff, 0xff, 0xff, 0xff, 0xff,
    0xff, 0xff, 0xff, 0xff, 0xc1, 0x0, 0x0, 0x0,
    0x0, 0x0, 0x1, 0xdf, 0xff, 0xff, 0xff, 0xff,
    0xff, 0xff, 0xff, 0xff, 0xff, 0xff, 0xff, 0xff,
    0xfd, 0x0, 0x0, 0x0, 0x0, 0x0, 0xc, 0xff,
    0xff, 0xff, 0xff, 0xff, 0xff, 0xff, 0xff, 0xff,
    0xff, 0xff, 0xff, 0xff, 0xff, 0xc0, 0x0, 0x0,
    0x0, 0x0, 0x8f, 0xff, 0xff, 0xff, 0xff, 0xff,
    0xff, 0xff, 0xff, 0xff, 0xff, 0xff, 0xff, 0xff,
    0xff, 0xf8, 0x0, 0x0, 0x0, 0x3, 0xff, 0xff,
    0xff, 0xff, 0xff, 0xff, 0xff, 0xff, 0xff, 0xff,
    0xff, 0xff, 0xff, 0xff, 0xff, 0xff, 0x30, 0x0,
    0x0, 0xc, 0xff, 0xff, 0xff, 0xff, 0xff, 0xff,
    0xff, 0xff, 0xff, 0xff, 0xff, 0xff, 0xff, 0xff,
    0xff, 0xff, 0xc0, 0x0, 0x0, 0x4f, 0xff, 0xff,
    0xff, 0xff, 0xff, 0xff, 0xff, 0xff, 0xff, 0xff,
    0xff, 0xff, 0xff, 0xff, 0xff, 0xff, 0xf4, 0x0,
    0x0, 0xbf, 0xff, 0xff, 0xff, 0xff, 0xff, 0x40,
    0x0, 0xef, 0xfd, 0x0, 0x4, 0xff, 0xff, 0xff,
    0xff, 0xff, 0xfb, 0x0, 0x1, 0xff, 0xff, 0xff,
    0xff, 0xff, 0xff, 0x30, 0x0, 0xef, 0xfd, 0x0,
    0x3, 0xff, 0xff, 0xff, 0xff, 0xff, 0xff, 0x10,
    0x6, 0xff, 0xff, 0xff, 0xff, 0xff, 0xff, 0x30,
    0x0, 0xef, 0xfd, 0x0, 0x3, 0xff, 0xff, 0xff,
    0xff, 0xff, 0xff, 0x60, 0xa, 0xff, 0xff, 0xff,
    0xff, 0xff, 0xff, 0x30, 0x0, 0xef, 0xfd, 0x0,
    0x3, 0xff, 0xff, 0xff, 0xff, 0xff, 0xff, 0xa0,
    0xd, 0xff, 0xff, 0xff, 0xff, 0xff, 0xff, 0x30,
    0x0, 0xef, 0xfd, 0x0, 0x3, 0xff, 0xff, 0xff,
    0xff, 0xff, 0xff, 0xd0, 0xf, 0xff, 0xff, 0xff,
    0xff, 0xff, 0xff, 0x30, 0x0, 0xef, 0xfd, 0x0,
    0x3, 0xff, 0xff, 0xff, 0xff, 0xff, 0xff, 0xf0,
    0x1f, 0xff, 0xff, 0xff, 0xff, 0xff, 0xff, 0x30,
    0x0, 0xef, 0xfd, 0x0, 0x3, 0xff, 0xff, 0xff,
    0xff, 0xff, 0xff, 0xf1, 0x2f, 0xff, 0xff, 0xff,
    0xff, 0xff, 0xff, 0x30, 0x0, 0xef, 0xfd, 0x0,
    0x3, 0xff, 0xff, 0xff, 0xff, 0xff, 0xff, 0xf1,
    0x1f, 0xff, 0xff, 0xff, 0xff, 0xff, 0xff, 0x30,
    0x0, 0xef, 0xfd, 0x0, 0x3, 0xff, 0xff, 0xff,
    0xff, 0xff, 0xff, 0xf1, 0xf, 0xff, 0xff, 0xff,
    0xff, 0xff, 0xff, 0x30, 0x0, 0xef, 0xfd, 0x0,
    0x3, 0xff, 0xff, 0xff, 0xff, 0xff, 0xff, 0xf0,
    0xe, 0xff, 0xff, 0xff, 0xff, 0xff, 0xff, 0x30,
    0x0, 0xef, 0xfd, 0x0, 0x3, 0xff, 0xff, 0xff,
    0xff, 0xff, 0xff, 0xe0, 0xc, 0xff, 0xff, 0xff,
    0xff, 0xff, 0xff, 0x30, 0x0, 0xef, 0xfd, 0x0,
    0x3, 0xff, 0xff, 0xff, 0xff, 0xff, 0xff, 0xc0,
    0x8, 0xff, 0xff, 0xff, 0xff, 0xff, 0xff, 0x30,
    0x0, 0xef, 0xfd, 0x0, 0x3, 0xff, 0xff, 0xff,
    0xff, 0xff, 0xff, 0x80, 0x4, 0xff, 0xff, 0xff,
    0xff, 0xff, 0xff, 0x30, 0x0, 0xef, 0xfd, 0x0,
    0x3, 0xff, 0xff, 0xff, 0xff, 0xff, 0xff, 0x40,
    0x0, 0xef, 0xff, 0xff, 0xff, 0xff, 0xff, 0x30,
    0x0, 0xef, 0xfd, 0x0, 0x3, 0xff, 0xff, 0xff,
    0xff, 0xff, 0xfe, 0x0, 0x0, 0x8f, 0xff, 0xff,
    0xff, 0xff, 0xff, 0xa8, 0x88, 0xff, 0xfe, 0x88,
    0x8a, 0xff, 0xff, 0xff, 0xff, 0xff, 0xf8, 0x0,
    0x0, 0x1f, 0xff, 0xff, 0xff, 0xff, 0xff, 0xff,
    0xff, 0xff, 0xff, 0xff, 0xff, 0xff, 0xff, 0xff,
    0xff, 0xff, 0xf1, 0x0, 0x0, 0x8, 0xff, 0xff,
    0xff, 0xff, 0xff, 0xff, 0xff, 0xff, 0xff, 0xff,
    0xff, 0xff, 0xff, 0xff, 0xff, 0xff, 0x80, 0x0,
    0x0, 0x0, 0xdf, 0xff, 0xff, 0xff, 0xff, 0xff,
    0xff, 0xff, 0xff, 0xff, 0xff, 0xff, 0xff, 0xff,
    0xff, 0xfd, 0x0, 0x0, 0x0, 0x0, 0x3f, 0xff,
    0xff, 0xff, 0xff, 0xff, 0xff, 0xff, 0xff, 0xff,
    0xff, 0xff, 0xff, 0xff, 0xff, 0xf3, 0x0, 0x0,
    0x0, 0x0, 0x5, 0xff, 0xff, 0xff, 0xff, 0xff,
    0xff, 0xff, 0xff, 0xff, 0xff, 0xff, 0xff, 0xff,
    0xff, 0x50, 0x0, 0x0, 0x0, 0x0, 0x0, 0x6f,
    0xff, 0xff, 0xff, 0xff, 0xff, 0xff, 0xff, 0xff,
    0xff, 0xff, 0xff, 0xff, 0xf6, 0x0, 0x0, 0x0,
    0x0, 0x0, 0x0, 0x5, 0xff, 0xff, 0xff, 0xff,
    0xff, 0xff, 0xff, 0xff, 0xff, 0xff, 0xff, 0xff,
    0x50, 0x0, 0x0, 0x0, 0x0, 0x0, 0x0, 0x0,
    0x2d, 0xff, 0xff, 0xff, 0xff, 0xff, 0xff, 0xff,
    0xff, 0xff, 0xff, 0xd2, 0x0, 0x0, 0x0, 0x0,
    0x0, 0x0, 0x0, 0x0, 0x0, 0x7e, 0xff, 0xff,
    0xff, 0xff, 0xff, 0xff, 0xff, 0xff, 0xe7, 0x0,
    0x0, 0x0, 0x0, 0x0, 0x0, 0x0, 0x0, 0x0,
    0x0, 0x0, 0x6c, 0xff, 0xff, 0xff, 0xff, 0xff,
    0xff, 0xc6, 0x0, 0x0, 0x0, 0x0, 0x0, 0x0,
    0x0, 0x0, 0x0, 0x0, 0x0, 0x0, 0x0, 0x26,
    0x9c, 0xee, 0xee, 0xc9, 0x62, 0x0, 0x0, 0x0,
    0x0, 0x0, 0x0, 0x0,

    /* U+F040C "󰐌" */
    0x0, 0x0, 0x0, 0x0, 0x0, 0x0, 0x0, 0x0,
    0x3, 0x55, 0x55, 0x30, 0x0, 0x0, 0x0, 0x0,
    0x0, 0x0, 0x0, 0x0, 0x0, 0x0, 0x0, 0x0,
    0x0, 0x0, 0x3, 0x9d, 0xff, 0xff, 0xff, 0xff,
    0xd9, 0x30, 0x0, 0x0, 0x0, 0x0, 0x0, 0x0,
    0x0, 0x0, 0x0, 0x0, 0x0, 0x6, 0xdf, 0xff,
    0xff, 0xff, 0xff, 0xff, 0xff, 0xfd, 0x60, 0x0,
    0x0, 0x0, 0x0, 0x0, 0x0, 0x0, 0x0, 0x0,
    0x4, 0xdf, 0xff, 0xff, 0xff, 0xff, 0xff, 0xff,
    0xff, 0xff, 0xfd, 0x40, 0x0, 0x0, 0x0, 0x0,
    0x0, 0x0, 0x0, 0x0, 0x9f, 0xff, 0xff, 0xff,
    0xff, 0xff, 0xff, 0xff, 0xff, 0xff, 0xff, 0xf9,
    0x0, 0x0, 0x0, 0x0, 0x0, 0x0, 0x0, 0xc,
    0xff, 0xff, 0xff, 0xff, 0xff, 0xff, 0xff, 0xff,
    0xff, 0xff, 0xff, 0xff, 0xb0, 0x0, 0x0, 0x0,
    0x0, 0x0, 0x0, 0xcf, 0xff, 0xff, 0xff, 0xff,
    0xff, 0xff, 0xff, 0xff, 0xff, 0xff, 0xff, 0xff,
    0xfc, 0x0, 0x0, 0x0, 0x0, 0x0, 0xb, 0xff,
    0xff, 0xff, 0xff, 0xff, 0xff, 0xff, 0xff, 0xff,
    0xff, 0xff, 0xff, 0xff, 0xff, 0xb0, 0x0, 0x0,
    0x0, 0x0, 0x8f, 0xff, 0xff, 0xff, 0xff, 0xff,
    0xff, 0xff, 0xff, 0xff, 0xff, 0xff, 0xff, 0xff,
    0xff, 0xf8, 0x0, 0x0, 0x0, 0x3, 0xff, 0xff,
    0xff, 0xff, 0xff, 0xff, 0xff, 0xff, 0xff, 0xff,
    0xff, 0xff, 0xff, 0xff, 0xff, 0xff, 0x30, 0x0,
    0x0, 0xc, 0xff, 0xff, 0xff, 0xff, 0xff, 0xff,
    0xff, 0xff, 0xff, 0xff, 0xff, 0xff, 0xff, 0xff,
    0xff, 0xff, 0xc0, 0x0, 0x0, 0x4f, 0xff, 0xff,
    0xff, 0xff, 0xff, 0xff, 0x8f, 0xff, 0xff, 0xff,
    0xff, 0xff, 0xff, 0xff, 0xff, 0xff, 0xf4, 0x0,
    0x0, 0xbf, 0xff, 0xff, 0xff, 0xff, 0xff, 0xff,
    0x22, 0xdf, 0xff, 0xff, 0xff, 0xff, 0xff, 0xff,
    0xff, 0xff, 0xfb, 0x0, 0x1, 0xff, 0xff, 0xff,
    0xff, 0xff, 0xff, 0xff, 0x20, 0xa, 0xff, 0xff,
    0xff, 0xff, 0xff, 0xff, 0xff, 0xff, 0xff, 0x10,
    0x6, 0xff, 0xff, 0xff, 0xff, 0xff, 0xff, 0xff,
    0x20, 0x0, 0x6f, 0xff, 0xff, 0xff, 0xff, 0xff,
    0xff, 0xff, 0xff, 0x60, 0xa, 0xff, 0xff, 0xff,
    0xff, 0xff, 0xff, 0xff, 0x20, 0x0, 0x2, 0xdf,
    0xff, 0xff, 0xff, 0xff, 0xff, 0xff, 0xff, 0xa0,
    0xd, 0xff, 0xff, 0xff, 0xff, 0xff, 0xff, 0xff,
    0x20, 0x0, 0x0, 0xa, 0xff, 0xff, 0xff, 0xff,
    0xff, 0xff, 0xff, 0xd0, 0xf, 0xff, 0xff, 0xff,
    0xff, 0xff, 0xff, 0xff, 0x20, 0x0, 0x0, 0x0,
    0x6f, 0xff, 0xff, 0xff, 0xff, 0xff, 0xff, 0xf0,
    0x1f, 0xff, 0xff, 0xff, 0xff, 0xff, 0xff, 0xff,
    0x20, 0x0, 0x0, 0x0, 0x2, 0xdf, 0xff, 0xff,
    0xff, 0xff, 0xff, 0xf1, 0x2f, 0xff, 0xff, 0xff,
    0xff, 0xff, 0xff, 0xff, 0x20, 0x0, 0x0, 0x0,
    0x0, 0xb, 0xff, 0xff, 0xff, 0xff, 0xff, 0xf1,
    0x1f, 0xff, 0xff, 0xff, 0xff, 0xff, 0xff, 0xff,
    0x20, 0x0, 0x0, 0x0, 0x0, 0x6f, 0xff, 0xff,
    0xff, 0xff, 0xff, 0xf1, 0xf, 0xff, 0xff, 0xff,
    0xff, 0xff, 0xff, 0xff, 0x20, 0x0, 0x0, 0x0,
    0xa, 0xff, 0xff, 0xff, 0xff, 0xff, 0xff, 0xf0,
    0xe, 0xff, 0xff, 0xff, 0xff, 0xff, 0xff, 0xff,
    0x20, 0x0, 0x0, 0x2, 0xdf, 0xff, 0xff, 0xff,
    0xff, 0xff, 0xff, 0xe0, 0xc, 0xff, 0xff, 0xff,
    0xff, 0xff, 0xff, 0xff, 0x20, 0x0, 0x0, 0x6f,
    0xff, 0xff, 0xff, 0xff, 0xff, 0xff, 0xff, 0xc0,
    0x8, 0xff, 0xff, 0xff, 0xff, 0xff, 0xff, 0xff,
    0x20, 0x0, 0xa, 0xff, 0xff, 0xff, 0xff, 0xff,
    0xff, 0xff, 0xff, 0x80, 0x4, 0xff, 0xff, 0xff,
    0xff, 0xff, 0xff, 0xff, 0x20, 0x2, 0xdf, 0xff,
    0xff, 0xff, 0xff, 0xff, 0xff, 0xff, 0xff, 0x40,
    0x0, 0xef, 0xff, 0xff, 0xff, 0xff, 0xff, 0xff,
    0x20, 0x6f, 0xff, 0xff, 0xff, 0xff, 0xff, 0xff,
    0xff, 0xff, 0xfe, 0x0, 0x0, 0x8f, 0xff, 0xff,
    0xff, 0xff, 0xff, 0xff, 0x3a, 0xff, 0xff, 0xff,
    0xff, 0xff, 0xff, 0xff, 0xff, 0xff, 0xf8, 0x0,
    0x0, 0x1f, 0xff, 0xff, 0xff, 0xff, 0xff, 0xff,
    0xef, 0xff, 0xff, 0xff, 0xff, 0xff, 0xff, 0xff,
    0xff, 0xff, 0xf1, 0x0, 0x0, 0x7, 0xff, 0xff,
    0xff, 0xff, 0xff, 0xff, 0xff, 0xff, 0xff, 0xff,
    0xff, 0xff, 0xff, 0xff, 0xff, 0xff, 0x70, 0x0,
    0x0, 0x0, 0xdf, 0xff, 0xff, 0xff, 0xff, 0xff,
    0xff, 0xff, 0xff, 0xff, 0xff, 0xff, 0xff, 0xff,
    0xff, 0xfd, 0x0, 0x0, 0x0, 0x0, 0x2f, 0xff,
    0xff, 0xff, 0xff, 0xff, 0xff, 0xff, 0xff, 0xff,
    0xff, 0xff, 0xff, 0xff, 0xff, 0xf2, 0x0, 0x0,
    0x0, 0x0, 0x5, 0xff, 0xff, 0xff, 0xff, 0xff,
    0xff, 0xff, 0xff, 0xff, 0xff, 0xff, 0xff, 0xff,
    0xff, 0x50, 0x0, 0x0, 0x0, 0x0, 0x0, 0x6f,
    0xff, 0xff, 0xff, 0xff, 0xff, 0xff, 0xff, 0xff,
    0xff, 0xff, 0xff, 0xff, 0xf6, 0x0, 0x0, 0x0,
    0x0, 0x0, 0x0, 0x4, 0xff, 0xff, 0xff, 0xff,
    0xff, 0xff, 0xff, 0xff, 0xff, 0xff, 0xff, 0xff,
    0x40, 0x0, 0x0, 0x0, 0x0, 0x0, 0x0, 0x0,
    0x2c, 0xff, 0xff, 0xff, 0xff, 0xff, 0xff, 0xff,
    0xff, 0xff, 0xff, 0xc2, 0x0, 0x0, 0x0, 0x0,
    0x0, 0x0, 0x0, 0x0, 0x0, 0x6e, 0xff, 0xff,
    0xff, 0xff, 0xff, 0xff, 0xff, 0xff, 0xe6, 0x0,
    0x0, 0x0, 0x0, 0x0, 0x0, 0x0, 0x0, 0x0,
    0x0, 0x0, 0x5b, 0xff, 0xff, 0xff, 0xff, 0xff,
    0xff, 0xb5, 0x0, 0x0, 0x0, 0x0, 0x0, 0x0,
    0x0, 0x0, 0x0, 0x0, 0x0, 0x0, 0x0, 0x15,
    0x8b, 0xdd, 0xdd, 0xb8, 0x51, 0x0, 0x0, 0x0,
    0x0, 0x0, 0x0, 0x0,

    /* U+F0425 "󰐥" */
    0x0, 0x0, 0x0, 0x0, 0x0, 0x0, 0x0, 0x34,
    0x44, 0x0, 0x0, 0x0, 0x0, 0x0, 0x0, 0x0,
    0x0, 0x0, 0x0, 0x0, 0x0, 0x0, 0x0, 0xcf,
    0xff, 0x0, 0x0, 0x0, 0x0, 0x0, 0x0, 0x0,
    0x0, 0x0, 0x0, 0x0, 0x0, 0x0, 0x0, 0xcf,
    0xff, 0x0, 0x0, 0x0, 0x0, 0x0, 0x0, 0x0,
    0x0, 0x0, 0x0, 0x0, 0x0, 0x0, 0x0, 0xcf,
    0xff, 0x0, 0x0, 0x0, 0x0, 0x0, 0x0, 0x0,
    0x0, 0x0, 0x0, 0x0, 0x0, 0x0, 0x0, 0xcf,
    0xff, 0x0, 0x0, 0x0, 0x0, 0x0, 0x0, 0x0,
    0x0, 0x0, 0x0, 0x5, 0x0, 0x0, 0x0, 0xcf,
    0xff, 0x0, 0x0, 0x0, 0x32, 0x0, 0x0, 0x0,
    0x0, 0x0, 0x2, 0xdf, 0x70, 0x0, 0x0, 0xcf,
    0xff, 0x0, 0x0, 0x4, 0xff, 0x40, 0x0, 0x0,
    0x0, 0x0, 0x2e, 0xff, 0xf7, 0x0, 0x0, 0xcf,
    0xff, 0x0, 0x0, 0x4f, 0xff, 0xf5, 0x0, 0x0,
    0x0, 0x0, 0xdf, 0xff, 0xf9, 0x0, 0x0, 0xcf,
    0xff, 0x0, 0x0, 0x6f, 0xff, 0xff, 0x30, 0x0,
    0x0, 0x9, 0xff, 0xff, 0x50, 0x0, 0x0, 0xcf,
    0xff, 0x0, 0x0, 0x3, 0xef, 0xff, 0xd0, 0x0,
    0x0, 0x4f, 0xff, 0xf6, 0x0, 0x0, 0x0, 0xcf,
    0xff, 0x0, 0x0, 0x0, 0x2e, 0xff, 0xf8, 0x0,
    0x0, 0xcf, 0xff, 0x90, 0x0, 0x0, 0x0, 0xcf,
    0xff, 0x0, 0x0, 0x0, 0x4, 0xff, 0xff, 0x10,
    0x3, 0xff, 0xfe, 0x10, 0x0, 0x0, 0x0, 0xcf,
    0xff, 0x0, 0x0, 0x0, 0x0, 0xaf, 0xff, 0x80,
    0x9, 0xff, 0xf8, 0x0, 0x0, 0x0, 0x0, 0xcf,
    0xff, 0x0, 0x0, 0x0, 0x0, 0x3f, 0xff, 0xd0,
    0xd, 0xff, 0xf2, 0x0, 0x0, 0x0, 0x0, 0xcf,
    0xff, 0x0, 0x0, 0x0, 0x0, 0xd, 0xff, 0xf2,
    0xf, 0xff, 0xe0, 0x0, 0x0, 0x0, 0x0, 0xcf,
    0xff, 0x0, 0x0, 0x0, 0x0, 0x9, 0xff, 0xf5,
    0x2f, 0xff, 0xb0, 0x0, 0x0, 0x0, 0x0, 0xcf,
    0xff, 0x0, 0x0, 0x0, 0x0, 0x6, 0xff, 0xf7,
    0x3f, 0xff, 0xa0, 0x0, 0x0, 0x0, 0x0, 0xcf,
    0xff, 0x0, 0x0, 0x0, 0x0, 0x5, 0xff, 0xf8,
    0x3f, 0xff, 0xa0, 0x0, 0x0, 0x0, 0x0, 0xcf,
    0xff, 0x0, 0x0, 0x0, 0x0, 0x5, 0xff, 0xf8,
    0x2f, 0xff, 0xb0, 0x0, 0x0, 0x0, 0x0, 0xad,
    0xdd, 0x0, 0x0, 0x0, 0x0, 0x6, 0xff, 0xf7,
    0xf, 0xff, 0xe0, 0x0, 0x0, 0x0, 0x0, 0x0,
    0x0, 0x0, 0x0, 0x0, 0x0, 0x9, 0xff, 0xf4,
    0xc, 0xff, 0xf3, 0x0, 0x0, 0x0, 0x0, 0x0,
    0x0, 0x0, 0x0, 0x0, 0x0, 0xe, 0xff, 0xf1,
    0x7, 0xff, 0xf9, 0x0, 0x0, 0x0, 0x0, 0x0,
    0x0, 0x0, 0x0, 0x0, 0x0, 0x4f, 0xff, 0xc0,
    0x2, 0xff, 0xff, 0x20, 0x0, 0x0, 0x0, 0x0,
    0x0, 0x0, 0x0, 0x0, 0x0, 0xcf, 0xff, 0x70,
    0x0, 0xaf, 0xff, 0xc0, 0x0, 0x0, 0x0, 0x0,
    0x0, 0x0, 0x0, 0x0, 0x7, 0xff, 0xfe, 0x0,
    0x0, 0x2f, 0xff, 0xf9, 0x0, 0x0, 0x0, 0x0,
    0x0, 0x0, 0x0, 0x0, 0x4f, 0xff, 0xf7, 0x0,
    0x0, 0x7, 0xff, 0xff, 0x90, 0x0, 0x0, 0x0,
    0x0, 0x0, 0x0, 0x5, 0xff, 0xff, 0xc0, 0x0,
    0x0, 0x0, 0xbf, 0xff, 0xfc, 0x30, 0x0, 0x0,
    0x0, 0x0, 0x1, 0x9f, 0xff, 0xfe, 0x20, 0x0,
    0x0, 0x0, 0xc, 0xff, 0xff, 0xfb, 0x51, 0x0,
    0x0, 0x3, 0x9f, 0xff, 0xff, 0xf3, 0x0, 0x0,
    0x0, 0x0, 0x0, 0xbf, 0xff, 0xff, 0xff, 0xdc,
    0xcd, 0xff, 0xff, 0xff, 0xfe, 0x20, 0x0, 0x0,
    0x0, 0x0, 0x0, 0x6, 0xff, 0xff, 0xff, 0xff,
    0xff, 0xff, 0xff, 0xff, 0xa1, 0x0, 0x0, 0x0,
    0x0, 0x0, 0x0, 0x0, 0x19, 0xff, 0xff, 0xff,
    0xff, 0xff, 0xff, 0xb3, 0x0, 0x0, 0x0, 0x0,
    0x0, 0x0, 0x0, 0x0, 0x0, 0x5, 0xad, 0xff,
    0xff, 0xeb, 0x72, 0x0, 0x0, 0x0, 0x0, 0x0,
    0x0, 0x0, 0x0, 0x0, 0x0, 0x0, 0x0, 0x1,
    0x10, 0x0, 0x0, 0x0, 0x0, 0x0, 0x0, 0x0,

    /* U+F04C5 "󰓅" */
    0x0, 0x0, 0x0, 0x0, 0x0, 0x0, 0x0, 0x2,
    0x68, 0xab, 0xa9, 0x85, 0x20, 0x0, 0x0, 0x0,
    0x0, 0x0, 0x0, 0x0, 0x0, 0x0, 0x0, 0x0,
    0x0, 0x0, 0x39, 0xef, 0xff, 0xff, 0xff, 0xff,
    0xfe, 0x82, 0x0, 0x0, 0x0, 0x0, 0x0, 0x0,
    0x0, 0x0, 0x0, 0x0, 0x0, 0x3b, 0xff, 0xff,
    0xff, 0xff, 0xff, 0xff, 0xff, 0xff, 0xb2, 0x0,
    0x0, 0x0, 0x0, 0x0, 0x0, 0x0, 0x0, 0x0,
    0x9, 0xff, 0xff, 0xff, 0xff, 0xff, 0xff, 0xff,
    0xff, 0xfe, 0x60, 0x0, 0x0, 0x0, 0x0, 0x0,
    0x0, 0x0, 0x0, 0x2, 0xdf, 0xff, 0xff, 0xfd,
    0x95, 0x32, 0x24, 0x59, 0xdf, 0x80, 0x0, 0x0,
    0x1, 0x93, 0x0, 0x0, 0x0, 0x0, 0x0, 0x3e,
    0xff, 0xff, 0xfa, 0x20, 0x0, 0x0, 0x0, 0x0,
    0x0, 0x0, 0x0, 0x0, 0x7f, 0xa0, 0x0, 0x0,
    0x0, 0x0, 0x3, 0xff, 0xff, 0xfc, 0x20, 0x0,
    0x0, 0x0, 0x0, 0x0, 0x0, 0x0, 0x0, 0x4d,
    0xff, 0x20, 0x0, 0x0, 0x0, 0x0, 0x1e, 0xff,
    0xff, 0x70, 0x0, 0x0, 0x0, 0x0, 0x0, 0x0,
    0x0, 0x0, 0x2b, 0xff, 0xf8, 0x0, 0x0, 0x0,
    0x0, 0x0, 0xbf, 0xff, 0xf5, 0x0, 0x0, 0x0,
    0x0, 0x0, 0x0, 0x0, 0x0, 0x8, 0xff, 0xff,
    0xe0, 0x0, 0x0, 0x0, 0x0, 0x6, 0xff, 0xff,
    0x60, 0x0, 0x0, 0x0, 0x0, 0x0, 0x0, 0x0,
    0x6, 0xef, 0xff, 0xff, 0x50, 0x0, 0x0, 0x0,
    0x0, 0xe, 0xff, 0xf9, 0x0, 0x0, 0x0, 0x0,
    0x0, 0x0, 0x0, 0x3, 0xcf, 0xff, 0xff, 0xfc,
    0x0, 0x0, 0xa0, 0x0, 0x0, 0x6f, 0xff, 0xd0,
    0x0, 0x0, 0x0, 0x0, 0x0, 0x0, 0x1, 0xaf,
    0xff, 0xff, 0xff, 0xf3, 0x0, 0x5, 0xf6, 0x0,
    0x0, 0xdf, 0xff, 0x50, 0x0, 0x0, 0x0, 0x0,
    0x0, 0x0, 0x7f, 0xff, 0xff, 0xff, 0xff, 0xa0,
    0x0, 0xe, 0xfd, 0x0, 0x3, 0xff, 0xfd, 0x0,
    0x0, 0x0, 0x0, 0x0, 0x0, 0x5d, 0xff, 0xff,
    0xff, 0xff, 0xff, 0x10, 0x0, 0x8f, 0xff, 0x20,
    0x7, 0xff, 0xf7, 0x0, 0x0, 0x0, 0x0, 0x0,
    0x2b, 0xff, 0xff, 0xff, 0xff, 0xff, 0xf7, 0x0,
    0x0, 0x7f, 0xff, 0x70, 0xb, 0xff, 0xf2, 0x0,
    0x0, 0x0, 0x0, 0x3, 0xff, 0xff, 0xff, 0xff,
    0xff, 0xff, 0xd0, 0x0, 0x0, 0x2f, 0xff, 0xb0,
    0xe, 0xff, 0xf0, 0x0, 0x0, 0x0, 0x0, 0xe,
    0xff, 0xff, 0xff, 0xff, 0xff, 0xff, 0x50, 0x0,
    0x0, 0xe, 0xff, 0xe0, 0xf, 0xff, 0xc0, 0x0,
    0x0, 0x0, 0x0, 0x6f, 0xff, 0xff, 0xff, 0xff,
    0xff, 0xfb, 0x0, 0x0, 0x0, 0xc, 0xff, 0xf0,
    0x1f, 0xff, 0xb0, 0x0, 0x0, 0x0, 0x0, 0xaf,
    0xff, 0xff, 0xff, 0xff, 0xff, 0xf2, 0x0, 0x0,
    0x0, 0xb, 0xff, 0xf1, 0x2f, 0xff, 0xa0, 0x0,
    0x0, 0x0, 0x0, 0xbf, 0xff, 0xff, 0xff, 0xff,
    0xff, 0x90, 0x0, 0x0, 0x0, 0xa, 0xff, 0xf2,
    0x1f, 0xff, 0xb0, 0x0, 0x0, 0x0, 0x0, 0xaf,
    0xff, 0xff, 0xff, 0xff, 0xfe, 0x10, 0x0, 0x0,
    0x0, 0xb, 0xff, 0xf1, 0xf, 0xff, 0xc0, 0x0,
    0x0, 0x0, 0x0, 0x5f, 0xff, 0xff, 0xff, 0xff,
    0xf6, 0x0, 0x0, 0x0, 0x0, 0xc, 0xff, 0xf0,
    0xe, 0xff, 0xf0, 0x0, 0x0, 0x0, 0x0, 0xd,
    0xff, 0xff, 0xff, 0xff, 0xc0, 0x0, 0x0, 0x0,
    0x0, 0xf, 0xff, 0xe0, 0xb, 0xff, 0xf3, 0x0,
    0x0, 0x0, 0x0, 0x2, 0xef, 0xff, 0xff, 0xfd,
    0x20, 0x0, 0x0, 0x0, 0x0, 0x3f, 0xff, 0xb0,
    0x7, 0xff, 0xf8, 0x0, 0x0, 0x0, 0x0, 0x0,
    0x19, 0xff, 0xfe, 0x81, 0x0, 0x0, 0x0, 0x0,
    0x0, 0x8f, 0xff, 0x70, 0x2, 0xff, 0xfe, 0x0,
    0x0, 0x0, 0x0, 0x0, 0x0, 0x2, 0x10, 0x0,
    0x0, 0x0, 0x0, 0x0, 0x0, 0xef, 0xff, 0x20,
    0x0, 0xcf, 0xff, 0x70, 0x0, 0x0, 0x0, 0x0,
    0x0, 0x0, 0x0, 0x0, 0x0, 0x0, 0x0, 0x0,
    0x7, 0xff, 0xfc, 0x0, 0x0, 0x5f, 0xff, 0xf1,
    0x0, 0x0, 0x0, 0x0, 0x0, 0x0, 0x0, 0x0,
    0x0, 0x0, 0x0, 0x0, 0x1f, 0xff, 0xf5, 0x0,
    0x0, 0xd, 0xff, 0xfb, 0x0, 0x0, 0x0, 0x0,
    0x0, 0x0, 0x0, 0x0, 0x0, 0x0, 0x0, 0x0,
    0xbf, 0xff, 0xd0, 0x0, 0x0, 0x4, 0xff, 0xff,
    0x70, 0x0, 0x0, 0x0, 0x0, 0x0, 0x0, 0x0,
    0x0, 0x0, 0x0, 0x8, 0xff, 0xff, 0x40, 0x0,
    0x0, 0x0, 0xaf, 0xff, 0xf4, 0x0, 0x0, 0x0,
    0x0, 0x0, 0x0, 0x0, 0x0, 0x0, 0x0, 0x4f,
    0xff, 0xfa, 0x0, 0x0, 0x0, 0x0, 0xd, 0xff,
    0xfb, 0x0, 0x0, 0x0, 0x0, 0x0, 0x0, 0x0,
    0x0, 0x0, 0x0, 0x9f, 0xff, 0xd0, 0x0, 0x0,
    0x0, 0x0, 0x1, 0xef, 0xf7, 0x0, 0x0, 0x0,
    0x0, 0x0, 0x0, 0x0, 0x0, 0x0, 0x0, 0x6f,
    0xfe, 0x10, 0x0, 0x0, 0x0, 0x0, 0x0, 0x17,
    0x50, 0x0, 0x0, 0x0, 0x0, 0x0, 0x0, 0x0,
    0x0, 0x0, 0x0, 0x5, 0x71, 0x0, 0x0, 0x0,

    /* U+F04E6 "󰓦" */
    0x0, 0x0, 0x0, 0x0, 0x0, 0x0, 0x0, 0x0,
    0x10, 0x0, 0x0, 0x0, 0x0, 0x0, 0x0, 0x0,
    0x0, 0x0, 0x0, 0x0, 0x0, 0x0, 0x0, 0xb,
    0x30, 0x0, 0x0, 0x0, 0x0, 0x0, 0x0, 0x0,
    0x0, 0x0, 0x0, 0x0, 0x0, 0x0, 0x0, 0xbf,
    0x30, 0x0, 0x0, 0x0, 0x0, 0x0, 0x0, 0x0,
    0x0, 0x0, 0x0, 0x0, 0x0, 0x0, 0xb, 0xff,
    0x30, 0x0, 0x0, 0x0, 0x0, 0x0, 0x0, 0x0,
    0x0, 0x0, 0x0, 0x0, 0x0, 0x0, 0xbf, 0xff,
    0x30, 0x0, 0x0, 0x0, 0x0, 0x0, 0x0, 0x0,
    0x0, 0x0, 0x0, 0x0, 0x0, 0xb, 0xff, 0xff,
    0x30, 0x0, 0x0, 0x0, 0x0, 0x0, 0x0, 0x0,
    0x0, 0x0, 0x0, 0x0, 0x0, 0xbf, 0xff, 0xff,
    0xca, 0x85, 0x10, 0x0, 0x0, 0x0, 0x0, 0x0,
    0x0, 0x0, 0x0, 0x0, 0xb, 0xff, 0xff, 0xff,
    0xff, 0xff, 0xfc, 0x50, 0x0, 0x0, 0x0, 0x0,
    0x0, 0x0, 0x0, 0x0, 0x3f, 0xff, 0xff, 0xff,
    0xff, 0xff, 0xff, 0xfd, 0x40, 0x0, 0x0, 0x0,
    0x0, 0x0, 0x0, 0x0, 0x4, 0xff, 0xff, 0xff,
    0xff, 0xff, 0xff, 0xff, 0xf9, 0x0, 0x0, 0x0,
    0x0, 0x0, 0x0, 0x0, 0x0, 0x4f, 0xff, 0xff,
    0x53, 0x69, 0xef, 0xff, 0xff, 0xb0, 0x0, 0x0,
    0x0, 0x0, 0x0, 0x0, 0x0, 0x4, 0xff, 0xff,
    0x30, 0x0, 0x6, 0xef, 0xff, 0xfb, 0x0, 0x0,
    0x0, 0x0, 0x0, 0x0, 0x0, 0x0, 0x4f, 0xff,
    0x30, 0x0, 0x0, 0x1b, 0xff, 0xff, 0x80, 0x0,
    0x0, 0x3, 0x0, 0x0, 0x0, 0x0, 0x4, 0xff,
    0x30, 0x0, 0x0, 0x0, 0x9f, 0xff, 0xf3, 0x0,
    0x0, 0x5f, 0x30, 0x0, 0x0, 0x0, 0x0, 0x4f,
    0x30, 0x0, 0x0, 0x0, 0xb, 0xff, 0xfc, 0x0,
    0x0, 0xef, 0xf3, 0x0, 0x0, 0x0, 0x0, 0x4,
    0x20, 0x0, 0x0, 0x0, 0x1, 0xef, 0xff, 0x40,
    0x4, 0xff, 0xfd, 0x0, 0x0, 0x0, 0x0, 0x0,
    0x0, 0x0, 0x0, 0x0, 0x0, 0x7f, 0xff, 0xb0,
    0xa, 0xff, 0xf6, 0x0, 0x0, 0x0, 0x0, 0x0,
    0x0, 0x0, 0x0, 0x0, 0x0, 0xf, 0xff, 0xf0,
    0xd, 0xff, 0xf1, 0x0, 0x0, 0x0, 0x0, 0x0,
    0x0, 0x0, 0x0, 0x0, 0x0, 0xa, 0xff, 0xf4,
    0x1f, 0xff, 0xd0, 0x0, 0x0, 0x0, 0x0, 0x0,
    0x0, 0x0, 0x0, 0x0, 0x0, 0x7, 0xff, 0xf7,
    0x2f, 0xff, 0xb0, 0x0, 0x0, 0x0, 0x0, 0x0,
    0x0, 0x0, 0x0, 0x0, 0x0, 0x4, 0xff, 0xf8,
    0x3f, 0xff, 0xa0, 0x0, 0x0, 0x0, 0x0, 0x0,
    0x0, 0x0, 0x0, 0x0, 0x0, 0x4, 0xff, 0xf9,
    0x2f, 0xff, 0xa0, 0x0, 0x0, 0x0, 0x0, 0x0,
    0x0, 0x0, 0x0, 0x0, 0x0, 0x4, 0xff, 0xf9,
    0x1f, 0xff, 0xc0, 0x0, 0x0, 0x0, 0x0, 0x0,
    0x0, 0x0, 0x0, 0x0, 0x0, 0x6, 0xff, 0xf7,
    0xf, 0xff, 0xf0, 0x0, 0x0, 0x0, 0x0, 0x0,
    0x0, 0x0, 0x0, 0x0, 0x0, 0x9, 0xff, 0xf5,
    0xb, 0xff, 0xf4, 0x0, 0x0, 0x0, 0x0, 0x0,
    0x0, 0x0, 0x0, 0x0, 0x0, 0xe, 0xff, 0xf1,
    0x7, 0xff, 0xfa, 0x0, 0x0, 0x0, 0x0, 0x0,
    0x0, 0x0, 0x0, 0x0, 0x0, 0x5f, 0xff, 0xd0,
    0x1, 0xff, 0xff, 0x20, 0x0, 0x0, 0x0, 0x0,
    0x20, 0x0, 0x0, 0x0, 0x0, 0x3f, 0xff, 0x70,
    0x0, 0x9f, 0xff, 0xc0, 0x0, 0x0, 0x0, 0x0,
    0xc4, 0x0, 0x0, 0x0, 0x0, 0x3, 0xfe, 0x0,
    0x0, 0x2f, 0xff, 0xfa, 0x0, 0x0, 0x0, 0x0,
    0xcf, 0x40, 0x0, 0x0, 0x0, 0x0, 0x36, 0x0,
    0x0, 0x7, 0xff, 0xff, 0xa0, 0x0, 0x0, 0x0,
    0xcf, 0xf4, 0x0, 0x0, 0x0, 0x0, 0x0, 0x0,
    0x0, 0x0, 0xaf, 0xff, 0xfd, 0x30, 0x0, 0x0,
    0xcf, 0xff, 0x40, 0x0, 0x0, 0x0, 0x0, 0x0,
    0x0, 0x0, 0xc, 0xff, 0xff, 0xfb, 0x51, 0x0,
    0xcf, 0xff, 0xf4, 0x0, 0x0, 0x0, 0x0, 0x0,
    0x0, 0x0, 0x0, 0xaf, 0xff, 0xff, 0xff, 0xec,
    0xff, 0xff, 0xff, 0x40, 0x0, 0x0, 0x0, 0x0,
    0x0, 0x0, 0x0, 0x6, 0xff, 0xff, 0xff, 0xff,
    0xff, 0xff, 0xff, 0xf4, 0x0, 0x0, 0x0, 0x0,
    0x0, 0x0, 0x0, 0x0, 0x18, 0xff, 0xff, 0xff,
    0xff, 0xff, 0xff, 0xf7, 0x0, 0x0, 0x0, 0x0,
    0x0, 0x0, 0x0, 0x0, 0x0, 0x5, 0xad, 0xff,
    0xff, 0xff, 0xff, 0x80, 0x0, 0x0, 0x0, 0x0,
    0x0, 0x0, 0x0, 0x0, 0x0, 0x0, 0x0, 0x1,
    0xdf, 0xff, 0xf8, 0x0, 0x0, 0x0, 0x0, 0x0,
    0x0, 0x0, 0x0, 0x0, 0x0, 0x0, 0x0, 0x0,
    0xcf, 0xff, 0x80, 0x0, 0x0, 0x0, 0x0, 0x0,
    0x0, 0x0, 0x0, 0x0, 0x0, 0x0, 0x0, 0x0,
    0xcf, 0xf8, 0x0, 0x0, 0x0, 0x0, 0x0, 0x0,
    0x0, 0x0, 0x0, 0x0, 0x0, 0x0, 0x0, 0x0,
    0xcf, 0x80, 0x0, 0x0, 0x0, 0x0, 0x0, 0x0,
    0x0, 0x0, 0x0, 0x0, 0x0, 0x0, 0x0, 0x0,
    0xc8, 0x0, 0x0, 0x0, 0x0, 0x0, 0x0, 0x0,
    0x0, 0x0, 0x0, 0x0, 0x0, 0x0, 0x0, 0x0,
    0x50, 0x0, 0x0, 0x0, 0x0, 0x0, 0x0, 0x0,

    /* U+F04E7 "󰓧" */
    0x0, 0x0, 0x0, 0x0, 0x0, 0x0, 0x0, 0x0,
    0x0, 0x0, 0x0, 0x2, 0xbb, 0xbb, 0xbb, 0xbb,
    0xbb, 0x90, 0x0, 0x0, 0x0, 0x0, 0x2, 0x9e,
    0x40, 0x0, 0x0, 0x0, 0x0, 0x3, 0xff, 0xff,
    0xff, 0xff, 0xfe, 0x20, 0x0, 0x0, 0x0, 0x1,
    0xaf, 0xff, 0x40, 0x0, 0x0, 0x0, 0x0, 0x3,
    0xff, 0xff, 0xff, 0xff, 0xe2, 0x0, 0x0, 0x0,
    0x0, 0x4e, 0xff, 0xff, 0x40, 0x0, 0x0, 0x0,
    0x0, 0x3, 0xff, 0xff, 0xff, 0xfe, 0x20, 0x0,
    0x0, 0x0, 0x6, 0xff, 0xff, 0xff, 0x30, 0x0,
    0x0, 0x0, 0x0, 0x3, 0xff, 0xff, 0xff, 0xf3,
    0x0, 0x0, 0x0, 0x0, 0x5f, 0xff, 0xff, 0x92,
    0x0, 0x0, 0x0, 0x0, 0x0, 0x3, 0xff, 0xff,
    0xff, 0xf4, 0x0, 0x0, 0x0, 0x3, 0xff, 0xff,
    0xe4, 0x0, 0x0, 0x0, 0xdf, 0xfe, 0x0, 0x3,
    0xff, 0xff, 0xff, 0xff, 0x20, 0x0, 0x0, 0xd,
    0xff, 0xfe, 0x20, 0x0, 0x0, 0x0, 0xdf, 0xfe,
    0x0, 0x3, 0xff, 0xfe, 0xef, 0xff, 0xc0, 0x0,
    0x0, 0x7f, 0xff, 0xf2, 0x0, 0x0, 0x0, 0x0,
    0xdf, 0xfe, 0x0, 0x3, 0xff, 0xe3, 0x3f, 0xff,
    0xf5, 0x0, 0x0, 0xef, 0xff, 0x60, 0x0, 0x0,
    0x0, 0x0, 0xdf, 0xfe, 0x0, 0x3, 0xfe, 0x20,
    0x6, 0xff, 0xfd, 0x0, 0x5, 0xff, 0xfd, 0x0,
    0x0, 0x0, 0x0, 0x0, 0xdf, 0xfe, 0x0, 0x3,
    0xe2, 0x0, 0x0, 0xdf, 0xff, 0x50, 0xa, 0xff,
    0xf6, 0x0, 0x0, 0x0, 0x0, 0x0, 0xdf, 0xfe,
    0x0, 0x2, 0x20, 0x0, 0x0, 0x6f, 0xff, 0xa0,
    0xe, 0xff, 0xf1, 0x0, 0x0, 0x0, 0x0, 0x0,
    0xdf, 0xfe, 0x0, 0x0, 0x0, 0x0, 0x0, 0x1f,
    0xff, 0xe0, 0x1f, 0xff, 0xd0, 0x0, 0x0, 0x0,
    0x0, 0x0, 0xdf, 0xfe, 0x0, 0x0, 0x0, 0x0,
    0x0, 0xd, 0xff, 0xf1, 0x2f, 0xff, 0xb0, 0x0,
    0x0, 0x0, 0x0, 0x0, 0xdf, 0xfe, 0x0, 0x0,
    0x0, 0x0, 0x0, 0xb, 0xff, 0xf2, 0x3f, 0xff,
    0xa0, 0x0, 0x0, 0x0, 0x0, 0x0, 0xdf, 0xfe,
    0x0, 0x0, 0x0, 0x0, 0x0, 0xa, 0xff, 0xf3,
    0x3f, 0xff, 0xb0, 0x0, 0x0, 0x0, 0x0, 0x0,
    0xdf, 0xfe, 0x0, 0x0, 0x0, 0x0, 0x0, 0xb,
    0xff, 0xf2, 0x1f, 0xff, 0xd0, 0x0, 0x0, 0x0,
    0x0, 0x0, 0x78, 0x88, 0x0, 0x0, 0x0, 0x0,
    0x0, 0xc, 0xff, 0xf1, 0xf, 0xff, 0xf1, 0x0,
    0x0, 0x0, 0x0, 0x0, 0x0, 0x0, 0x0, 0x0,
    0x0, 0x0, 0x0, 0xf, 0xff, 0xe0, 0xb, 0xff,
    0xf5, 0x0, 0x0, 0x0, 0x10, 0x0, 0x0, 0x0,
    0x0, 0x0, 0x0, 0x0, 0x0, 0x5f, 0xff, 0xb0,
    0x6, 0xff, 0xfc, 0x0, 0x0, 0xc, 0x40, 0x0,
    0x0, 0x0, 0x0, 0x0, 0x0, 0x0, 0x0, 0xbf,
    0xff, 0x60, 0x0, 0xff, 0xff, 0x50, 0x1, 0xcf,
    0x40, 0x0, 0x9b, 0xba, 0x0, 0x0, 0x0, 0x0,
    0x4, 0xff, 0xff, 0x0, 0x0, 0x7f, 0xff, 0xe1,
    0x1d, 0xff, 0x40, 0x0, 0xdf, 0xfe, 0x0, 0x0,
    0x0, 0x0, 0x1e, 0xff, 0xf9, 0x0, 0x0, 0xe,
    0xff, 0xfd, 0xdf, 0xff, 0x40, 0x0, 0xdf, 0xfe,
    0x0, 0x0, 0x0, 0x0, 0xcf, 0xff, 0xe1, 0x0,
    0x0, 0x4, 0xff, 0xff, 0xff, 0xff, 0x40, 0x0,
    0xdf, 0xfe, 0x0, 0x0, 0x0, 0x1c, 0xff, 0xff,
    0x40, 0x0, 0x0, 0x0, 0x6f, 0xff, 0xff, 0xff,
    0x40, 0x0, 0x12, 0x22, 0x0, 0x0, 0x6, 0xff,
    0xff, 0xf8, 0x0, 0x0, 0x0, 0x0, 0x1e, 0xff,
    0xff, 0xff, 0x40, 0x0, 0x0, 0x0, 0x0, 0x2,
    0xef, 0xff, 0xff, 0x90, 0x0, 0x0, 0x0, 0x1,
    0xdf, 0xff, 0xff, 0xff, 0x40, 0x0, 0x0, 0x0,
    0x0, 0x3, 0xff, 0xff, 0xf7, 0x0, 0x0, 0x0,
    0x0, 0x1d, 0xff, 0xff, 0xff, 0xff, 0x40, 0x0,
    0x0, 0x0, 0x0, 0x3, 0xff, 0xfc, 0x30, 0x0,
    0x0, 0x0, 0x1, 0xcf, 0xff, 0xff, 0xff, 0xff,
    0x40, 0x0, 0x0, 0x0, 0x0, 0x3, 0xfc, 0x50,
    0x0, 0x0, 0x0, 0x0, 0xa, 0xee, 0xee, 0xee,
    0xee, 0xee, 0x30, 0x0, 0x0, 0x0, 0x0, 0x1,
    0x10, 0x0, 0x0, 0x0, 0x0, 0x0,

    /* U+F050F "󰔏" */
    0x0, 0x0, 0x0, 0x0, 0x16, 0x88, 0x61, 0x0,
    0x0, 0x0, 0x0, 0x0, 0x0, 0x0, 0x6, 0xff,
    0xff, 0xff, 0x60, 0x0, 0x0, 0x0, 0x0, 0x0,
    0x0, 0x7f, 0xff, 0xff, 0xff, 0xf7, 0x0, 0x0,
    0x0, 0x0, 0x0, 0x2, 0xff, 0xff, 0xff, 0xff,
    0xff, 0x20, 0x0, 0x0, 0x0, 0x0, 0x8, 0xff,
    0xfd, 0x44, 0xdf, 0xff, 0x80, 0x0, 0x0, 0x0,
    0x0, 0xb, 0xff, 0xf3, 0x0, 0x3f, 0xff, 0xb0,
    0x0, 0x0, 0x0, 0x0, 0xc, 0xff, 0xf1, 0x0,
    0x1f, 0xff, 0xc0, 0x0, 0x0, 0x0, 0x0, 0xc,
    0xff, 0xf1, 0x0, 0x1f, 0xff, 0xc0, 0x0, 0x0,
    0x0, 0x0, 0xc, 0xff, 0xf1, 0x0, 0x1f, 0xff,
    0xc0, 0x0, 0x0, 0x0, 0x0, 0xc, 0xff, 0xf1,
    0x0, 0x1f, 0xff, 0xc0, 0x0, 0x0, 0x0, 0x0,
    0xc, 0xff, 0xf1, 0x0, 0x1f, 0xff, 0xc0, 0x0,
    0x0, 0x0, 0x0, 0xc, 0xff, 0xf1, 0x0, 0x1f,
    0xff, 0xc0, 0x0, 0x0, 0x0, 0x0, 0xc, 0xff,
    0xfd, 0xdd, 0xdf, 0xff, 0xc0, 0x0, 0x0, 0x0,
    0x0, 0xc, 0xff, 0xff, 0xff, 0xff, 0xff, 0xc0,
    0x0, 0x0, 0x0, 0x0, 0xc, 0xff, 0xff, 0xff,
    0xff, 0xff, 0xc0, 0x0, 0x0, 0x0, 0x0, 0xc,
    0xff, 0xff, 0xff, 0xff, 0xff, 0xc0, 0x0, 0x0,
    0x0, 0x0, 0xc, 0xff, 0xff, 0xff, 0xff, 0xff,
    0xc0, 0x0, 0x0, 0x0, 0x0, 0xc, 0xff, 0xff,
    0xff, 0xff, 0xff, 0xc0, 0x0, 0x0, 0x0, 0x0,
    0xc, 0xff, 0xff, 0xff, 0xff, 0xff, 0xc0, 0x0,
    0x0, 0x0, 0x0, 0xc, 0xff, 0xff, 0xff, 0xff,
    0xff, 0xc0, 0x0, 0x0, 0x0, 0x0, 0xc, 0xff,
    0xff, 0xff, 0xff, 0xff, 0xc0, 0x0, 0x0, 0x0,
    0x0, 0xd, 0xff, 0xff, 0xff, 0xff, 0xff, 0xd0,
    0x0, 0x0, 0x0, 0x0, 0xaf, 0xff, 0xff, 0xff,
    0xff, 0xff, 0xfa, 0x0, 0x0, 0x0, 0x9, 0xff,
    0xff, 0xff, 0xff, 0xff, 0xff, 0xff, 0x90, 0x0,
    0x0, 0x4f, 0xff, 0xff, 0xff, 0xff, 0xff, 0xff,
    0xff, 0xf4, 0x0, 0x0, 0xcf, 0xff, 0xff, 0xff,
    0xff, 0xff, 0xff, 0xff, 0xfc, 0x0, 0x2, 0xff,
    0xff, 0xff, 0xff, 0xff, 0xff, 0xff, 0xff, 0xff,
    0x20, 0x6, 0xff, 0xff, 0xff, 0xff, 0xff, 0xff,
    0xff, 0xff, 0xff, 0x60, 0x8, 0xff, 0xff, 0xff,
    0xff, 0xff, 0xff, 0xff, 0xff, 0xff, 0x80, 0x9,
    0xff, 0xff, 0xff, 0xff, 0xff, 0xff, 0xff, 0xff,
    0xff, 0x90, 0x8, 0xff, 0xff, 0xff, 0xff, 0xff,
    0xff, 0xff, 0xff, 0xff, 0x80, 0x5, 0xff, 0xff,
    0xff, 0xff, 0xff, 0xff, 0xff, 0xff, 0xff, 0x50,
    0x1, 0xff, 0xff, 0xff, 0xff, 0xff, 0xff, 0xff,
    0xff, 0xff, 0x10, 0x0, 0xaf, 0xff, 0xff, 0xff,
    0xff, 0xff, 0xff, 0xff, 0xfa, 0x0, 0x0, 0x2f,
    0xff, 0xff, 0xff, 0xff, 0xff, 0xff, 0xff, 0xf2,
    0x0, 0x0, 0x5, 0xff, 0xff, 0xff, 0xff, 0xff,
    0xff, 0xff, 0x50, 0x0, 0x0, 0x0, 0x6f, 0xff,
    0xff, 0xff, 0xff, 0xff, 0xf6, 0x0, 0x0, 0x0,
    0x0, 0x3, 0xcf, 0xff, 0xff, 0xff, 0xfc, 0x30,
    0x0, 0x0, 0x0, 0x0, 0x0, 0x4, 0x9d, 0xee,
    0xd9, 0x40, 0x0, 0x0, 0x0,

    /* U+F0521 "󰔡" */
    0x0, 0x0, 0x0, 0x16, 0xac, 0xdd, 0xdd, 0xdd,
    0xdd, 0xdd, 0xdd, 0xdd, 0xdd, 0xdd, 0xdd, 0xca,
    0x61, 0x0, 0x0, 0x0, 0x0, 0x0, 0x7, 0xff,
    0xff, 0xff, 0xff, 0xff, 0xff, 0xff, 0xff, 0xff,
    0xff, 0xff, 0xff, 0xff, 0xff, 0x70, 0x0, 0x0,
    0x0, 0x1, 0xbf, 0xff, 0xff, 0xff, 0xff, 0xff,
    0xff, 0xff, 0xff, 0xff, 0xff, 0xff, 0xff, 0xff,
    0xff, 0xfb, 0x10, 0x0, 0x0, 0xc, 0xff, 0xff,
    0xff, 0xff, 0xff, 0xff, 0xff, 0xff, 0xff, 0xff,
    0xff, 0xff, 0xff, 0xff, 0xff, 0xff, 0xc0, 0x0,
    0x0, 0x9f, 0xff, 0xff, 0xff, 0xff, 0xff, 0xff,
    0xff, 0xff, 0xff, 0xff, 0xff, 0xd6, 0x10, 0x15,
    0xcf, 0xff, 0xf9, 0x0, 0x3, 0xff, 0xff, 0xff,
    0xff, 0xff, 0xff, 0xff, 0xff, 0xff, 0xff, 0xff,
    0xfa, 0x0, 0x0, 0x0, 0x8, 0xff, 0xff, 0x20,
    0x9, 0xff, 0xff, 0xff, 0xff, 0xff, 0xff, 0xff,
    0xff, 0xff, 0xff, 0xff, 0xc0, 0x0, 0x0, 0x0,
    0x0, 0xaf, 0xff, 0x90, 0xe, 0xff, 0xff, 0xff,
    0xff, 0xff, 0xff, 0xff, 0xff, 0xff, 0xff, 0xff,
    0x40, 0x0, 0x0, 0x0, 0x0, 0x1f, 0xff, 0xe0,
    0xf, 0xff, 0xff, 0xff, 0xff, 0xff, 0xff, 0xff,
    0xff, 0xff, 0xff, 0xff, 0x0, 0x0, 0x0, 0x0,
    0x0, 0xc, 0xff, 0xf0, 0x1f, 0xff, 0xff, 0xff,
    0xff, 0xff, 0xff, 0xff, 0xff, 0xff, 0xff, 0xfe,
    0x0, 0x0, 0x0, 0x0, 0x0, 0xa, 0xff, 0xf1,
    0x1f, 0xff, 0xff, 0xff, 0xff, 0xff, 0xff, 0xff,
    0xff, 0xff, 0xff, 0xff, 0x0, 0x0, 0x0, 0x0,
    0x0, 0xb, 0xff, 0xf1, 0xf, 0xff, 0xff, 0xff,
    0xff, 0xff, 0xff, 0xff, 0xff, 0xff, 0xff, 0xff,
    0x20, 0x0, 0x0, 0x0, 0x0, 0xf, 0xff, 0xf0,
    0xb, 0xff, 0xff, 0xff, 0xff, 0xff, 0xff, 0xff,
    0xff, 0xff, 0xff, 0xff, 0xa0, 0x0, 0x0, 0x0,
    0x0, 0x7f, 0xff, 0xb0, 0x5, 0xff, 0xff, 0xff,
    0xff, 0xff, 0xff, 0xff, 0xff, 0xff, 0xff, 0xff,
    0xf6, 0x0, 0x0, 0x0, 0x4, 0xff, 0xff, 0x40,
    0x0, 0xcf, 0xff, 0xff, 0xff, 0xff, 0xff, 0xff,
    0xff, 0xff, 0xff, 0xff, 0xff, 0x91, 0x0, 0x1,
    0x8f, 0xff, 0xfc, 0x0, 0x0, 0x1e, 0xff, 0xff,
    0xff, 0xff, 0xff, 0xff, 0xff, 0xff, 0xff, 0xff,
    0xff, 0xff, 0xdb, 0xcf, 0xff, 0xff, 0xe1, 0x0,
    0x0, 0x3, 0xef, 0xff, 0xff, 0xff, 0xff, 0xff,
    0xff, 0xff, 0xff, 0xff, 0xff, 0xff, 0xff, 0xff,
    0xff, 0xfe, 0x30, 0x0, 0x0, 0x0, 0x1c, 0xff,
    0xff, 0xff, 0xff, 0xff, 0xff, 0xff, 0xff, 0xff,
    0xff, 0xff, 0xff, 0xff, 0xff, 0xc1, 0x0, 0x0,
    0x0, 0x0, 0x0, 0x5b, 0xff, 0xff, 0xff, 0xff,
    0xff, 0xff, 0xff, 0xff, 0xff, 0xff, 0xff, 0xff,
    0xb4, 0x0, 0x0, 0x0, 0x0, 0x0, 0x0, 0x0,
    0x1, 0x22, 0x22, 0x22, 0x22, 0x22, 0x22, 0x22,
    0x22, 0x22, 0x22, 0x10, 0x0, 0x0, 0x0, 0x0,

    /* U+F0522 "󰔢" */
    0x0, 0x0, 0x0, 0x16, 0xac, 0xdd, 0xdd, 0xdd,
    0xdd, 0xdd, 0xdd, 0xdd, 0xdd, 0xdd, 0xdd, 0xca,
    0x61, 0x0, 0x0, 0x0, 0x0, 0x0, 0x7, 0xff,
    0xff, 0xff, 0xff, 0xff, 0xff, 0xff, 0xff, 0xff,
    0xff, 0xff, 0xff, 0xff, 0xff, 0x70, 0x0, 0x0,
    0x0, 0x1, 0xbf, 0xff, 0xff, 0xff, 0xff, 0xff,
    0xff, 0xff, 0xff, 0xff, 0xff, 0xff, 0xff, 0xff,
    0xff, 0xfb, 0x10, 0x0, 0x0, 0xc, 0xff, 0xff,
    0xff, 0xff, 0xff, 0xff, 0xff, 0xff, 0xff, 0xff,
    0xff, 0xff, 0xff, 0xff, 0xff, 0xff, 0xc0, 0x0,
    0x0, 0x9f, 0xff, 0xfc, 0x51, 0x1, 0x6d, 0xff,
    0xff, 0xff, 0xff, 0xff, 0xff, 0xff, 0xff, 0xff,
    0xff, 0xff, 0xf9, 0x0, 0x3, 0xff, 0xff, 0x80,
    0x0, 0x0, 0x0, 0xaf, 0xff, 0xff, 0xff, 0xff,
    0xff, 0xff, 0xff, 0xff, 0xff, 0xff, 0xff, 0x20,
    0x9, 0xff, 0xfa, 0x0, 0x0, 0x0, 0x0, 0xc,
    0xff, 0xff, 0xff, 0xff, 0xff, 0xff, 0xff, 0xff,
    0xff, 0xff, 0xff, 0x90, 0xe, 0xff, 0xf1, 0x0,
    0x0, 0x0, 0x0, 0x4, 0xff, 0xff, 0xff, 0xff,
    0xff, 0xff, 0xff, 0xff, 0xff, 0xff, 0xff, 0xe0,
    0xf, 0xff, 0xc0, 0x0, 0x0, 0x0, 0x0, 0x0,
    0xff, 0xff, 0xff, 0xff, 0xff, 0xff, 0xff, 0xff,
    0xff, 0xff, 0xff, 0xf0, 0x1f, 0xff, 0xa0, 0x0,
    0x0, 0x0, 0x0, 0x0, 0xef, 0xff, 0xff, 0xff,
    0xff, 0xff, 0xff, 0xff, 0xff, 0xff, 0xff, 0xf1,
    0x1f, 0xff, 0xb0, 0x0, 0x0, 0x0, 0x0, 0x0,
    0xff, 0xff, 0xff, 0xff, 0xff, 0xff, 0xff, 0xff,
    0xff, 0xff, 0xff, 0xf1, 0xf, 0xff, 0xf0, 0x0,
    0x0, 0x0, 0x0, 0x2, 0xff, 0xff, 0xff, 0xff,
    0xff, 0xff, 0xff, 0xff, 0xff, 0xff, 0xff, 0xf0,
    0xb, 0xff, 0xf7, 0x0, 0x0, 0x0, 0x0, 0xa,
    0xff, 0xff, 0xff, 0xff, 0xff, 0xff, 0xff, 0xff,
    0xff, 0xff, 0xff, 0xb0, 0x5, 0xff, 0xff, 0x40,
    0x0, 0x0, 0x0, 0x6f, 0xff, 0xff, 0xff, 0xff,
    0xff, 0xff, 0xff, 0xff, 0xff, 0xff, 0xff, 0x40,
    0x0, 0xcf, 0xff, 0xf8, 0x10, 0x0, 0x19, 0xff,
    0xff, 0xff, 0xff, 0xff, 0xff, 0xff, 0xff, 0xff,
    0xff, 0xff, 0xfc, 0x0, 0x0, 0x1e, 0xff, 0xff,
    0xfc, 0xbd, 0xff, 0xff, 0xff, 0xff, 0xff, 0xff,
    0xff, 0xff, 0xff, 0xff, 0xff, 0xff, 0xe1, 0x0,
    0x0, 0x3, 0xef, 0xff, 0xff, 0xff, 0xff, 0xff,
    0xff, 0xff, 0xff, 0xff, 0xff, 0xff, 0xff, 0xff,
    0xff, 0xfe, 0x30, 0x0, 0x0, 0x0, 0x1c, 0xff,
    0xff, 0xff, 0xff, 0xff, 0xff, 0xff, 0xff, 0xff,
    0xff, 0xff, 0xff, 0xff, 0xff, 0xc1, 0x0, 0x0,
    0x0, 0x0, 0x0, 0x5b, 0xff, 0xff, 0xff, 0xff,
    0xff, 0xff, 0xff, 0xff, 0xff, 0xff, 0xff, 0xff,
    0xb4, 0x0, 0x0, 0x0, 0x0, 0x0, 0x0, 0x0,
    0x1, 0x22, 0x22, 0x22, 0x22, 0x22, 0x22, 0x22,
    0x22, 0x22, 0x22, 0x10, 0x0, 0x0, 0x0, 0x0,

    /* U+F0565 "󰕥" */
    0x0, 0x0, 0x0, 0x0, 0x0, 0x0, 0x0, 0x0,
    0x1, 0x30, 0x0, 0x0, 0x0, 0x0, 0x0, 0x0,
    0x0, 0x0, 0x0, 0x0, 0x0, 0x0, 0x0, 0x0,
    0x0, 0x2, 0x9f, 0xfc, 0x50, 0x0, 0x0, 0x0,
    0x0, 0x0, 0x0, 0x0, 0x0, 0x0, 0x0, 0x0,
    0x0, 0x0, 0x4, 0xbf, 0xff, 0xff, 0xfd, 0x60,
    0x0, 0x0, 0x0, 0x0, 0x0, 0x0, 0x0, 0x0,
    0x0, 0x0, 0x0, 0x5, 0xdf, 0xff, 0xff, 0xff,
    0xff, 0xfe, 0x81, 0x0, 0x0, 0x0, 0x0, 0x0,
    0x0, 0x0, 0x0, 0x0, 0x17, 0xef, 0xff, 0xff,
    0xff, 0xff, 0xff, 0xff, 0xff, 0xa2, 0x0, 0x0,
    0x0, 0x0, 0x0, 0x0, 0x0, 0x29, 0xff, 0xff,
    0xff, 0xff, 0xff, 0xff, 0xff, 0xff, 0xff, 0xff,
    0xb4, 0x0, 0x0, 0x0, 0x0, 0x0, 0x3a, 0xff,
    0xff, 0xff, 0xff, 0xff, 0xff, 0xff, 0xff, 0xff,
    0xff, 0xff, 0xff, 0xd6, 0x0, 0x0, 0x0, 0x5c,
    0xff, 0xff, 0xff, 0xff, 0xff, 0xff, 0xff, 0xff,
    0xff, 0xff, 0xff, 0xff, 0xff, 0xff, 0xe7, 0x10,
    0xe, 0xff, 0xff, 0xff, 0xff, 0xff, 0xff, 0xff,
    0xff, 0xff, 0xff, 0xff, 0xff, 0xff, 0xff, 0xff,
    0xff, 0xf4, 0x1f, 0xff, 0xff, 0xff, 0xff, 0xff,
    0xff, 0xff, 0xff, 0xff, 0xff, 0xff, 0xff, 0xff,
    0xff, 0xff, 0xff, 0xf6, 0x1f, 0xff, 0xff, 0xff,
    0xff, 0xff, 0xff, 0xff, 0xff, 0xff, 0xff, 0xff,
    0xff, 0xff, 0xff, 0xff, 0xff, 0xf6, 0x1f, 0xff,
    0xff, 0xff, 0xff, 0xff, 0xff, 0xff, 0xff, 0xff,
    0xff, 0xff, 0xff, 0xff, 0xff, 0xff, 0xff, 0xf6,
    0x1f, 0xff, 0xff, 0xff, 0xff, 0xff, 0xff, 0xff,
    0xff, 0xff, 0xff, 0xff, 0xff, 0xff, 0xff, 0xff,
    0xff, 0xf6, 0x1f, 0xff, 0xff, 0xff, 0xff, 0xff,
    0xff, 0xff, 0xff, 0xff, 0xff, 0xff, 0xff, 0xbc,
    0xff, 0xff, 0xff, 0xf6, 0x1f, 0xff, 0xff, 0xff,
    0xff, 0xff, 0xff, 0xff, 0xff, 0xff, 0xff, 0xff,
    0xfb, 0x0, 0xcf, 0xff, 0xff, 0xf6, 0x1f, 0xff,
    0xff, 0xff, 0xff, 0xff, 0xff, 0xff, 0xff, 0xff,
    0xff, 0xff, 0xb0, 0x0, 0xc, 0xff, 0xff, 0xf6,
    0x1f, 0xff, 0xff, 0xff, 0xff, 0xff, 0xff, 0xff,
    0xff, 0xff, 0xff, 0xfb, 0x0, 0x0, 0xc, 0xff,
    0xff, 0xf6, 0x1f, 0xff, 0xff, 0xff, 0xff, 0xff,
    0xff, 0xff, 0xff, 0xff, 0xff, 0xb0, 0x0, 0x0,
    0xcf, 0xff, 0xff, 0xf6, 0x1f, 0xff, 0xff, 0xff,
    0xff, 0xff, 0xff, 0xff, 0xff, 0xff, 0xfb, 0x0,
    0x0, 0xc, 0xff, 0xff, 0xff, 0xf6, 0x1f, 0xff,
    0xff, 0xff, 0xff, 0xff, 0xff, 0xff, 0xff, 0xff,
    0xb0, 0x0, 0x0, 0xcf, 0xff, 0xff, 0xff, 0xf6,
    0xf, 0xff, 0xff, 0xff, 0xff, 0xff, 0xff, 0xff,
    0xff, 0xfb, 0x0, 0x0, 0xc, 0xff, 0xff, 0xff,
    0xff, 0xf6, 0xf, 0xff, 0xff, 0xff, 0xc3, 0xef,
    0xff, 0xff, 0xff, 0xb0, 0x0, 0x0, 0xcf, 0xff,
    0xff, 0xff, 0xff, 0xf5, 0xe, 0xff, 0xff, 0xfc,
    0x0, 0x2e, 0xff, 0xff, 0xfb, 0x0, 0x0, 0xc,
    0xff, 0xff, 0xff, 0xff, 0xff, 0xf4, 0xc, 0xff,
    0xff, 0xe0, 0x0, 0x2, 0xef, 0xff, 0xa0, 0x0,
    0x0, 0xcf, 0xff, 0xff, 0xff, 0xff, 0xff, 0xf1,
    0x9, 0xff, 0xff, 0xf8, 0x0, 0x0, 0x2e, 0xfa,
    0x0, 0x0, 0xc, 0xff, 0xff, 0xff, 0xff, 0xff,
    0xff, 0xf0, 0x5, 0xff, 0xff, 0xff, 0x80, 0x0,
    0x2, 0x90, 0x0, 0x0, 0xcf, 0xff, 0xff, 0xff,
    0xff, 0xff, 0xff, 0xb0, 0x1, 0xff, 0xff, 0xff,
    0xf7, 0x0, 0x0, 0x0, 0x0, 0xc, 0xff, 0xff,
    0xff, 0xff, 0xff, 0xff, 0xff, 0x60, 0x0, 0xcf,
    0xff, 0xff, 0xff, 0x70, 0x0, 0x0, 0x0, 0xcf,
    0xff, 0xff, 0xff, 0xff, 0xff, 0xff, 0xff, 0x20,
    0x0, 0x6f, 0xff, 0xff, 0xff, 0xf7, 0x0, 0x0,
    0xc, 0xff, 0xff, 0xff, 0xff, 0xff, 0xff, 0xff,
    0xfb, 0x0, 0x0, 0xf, 0xff, 0xff, 0xff, 0xff,
    0x70, 0x0, 0xcf, 0xff, 0xff, 0xff, 0xff, 0xff,
    0xff, 0xff, 0xf5, 0x0, 0x0, 0x8, 0xff, 0xff,
    0xff, 0xff, 0xf7, 0xc, 0xff, 0xff, 0xff, 0xff,
    0xff, 0xff, 0xff, 0xff, 0xd0, 0x0, 0x0, 0x1,
    0xef, 0xff, 0xff, 0xff, 0xff, 0xdf, 0xff, 0xff,
    0xff, 0xff, 0xff, 0xff, 0xff, 0xff, 0x50, 0x0,
    0x0, 0x0, 0x7f, 0xff, 0xff, 0xff, 0xff, 0xff,
    0xff, 0xff, 0xff, 0xff, 0xff, 0xff, 0xff, 0xfc,
    0x0, 0x0, 0x0, 0x0, 0xc, 0xff, 0xff, 0xff,
    0xff, 0xff, 0xff, 0xff, 0xff, 0xff, 0xff, 0xff,
    0xff, 0xf2, 0x0, 0x0, 0x0, 0x0, 0x2, 0xef,
    0xff, 0xff, 0xff, 0xff, 0xff, 0xff, 0xff, 0xff,
    0xff, 0xff, 0xff, 0x60, 0x0, 0x0, 0x0, 0x0,
    0x0, 0x4f, 0xff, 0xff, 0xff, 0xff, 0xff, 0xff,
    0xff, 0xff, 0xff, 0xff, 0xf9, 0x0, 0x0, 0x0,
    0x0, 0x0, 0x0, 0x6, 0xff, 0xff, 0xff, 0xff,
    0xff, 0xff, 0xff, 0xff, 0xff, 0xff, 0xb0, 0x0,
    0x0, 0x0, 0x0, 0x0, 0x0, 0x0, 0x5f, 0xff,
    0xff, 0xff, 0xff, 0xff, 0xff, 0xff, 0xff, 0xfb,
    0x0, 0x0, 0x0, 0x0, 0x0, 0x0, 0x0, 0x0,
    0x4, 0xef, 0xff, 0xff, 0xff, 0xff, 0xff, 0xff,
    0xff, 0x90, 0x0, 0x0, 0x0, 0x0, 0x0, 0x0,
    0x0, 0x0, 0x0, 0x2c, 0xff, 0xff, 0xff, 0xff,
    0xff, 0xff, 0xf5, 0x0, 0x0, 0x0, 0x0, 0x0,
    0x0, 0x0, 0x0, 0x0, 0x0, 0x0, 0x6f, 0xff,
    0xff, 0xff, 0xff, 0xfa, 0x10, 0x0, 0x0, 0x0,
    0x0, 0x0, 0x0, 0x0, 0x0, 0x0, 0x0, 0x0,
    0x1, 0x8e, 0xff, 0xff, 0xfa, 0x30, 0x0, 0x0,
    0x0, 0x0, 0x0, 0x0, 0x0, 0x0, 0x0, 0x0,
    0x0, 0x0, 0x0, 0x0, 0x5a, 0xb6, 0x10, 0x0,
    0x0, 0x0, 0x0, 0x0, 0x0, 0x0,

    /* U+F057E "󰕾" */
    0x0, 0x0, 0x0, 0x0, 0x0, 0x0, 0x0, 0x0,
    0x0, 0x0, 0x0, 0x0, 0x0, 0x0, 0x0, 0x0,
    0x0, 0x0, 0x0, 0x0, 0x0, 0x0, 0x0, 0x0,
    0x0, 0x0, 0x0, 0x0, 0x1, 0xd9, 0x30, 0x0,
    0x0, 0x0, 0x0, 0x0, 0x0, 0x0, 0x0, 0x0,
    0x0, 0x0, 0x0, 0x0, 0x2, 0x0, 0x1, 0xff,
    0xfc, 0x30, 0x0, 0x0, 0x0, 0x0, 0x0, 0x0,
    0x0, 0x0, 0x0, 0x0, 0x0, 0x0, 0x2e, 0x0,
    0x1, 0xff, 0xff, 0xf9, 0x0, 0x0, 0x0, 0x0,
    0x0, 0x0, 0x0, 0x0, 0x0, 0x0, 0x0, 0x2,
    0xef, 0x0, 0x1, 0xff, 0xff, 0xff, 0xd1, 0x0,
    0x0, 0x0, 0x0, 0x0, 0x0, 0x0, 0x0, 0x0,
    0x0, 0x2e, 0xff, 0x0, 0x0, 0x28, 0xff, 0xff,
    0xfe, 0x20, 0x0, 0x0, 0x0, 0x0, 0x0, 0x0,
    0x0, 0x0, 0x2, 0xef, 0xff, 0x0, 0x0, 0x0,
    0x1a, 0xff, 0xff, 0xe1, 0x0, 0x0, 0x0, 0x0,
    0x0, 0x0, 0x0, 0x0, 0x2e, 0xff, 0xff, 0x0,
    0x0, 0x0, 0x0, 0x6f, 0xff, 0xfc, 0x0, 0x0,
    0x0, 0x0, 0x0, 0x0, 0x0, 0x2, 0xef, 0xff,
    0xff, 0x0, 0x0, 0x0, 0x0, 0x5, 0xff, 0xff,
    0x80, 0x0, 0x0, 0x0, 0x0, 0x0, 0x0, 0x2e,
    0xff, 0xff, 0xff, 0x0, 0x0, 0x0, 0x0, 0x0,
    0x7f, 0xff, 0xf1, 0x0, 0x0, 0x0, 0x0, 0x0,
    0x2, 0xef, 0xff, 0xff, 0xff, 0x0, 0x1, 0x90,
    0x0, 0x0, 0xc, 0xff, 0xf9, 0x0, 0x0, 0x0,
    0x0, 0x0, 0x2e, 0xff, 0xff, 0xff, 0xff, 0x0,
    0x1, 0xfd, 0x10, 0x0, 0x2, 0xff, 0xff, 0x10,
    0x3f, 0xff, 0xff, 0xff, 0xff, 0xff, 0xff, 0xff,
    0xff, 0x0, 0x1, 0xff, 0xc0, 0x0, 0x0, 0xbf,
    0xff, 0x60, 0x3f, 0xff, 0xff, 0xff, 0xff, 0xff,
    0xff, 0xff, 0xff, 0x0, 0x1, 0xff, 0xf8, 0x0,
    0x0, 0x5f, 0xff, 0xb0, 0x3f, 0xff, 0xff, 0xff,
    0xff, 0xff, 0xff, 0xff, 0xff, 0x0, 0x1, 0xff,
    0xff, 0x10, 0x0, 0xf, 0xff, 0xe0, 0x3f, 0xff,
    0xff, 0xff, 0xff, 0xff, 0xff, 0xff, 0xff, 0x0,
    0x1, 0xff, 0xff, 0x60, 0x0, 0xd, 0xff, 0xf1,
    0x3f, 0xff, 0xff, 0xff, 0xff, 0xff, 0xff, 0xff,
    0xff, 0x0, 0x1, 0xff, 0xff, 0x90, 0x0, 0xb,
    0xff, 0xf2, 0x3f, 0xff, 0xff, 0xff, 0xff, 0xff,
    0xff, 0xff, 0xff, 0x0, 0x1, 0xff, 0xff, 0xa0,
    0x0, 0xa, 0xff, 0xf3, 0x3f, 0xff, 0xff, 0xff,
    0xff, 0xff, 0xff, 0xff, 0xff, 0x0, 0x1, 0xff,
    0xff, 0xa0, 0x0, 0xa, 0xff, 0xf3, 0x3f, 0xff,
    0xff, 0xff, 0xff, 0xff, 0xff, 0xff, 0xff, 0x0,
    0x1, 0xff, 0xff, 0x70, 0x0, 0xc, 0xff, 0xf2,
    0x3f, 0xff, 0xff, 0xff, 0xff, 0xff, 0xff, 0xff,
    0xff, 0x0, 0x1, 0xff, 0xff, 0x30, 0x0, 0xe,
    0xff, 0xf0, 0x3f, 0xff, 0xff, 0xff, 0xff, 0xff,
    0xff, 0xff, 0xff, 0x0, 0x1, 0xff, 0xfd, 0x0,
    0x0, 0x2f, 0xff, 0xd0, 0x3f, 0xff, 0xff, 0xff,
    0xff, 0xff, 0xff, 0xff, 0xff, 0x0, 0x1, 0xff,
    0xf3, 0x0, 0x0, 0x8f, 0xff, 0x80, 0x17, 0x77,
    0x77, 0x77, 0xaf, 0xff, 0xff, 0xff, 0xff, 0x0,
    0x1, 0xff, 0x70, 0x0, 0x0, 0xef, 0xff, 0x30,
    0x0, 0x0, 0x0, 0x0, 0x9, 0xff, 0xff, 0xff,
    0xff, 0x0, 0x1, 0xf6, 0x0, 0x0, 0x7, 0xff,
    0xfd, 0x0, 0x0, 0x0, 0x0, 0x0, 0x0, 0x9f,
    0xff, 0xff, 0xff, 0x0, 0x0, 0x10, 0x0, 0x0,
    0x2f, 0xff, 0xf5, 0x0, 0x0, 0x0, 0x0, 0x0,
    0x0, 0x9, 0xff, 0xff, 0xff, 0x0, 0x0, 0x0,
    0x0, 0x1, 0xdf, 0xff, 0xc0, 0x0, 0x0, 0x0,
    0x0, 0x0, 0x0, 0x0, 0x9f, 0xff, 0xff, 0x0,
    0x0, 0x0, 0x0, 0x1c, 0xff, 0xff, 0x30, 0x0,
    0x0, 0x0, 0x0, 0x0, 0x0, 0x0, 0x9, 0xff,
    0xff, 0x0, 0x0, 0x0, 0x2, 0xdf, 0xff, 0xf6,
    0x0, 0x0, 0x0, 0x0, 0x0, 0x0, 0x0, 0x0,
    0x0, 0x9f, 0xff, 0x0, 0x0, 0x0, 0x8f, 0xff,
    0xff, 0x80, 0x0, 0x0, 0x0, 0x0, 0x0, 0x0,
    0x0, 0x0, 0x0, 0x9, 0xff, 0x0, 0x0, 0xaf,
    0xff, 0xff, 0xf8, 0x0, 0x0, 0x0, 0x0, 0x0,
    0x0, 0x0, 0x0, 0x0, 0x0, 0x0, 0x9f, 0x0,
    0x1, 0xff, 0xff, 0xff, 0x60, 0x0, 0x0, 0x0,
    0x0, 0x0, 0x0, 0x0, 0x0, 0x0, 0x0, 0x0,
    0x9, 0x0, 0x1, 0xff, 0xff, 0xb2, 0x0, 0x0,
    0x0, 0x0, 0x0, 0x0, 0x0, 0x0, 0x0, 0x0,
    0x0, 0x0, 0x0, 0x0, 0x1, 0xff, 0xb4, 0x0,
    0x0, 0x0, 0x0, 0x0, 0x0, 0x0, 0x0, 0x0,
    0x0, 0x0, 0x0, 0x0, 0x0, 0x0, 0x0, 0x61,
    0x0, 0x0, 0x0, 0x0, 0x0, 0x0,

    /* U+F058E "󰖎" */
    0x0, 0x0, 0x0, 0x0, 0x0, 0x0, 0x0, 0x0,
    0x0, 0x0, 0x0, 0x0, 0x0, 0x0, 0x0, 0x0,
    0x0, 0x7, 0x70, 0x0, 0x0, 0x0, 0x0, 0x0,
    0x0, 0x0, 0x0, 0x0, 0x0, 0x4f, 0xf4, 0x0,
    0x0, 0x0, 0x0, 0x0, 0x0, 0x0, 0x0, 0x0,
    0x2, 0xff, 0xff, 0x20, 0x0, 0x0, 0x0, 0x0,
    0x0, 0x0, 0x0, 0x0, 0xd, 0xff, 0xff, 0xd0,
    0x0, 0x0, 0x0, 0x0, 0x0, 0x0, 0x0, 0x0,
    0xaf, 0xff, 0xff, 0xfa, 0x0, 0x0, 0x0, 0x0,
    0x0, 0x0, 0x0, 0x6, 0xff, 0xff, 0xff, 0xff,
    0x60, 0x0, 0x0, 0x0, 0x0, 0x0, 0x0, 0x2f,
    0xff, 0xff, 0xff, 0xff, 0xf2, 0x0, 0x0, 0x0,
    0x0, 0x0, 0x0, 0xcf, 0xff, 0xff, 0xff, 0xff,
    0xfc, 0x0, 0x0, 0x0, 0x0, 0x0, 0x7, 0xff,
    0xff, 0xff, 0xff, 0xff, 0xff, 0x70, 0x0, 0x0,
    0x0, 0x0, 0x2f, 0xff, 0xff, 0xff, 0xff, 0xff,
    0xff, 0xf2, 0x0, 0x0, 0x0, 0x0, 0xbf, 0xff,
    0xff, 0xff, 0xff, 0xff, 0xff, 0xfc, 0x0, 0x0,
    0x0, 0x5, 0xff, 0xff, 0xff, 0xff, 0xff, 0xff,
    0xff, 0xff, 0x50, 0x0, 0x0, 0xd, 0xff, 0xff,
    0xff, 0xff, 0xff, 0xff, 0xff, 0xff, 0xd0, 0x0,
    0x0, 0x6f, 0xff, 0x40, 0x1b, 0xff, 0xff, 0xff,
    0x39, 0xff, 0xf6, 0x0, 0x0, 0xdf, 0xf7, 0x0,
    0x1, 0xff, 0xff, 0xf3, 0x0, 0x9f, 0xfe, 0x0,
    0x4, 0xff, 0xf5, 0x0, 0x0, 0xef, 0xff, 0x30,
    0x1, 0xcf, 0xff, 0x50, 0xa, 0xff, 0xfa, 0x0,
    0x3, 0xff, 0xf3, 0x0, 0x1c, 0xff, 0xff, 0xb0,
    0xf, 0xff, 0xff, 0xa5, 0x7e, 0xff, 0x30, 0x1,
    0xcf, 0xff, 0xff, 0xf0, 0x3f, 0xff, 0xff, 0xff,
    0xff, 0xf3, 0x0, 0x1c, 0xff, 0xff, 0xff, 0xf4,
    0x6f, 0xff, 0xff, 0xff, 0xff, 0x30, 0x1, 0xcf,
    0xff, 0xff, 0xff, 0xf7, 0x7f, 0xff, 0xff, 0xff,
    0xf3, 0x0, 0x1c, 0xff, 0xff, 0xff, 0xff, 0xf8,
    0x7f, 0xff, 0xff, 0xff, 0x30, 0x1, 0xcf, 0xfb,
    0x9d, 0xff, 0xff, 0xf7, 0x5f, 0xff, 0xff, 0xf3,
    0x0, 0x1c, 0xff, 0x70, 0x0, 0xcf, 0xff, 0xf5,
    0x1f, 0xff, 0xff, 0x30, 0x1, 0xcf, 0xff, 0x0,
    0x0, 0x5f, 0xff, 0xf2, 0xc, 0xff, 0xf8, 0x0,
    0x1c, 0xff, 0xff, 0x0, 0x0, 0x5f, 0xff, 0xd0,
    0x6, 0xff, 0xff, 0x61, 0xcf, 0xff, 0xff, 0x80,
    0x1, 0xdf, 0xff, 0x60, 0x0, 0xdf, 0xff, 0xfe,
    0xff, 0xff, 0xff, 0xfd, 0xbe, 0xff, 0xfd, 0x0,
    0x0, 0x3f, 0xff, 0xff, 0xff, 0xff, 0xff, 0xff,
    0xff, 0xff, 0xf3, 0x0, 0x0, 0x5, 0xff, 0xff,
    0xff, 0xff, 0xff, 0xff, 0xff, 0xff, 0x50, 0x0,
    0x0, 0x0, 0x4f, 0xff, 0xff, 0xff, 0xff, 0xff,
    0xff, 0xf5, 0x0, 0x0, 0x0, 0x0, 0x1, 0xaf,
    0xff, 0xff, 0xff, 0xff, 0xfb, 0x20, 0x0, 0x0,
    0x0, 0x0, 0x0, 0x2, 0x8d, 0xff, 0xff, 0xd8,
    0x30, 0x0, 0x0, 0x0, 0x0, 0x0, 0x0, 0x0,
    0x0, 0x1, 0x10, 0x0, 0x0, 0x0, 0x0, 0x0,

    /* U+F0590 "󰖐" */
    0x0, 0x0, 0x0, 0x0, 0x0, 0x0, 0x0, 0x0,
    0x0, 0x25, 0x89, 0x98, 0x52, 0x0, 0x0, 0x0,
    0x0, 0x0, 0x0, 0x0, 0x0, 0x0, 0x0, 0x0,
    0x0, 0x0, 0x0, 0x0, 0x0, 0x0, 0x5c, 0xff,
    0xff, 0xff, 0xff, 0xc5, 0x0, 0x0, 0x0, 0x0,
    0x0, 0x0, 0x0, 0x0, 0x0, 0x0, 0x0, 0x0,
    0x0, 0x0, 0x0, 0x2c, 0xff, 0xff, 0xff, 0xff,
    0xff, 0xff, 0xc2, 0x0, 0x0, 0x0, 0x0, 0x0,
    0x0, 0x0, 0x0, 0x0, 0x0, 0x0, 0x0, 0x0,
    0x4, 0xff, 0xff, 0xff, 0xff, 0xff, 0xff, 0xff,
    0xff, 0x40, 0x0, 0x0, 0x0, 0x0, 0x0, 0x0,
    0x0, 0x0, 0x0, 0x0, 0x0, 0x0, 0x4f, 0xff,
    0xff, 0xc7, 0x42, 0x24, 0x7d, 0xff, 0xff, 0xf4,
    0x0, 0x0, 0x0, 0x0, 0x0, 0x0, 0x0, 0x0,
    0x0, 0x0, 0x0, 0x1, 0xef, 0xff, 0xd4, 0x0,
    0x0, 0x0, 0x0, 0x4e, 0xff, 0xfe, 0x10, 0x0,
    0x0, 0x0, 0x0, 0x0, 0x0, 0x0, 0x0, 0x0,
    0x0, 0xb, 0xff, 0xfb, 0x0, 0x0, 0x0, 0x0,
    0x0, 0x1, 0xbf, 0xff, 0xb0, 0x0, 0x0, 0x0,
    0x0, 0x0, 0x0, 0x0, 0x0, 0x0, 0x0, 0x3f,
    0xff, 0xb0, 0x0, 0x0, 0x0, 0x0, 0x0, 0x0,
    0xc, 0xff, 0xf4, 0x0, 0x0, 0x0, 0x0, 0x0,
    0x0, 0x0, 0x0, 0x17, 0xbe, 0xff, 0xfe, 0x10,
    0x0, 0x0, 0x0, 0x0, 0x0, 0x0, 0x2, 0xef,
    0xfb, 0x0, 0x0, 0x0, 0x0, 0x0, 0x0, 0x0,
    0x7, 0xff, 0xff, 0xff, 0xf7, 0x0, 0x0, 0x0,
    0x0, 0x0, 0x0, 0x0, 0x0, 0x6f, 0xff, 0x0,
    0x0, 0x0, 0x0, 0x0, 0x0, 0x1, 0xbf, 0xff,
    0xff, 0xff, 0xf0, 0x0, 0x0, 0x0, 0x0, 0x0,
    0x0, 0x0, 0x0, 0xf, 0xff, 0x40, 0x0, 0x0,
    0x0, 0x0, 0x0, 0xc, 0xff, 0xff, 0xff, 0xff,
    0xc0, 0x0, 0x0, 0x0, 0x0, 0x0, 0x0, 0x0,
    0x0, 0xa, 0xff, 0x70, 0x0, 0x0, 0x0, 0x0,
    0x0, 0x8f, 0xff, 0xfc, 0x40, 0x1, 0x20, 0x0,
    0x0, 0x0, 0x0, 0x0, 0x0, 0x0, 0x0, 0x7,
    0xff, 0xff, 0xfb, 0x60, 0x0, 0x0, 0x2, 0xff,
    0xff, 0x80, 0x0, 0x0, 0x0, 0x0, 0x0, 0x0,
    0x0, 0x0, 0x0, 0x0, 0x0, 0x6, 0xff, 0xff,
    0xff, 0xfd, 0x20, 0x0, 0x9, 0xff, 0xfb, 0x0,
    0x0, 0x0, 0x0, 0x0, 0x0, 0x0, 0x0, 0x0,
    0x0, 0x0, 0x0, 0x6, 0xff, 0xff, 0xff, 0xff,
    0xf2, 0x0, 0xd, 0xff, 0xf2, 0x0, 0x0, 0x0,
    0x0, 0x0, 0x0, 0x0, 0x0, 0x0, 0x0, 0x0,
    0x0, 0x4, 0xbb, 0xbc, 0xef, 0xff, 0xfe, 0x0,
    0xf, 0xff, 0xd0, 0x0, 0x0, 0x0, 0x0, 0x0,
    0x0, 0x0, 0x0, 0x0, 0x0, 0x0, 0x0, 0x0,
    0x0, 0x0, 0x5, 0xff, 0xff, 0x70, 0x1f, 0xff,
    0xc0, 0x0, 0x0, 0x0, 0x0, 0x0, 0x0, 0x0,
    0x0, 0x0, 0x0, 0x0, 0x0, 0x0, 0x0, 0x0,
    0x0, 0x5f, 0xff, 0xd0, 0xf, 0xff, 0xd0, 0x0,
    0x0, 0x0, 0x0, 0x0, 0x0, 0x0, 0x0, 0x0,
    0x0, 0x0, 0x0, 0x0, 0x0, 0x0, 0x0, 0xe,
    0xff, 0xf0, 0xe, 0xff, 0xf1, 0x0, 0x0, 0x0,
    0x0, 0x0, 0x0, 0x0, 0x0, 0x0, 0x0, 0x0,
    0x0, 0x0, 0x0, 0x0, 0x0, 0xc, 0xff, 0xf1,
    0xa, 0xff, 0xf9, 0x0, 0x0, 0x0, 0x0, 0x0,
    0x0, 0x0, 0x0, 0x0, 0x0, 0x0, 0x0, 0x0,
    0x0, 0x0, 0x0, 0xe, 0xff, 0xf0, 0x3, 0xff,
    0xff, 0x50, 0x0, 0x0, 0x0, 0x0, 0x0, 0x0,
    0x0, 0x0, 0x0, 0x0, 0x0, 0x0, 0x0, 0x0,
    0x0, 0x5f, 0xff, 0xd0, 0x0, 0xaf, 0xff, 0xf9,
    0x10, 0x0, 0x0, 0x0, 0x0, 0x0, 0x0, 0x0,
    0x0, 0x0, 0x0, 0x0, 0x0, 0x0, 0x5, 0xff,
    0xff, 0x70, 0x0, 0xd, 0xff, 0xff, 0xfd, 0xbb,
    0xbb, 0xbb, 0xbb, 0xbb, 0xbb, 0xbb, 0xbb, 0xbb,
    0xbb, 0xbb, 0xbb, 0xbb, 0xef, 0xff, 0xfe, 0x0,
    0x0, 0x2, 0xdf, 0xff, 0xff, 0xff, 0xff, 0xff,
    0xff, 0xff, 0xff, 0xff, 0xff, 0xff, 0xff, 0xff,
    0xff, 0xff, 0xff, 0xff, 0xf2, 0x0, 0x0, 0x0,
    0xa, 0xff, 0xff, 0xff, 0xff, 0xff, 0xff, 0xff,
    0xff, 0xff, 0xff, 0xff, 0xff, 0xff, 0xff, 0xff,
    0xff, 0xfd, 0x20, 0x0, 0x0, 0x0, 0x0, 0x39,
    0xdf, 0xff, 0xff, 0xff, 0xff, 0xff, 0xff, 0xff,
    0xff, 0xff, 0xff, 0xff, 0xff, 0xff, 0xfc, 0x60,
    0x0, 0x0, 0x0, 0x0, 0x0, 0x0, 0x0, 0x0,
    0x0, 0x0, 0x0, 0x0, 0x0, 0x0, 0x0, 0x0,
    0x0, 0x0, 0x0, 0x0, 0x0, 0x0, 0x0, 0x0,

    /* U+F0591 "󰖑" */
    0x0, 0x0, 0x0, 0x0, 0x0, 0x0, 0x0, 0x0,
    0x0, 0x37, 0x9a, 0xb9, 0x73, 0x0, 0x0, 0x0,
    0x0, 0x0, 0x0, 0x0, 0x0, 0x0, 0x0, 0x0,
    0x0, 0x0, 0x0, 0x0, 0x0, 0x0, 0x6d, 0xff,
    0xff, 0xff, 0xff, 0xd6, 0x0, 0x0, 0x0, 0x0,
    0x0, 0x0, 0x0, 0x0, 0x0, 0x0, 0x0, 0x0,
    0x0, 0x0, 0x0, 0x3d, 0xff, 0xff, 0xff, 0xff,
    0xff, 0xff, 0xd3, 0x0, 0x0, 0x0, 0x0, 0x0,
    0x0, 0x0, 0x0, 0x0, 0x0, 0x0, 0x0, 0x0,
    0x5, 0xff, 0xff, 0xff, 0xff, 0xff, 0xff, 0xff,
    0xff, 0x50, 0x0, 0x0, 0x0, 0x0, 0x0, 0x0,
    0x0, 0x0, 0x0, 0x0, 0x0, 0x0, 0x4f, 0xff,
    0xff, 0xd8, 0x43, 0x24, 0x7c, 0xff, 0xff, 0xf4,
    0x0, 0x0, 0x0, 0x0, 0x0, 0x0, 0x0, 0x0,
    0x0, 0x0, 0x0, 0x1, 0xff, 0xff, 0xe4, 0x0,
    0x0, 0x0, 0x0, 0x4d, 0xff, 0xff, 0x20, 0x0,
    0x0, 0x0, 0x0, 0x0, 0x0, 0x0, 0x0, 0x0,
    0x0, 0xb, 0xff, 0xfb, 0x10, 0x0, 0x0, 0x0,
    0x0, 0x1, 0xbf, 0xff, 0xb0, 0x0, 0x0, 0x0,
    0x0, 0x0, 0x0, 0x0, 0x0, 0x0, 0x0, 0x3f,
    0xff, 0xc0, 0x0, 0x0, 0x0, 0x0, 0x0, 0x0,
    0xc, 0xff, 0xf4, 0x0, 0x0, 0x0, 0x0, 0x0,
    0x0, 0x0, 0x0, 0x17, 0xbe, 0xff, 0xff, 0x10,
    0x0, 0x0, 0x0, 0x0, 0x0, 0x0, 0x1, 0xef,
    0xfa, 0x0, 0x0, 0x0, 0x0, 0x0, 0x0, 0x0,
    0x7, 0xff, 0xff, 0xff, 0xf7, 0x0, 0x0, 0x0,
    0x0, 0x0, 0x0, 0x0, 0x0, 0x6f, 0xff, 0x0,
    0x0, 0x0, 0x0, 0x0, 0x0, 0x1, 0xbf, 0xff,
    0xff, 0xff, 0xf1, 0x0, 0x0, 0x0, 0x0, 0x0,
    0x0, 0x0, 0x0, 0xf, 0xff, 0x30, 0x0, 0x0,
    0x0, 0x0, 0x0, 0xc, 0xff, 0xff, 0xff, 0xff,
    0xc0, 0x0, 0x0, 0x0, 0x0, 0x0, 0x0, 0x0,
    0x0, 0xa, 0xff, 0x60, 0x0, 0x0, 0x0, 0x0,
    0x0, 0x8f, 0xff, 0xfc, 0x51, 0x1, 0x20, 0x0,
    0x0, 0x0, 0x0, 0x0, 0x0, 0x0, 0x0, 0x7,
    0xff, 0xff, 0xea, 0x50, 0x0, 0x0, 0x2, 0xff,
    0xff, 0x90, 0x0, 0x0, 0x0, 0x0, 0x0, 0x0,
    0x0, 0x0, 0x0, 0x0, 0x0, 0x6, 0xff, 0xff,
    0xff, 0xfc, 0x10, 0x0, 0x8, 0xff, 0xfb, 0x0,
    0x0, 0x0, 0x0, 0x0, 0x0, 0x0, 0x0, 0x0,
    0x0, 0x0, 0x0, 0x6, 0xff, 0xff, 0xff, 0xff,
    0xe1, 0x0, 0xd, 0xff, 0xf2, 0x0, 0x0, 0x0,
    0x0, 0x0, 0x0, 0x0, 0x0, 0x0, 0x0, 0x0,
    0x0, 0x5, 0xdd, 0xde, 0xff, 0xff, 0xfc, 0x0,
    0xf, 0xff, 0xe0, 0x0, 0x0, 0x0, 0x0, 0x0,
    0x0, 0x0, 0x0, 0x0, 0x0, 0x0, 0x0, 0x0,
    0x0, 0x0, 0x7, 0xff, 0xff, 0x60, 0x1f, 0xff,
    0xc0, 0x0, 0x0, 0x0, 0x0, 0x0, 0x0, 0x0,
    0x0, 0x0, 0x0, 0x0, 0x0, 0x0, 0x0, 0x0,
    0x0, 0x7f, 0xff, 0xc0, 0xf, 0xff, 0xd0, 0x0,
    0x0, 0x0, 0x0, 0x0, 0x0, 0x0, 0x0, 0x0,
    0x0, 0x0, 0x0, 0x0, 0x0, 0x0, 0x0, 0xe,
    0xff, 0xf0, 0x8, 0x88, 0x80, 0x0, 0x0, 0x0,
    0x0, 0x0, 0x0, 0x0, 0x0, 0x0, 0x0, 0x0,
    0x0, 0x0, 0x0, 0x0, 0x0, 0x6, 0x88, 0x80,
    0x0, 0x0, 0x0, 0x0, 0x0, 0x0, 0x0, 0x0,
    0x0, 0x0, 0x0, 0x0, 0x0, 0x0, 0x0, 0x0,
    0x0, 0x0, 0x0, 0x0, 0x0, 0x0, 0x0, 0x0,
    0x0, 0x0, 0x0, 0x0, 0x0, 0x0, 0x0, 0x0,
    0x0, 0x0, 0x0, 0x0, 0x0, 0x0, 0x0, 0x0,
    0x0, 0x0, 0x0, 0x0, 0x0, 0x0, 0x0, 0x0,
    0x0, 0x0, 0x0, 0x0, 0x0, 0x0, 0x0, 0x0,
    0x0, 0x0, 0x0, 0x0, 0x0, 0x0, 0x0, 0x0,
    0x0, 0x0, 0x0, 0x3, 0xab, 0xbb, 0xbb, 0xbb,
    0xbb, 0xbb, 0xbb, 0xbb, 0xbb, 0xbb, 0x91, 0x0,
    0x4a, 0xbb, 0xbb, 0xbb, 0xbb, 0xba, 0x30, 0x0,
    0x0, 0xf, 0xff, 0xff, 0xff, 0xff, 0xff, 0xff,
    0xff, 0xff, 0xff, 0xff, 0xfb, 0x1, 0xff, 0xff,
    0xff, 0xff, 0xff, 0xff, 0xf0, 0x0, 0x0, 0x1f,
    0xff, 0xff, 0xff, 0xff, 0xff, 0xff, 0xff, 0xff,
    0xff, 0xff, 0xfc, 0x2, 0xff, 0xff, 0xff, 0xff,
    0xff, 0xff, 0xf1, 0x0, 0x0, 0x9, 0xff, 0xff,
    0xff, 0xff, 0xff, 0xff, 0xff, 0xff, 0xff, 0xff,
    0xf4, 0x0, 0xaf, 0xff, 0xff, 0xff, 0xff, 0xff,
    0x80, 0x0, 0x0, 0x0, 0x12, 0x22, 0x22, 0x22,
    0x22, 0x22, 0x22, 0x22, 0x22, 0x22, 0x0, 0x0,
    0x1, 0x22, 0x22, 0x22, 0x22, 0x21, 0x0, 0x0,
    0x0, 0x0, 0x0, 0x0, 0x0, 0x0, 0x0, 0x0,
    0x0, 0x0, 0x0, 0x0, 0x0, 0x0, 0x0, 0x0,
    0x0, 0x0, 0x0, 0x0, 0x0, 0x0, 0x0, 0x0,
    0x0, 0x0, 0x0, 0x0, 0x0, 0x0, 0x0, 0x0,
    0x0, 0x0, 0x0, 0x0, 0x0, 0x0, 0x0, 0x0,
    0x0, 0x0, 0x0, 0x0, 0x0, 0x0, 0x0, 0x0,
    0x0, 0x0, 0x0, 0x0, 0x0, 0x0, 0x0, 0x0,
    0x0, 0x0, 0x0, 0x0, 0x0, 0x0, 0x0, 0x0,
    0x0, 0x0, 0x0, 0x5, 0xcd, 0xdd, 0xd9, 0x0,
    0x9, 0xdd, 0xdd, 0xdd, 0xdd, 0xdd, 0xdd, 0xdd,
    0xdd, 0xdd, 0xdd, 0xdd, 0xdd, 0xdc, 0x50, 0x0,
    0x0, 0xf, 0xff, 0xff, 0xff, 0x50, 0x7f, 0xff,
    0xff, 0xff, 0xff, 0xff, 0xff, 0xff, 0xff, 0xff,
    0xff, 0xff, 0xff, 0xff, 0xf0, 0x0, 0x0, 0x1f,
    0xff, 0xff, 0xff, 0x60, 0x8f, 0xff, 0xff, 0xff,
    0xff, 0xff, 0xff, 0xff, 0xff, 0xff, 0xff, 0xff,
    0xff, 0xff, 0xf1, 0x0, 0x0, 0x7, 0xff, 0xff,
    0xfb, 0x0, 0x1c, 0xff, 0xff, 0xff, 0xff, 0xff,
    0xff, 0xff, 0xff, 0xff, 0xff, 0xff, 0xff, 0xff,
    0x70, 0x0,

    /* U+F0594 "󰖔" */
    0x0, 0x0, 0x0, 0x0, 0x0, 0x0, 0x0, 0x0,
    0x0, 0x0, 0x0, 0x0, 0x0, 0x0, 0x0, 0x0,
    0x0, 0x0, 0x0, 0x0, 0x0, 0x0, 0x0, 0x0,
    0x0, 0x0, 0x0, 0x0, 0x0, 0x0, 0x62, 0x0,
    0x0, 0x0, 0x0, 0x0, 0x0, 0x0, 0x0, 0x0,
    0x0, 0x0, 0x0, 0x0, 0x0, 0x0, 0x0, 0x0,
    0x0, 0xc8, 0x0, 0x0, 0x0, 0x0, 0x0, 0x0,
    0x0, 0x0, 0x0, 0x0, 0x0, 0x0, 0x0, 0x0,
    0x0, 0x0, 0x0, 0x2, 0xfe, 0x0, 0x0, 0x0,
    0x0, 0x0, 0x0, 0x0, 0x0, 0x0, 0x0, 0x0,
    0x0, 0x0, 0x0, 0x0, 0x0, 0x0, 0x8, 0xff,
    0x40, 0x0, 0x0, 0x0, 0x0, 0x0, 0x0, 0x0,
    0x0, 0x0, 0x0, 0x1, 0x0, 0x0, 0x0, 0x0,
    0x0, 0xd, 0xff, 0x90, 0x0, 0x0, 0x0, 0x0,
    0x0, 0x0, 0x0, 0x0, 0x0, 0x0, 0x9f, 0xf7,
    0x0, 0x6, 0x78, 0x89, 0xaf, 0xff, 0xf9, 0x98,
    0x87, 0x50, 0x0, 0x0, 0x0, 0x0, 0x0, 0x0,
    0xc, 0xff, 0xff, 0x40, 0x3, 0xef, 0xff, 0xff,
    0xff, 0xff, 0xff, 0xfc, 0x10, 0x0, 0x0, 0x0,
    0x0, 0x0, 0x0, 0xcf, 0xff, 0xff, 0x60, 0x0,
    0x1b, 0xff, 0xff, 0xff, 0xff, 0xff, 0x80, 0x0,
    0x0, 0x0, 0x0, 0x0, 0x0, 0xb, 0xff, 0xff,
    0xff, 0x60, 0x0, 0x0, 0x8f, 0xff, 0xff, 0xff,
    0xf5, 0x0, 0x0, 0x0, 0x0, 0x0, 0x0, 0x0,
    0x8f, 0xff, 0xff, 0xff, 0x60, 0x0, 0x0, 0x9,
    0xff, 0xff, 0xff, 0x50, 0x0, 0x0, 0x0, 0x0,
    0x0, 0x0, 0x3, 0xff, 0xff, 0xef, 0xff, 0x70,
    0x0, 0x0, 0xc, 0xff, 0xff, 0xff, 0x80, 0x0,
    0x0, 0x0, 0x0, 0x0, 0x0, 0xc, 0xff, 0xfd,
    0x5f, 0xff, 0x80, 0x0, 0x0, 0x1f, 0xff, 0xef,
    0xff, 0xd0, 0x0, 0x0, 0x0, 0x0, 0x0, 0x0,
    0x4f, 0xff, 0xf2, 0x3f, 0xff, 0xb0, 0x0, 0x0,
    0x6f, 0xfa, 0x2, 0xcf, 0xf2, 0x0, 0x0, 0x0,
    0x0, 0x0, 0x0, 0xbf, 0xff, 0x80, 0x1f, 0xff,
    0xe0, 0x0, 0x0, 0xae, 0x50, 0x0, 0x8, 0xf6,
    0x0, 0x0, 0x0, 0x0, 0x0, 0x1, 0xff, 0xff,
    0x10, 0xe, 0xff, 0xf2, 0x0, 0x0, 0xa1, 0x0,
    0x0, 0x0, 0x38, 0x0, 0x0, 0x0, 0x0, 0x0,
    0x6, 0xff, 0xf9, 0x0, 0x9, 0xff, 0xf7, 0x0,
    0x0, 0x0, 0x0, 0x0, 0x0, 0x0, 0x0, 0x0,
    0x50, 0x0, 0x0, 0xa, 0xff, 0xf4, 0x0, 0x5,
    0xff, 0xfd, 0x0, 0x0, 0x0, 0x0, 0x0, 0x0,
    0x0, 0x0, 0x1, 0xe0, 0x0, 0x0, 0xd, 0xff,
    0xf0, 0x0, 0x0, 0xef, 0xff, 0x40, 0x0, 0x0,
    0x0, 0x0, 0x0, 0x0, 0x0, 0x6, 0xf5, 0x0,
    0x0, 0xf, 0xff, 0xd0, 0x0, 0x0, 0x8f, 0xff,
    0xc0, 0x0, 0x0, 0x0, 0x0, 0x0, 0x1, 0x23,
    0x3c, 0xfb, 0x33, 0x21, 0x1f, 0xff, 0xb0, 0x0,
    0x0, 0x1f, 0xff, 0xf5, 0x0, 0x0, 0x0, 0x0,
    0x0, 0x2, 0xcf, 0xff, 0xff, 0xff, 0xb1, 0x1f,
    0xff, 0xb0, 0x0, 0x0, 0x9, 0xff, 0xfe, 0x10,
    0x0, 0x0, 0x0, 0x0, 0x0, 0x9, 0xff, 0xff,
    0xf7, 0x0, 0x1f, 0xff, 0xb0, 0x0, 0x0, 0x0,
    0xef, 0xff, 0xc0, 0x0, 0x0, 0x0, 0x0, 0x0,
    0x0, 0xcf, 0xff, 0xa0, 0x0, 0xf, 0xff, 0xc0,
    0x0, 0x0, 0x0, 0x4f, 0xff, 0xfb, 0x0, 0x0,
    0x0, 0x0, 0x0, 0x1, 0xff, 0xff, 0xe0, 0x0,
    0xe, 0xff, 0xe0, 0x0, 0x0, 0x0, 0x8, 0xff,
    0xff, 0xb0, 0x0, 0x0, 0x0, 0x0, 0x5, 0xf7,
    0x8, 0xf4, 0x0, 0xb, 0xff, 0xf2, 0x0, 0x0,
    0x0, 0x0, 0xaf, 0xff, 0xfd, 0x20, 0x0, 0x0,
    0x0, 0x7, 0x20, 0x0, 0x36, 0x0, 0x8, 0xff,
    0xf7, 0x0, 0x0, 0x0, 0x0, 0xb, 0xff, 0xff,
    0xf7, 0x0, 0x0, 0x0, 0x0, 0x0, 0x0, 0x0,
    0x0, 0x4, 0xff, 0xfc, 0x0, 0x0, 0x0, 0x0,
    0x0, 0xaf, 0xff, 0xff, 0xd5, 0x0, 0x0, 0x0,
    0x0, 0x0, 0x0, 0x0, 0x0, 0xef, 0xff, 0x40,
    0x0, 0x0, 0x0, 0x0, 0x7, 0xff, 0xff, 0xff,
    0xe9, 0x40, 0x0, 0x0, 0x0, 0x0, 0x0, 0x0,
    0x8f, 0xff, 0xc0, 0x0, 0x0, 0x0, 0x0, 0x0,
    0x3d, 0xff, 0xff, 0xff, 0xff, 0xdb, 0xa9, 0xaa,
    0x60, 0x0, 0x0, 0x1f, 0xff, 0xf7, 0x0, 0x0,
    0x0, 0x0, 0x0, 0x0, 0x6e, 0xff, 0xff, 0xff,
    0xff, 0xff, 0xff, 0xf6, 0x0, 0x0, 0x8, 0xff,
    0xff, 0x30, 0x0, 0x0, 0x0, 0x0, 0x0, 0x0,
    0x6c, 0xff, 0xff, 0xff, 0xff, 0xff, 0xfd, 0x0,
    0x0, 0x0, 0xdf, 0xff, 0xe3, 0x0, 0x0, 0x0,
    0x0, 0x0, 0x0, 0x0, 0x26, 0xad, 0xff, 0xff,
    0xff, 0xfc, 0x0, 0x0, 0x0, 0x3f, 0xff, 0xff,
    0x40, 0x0, 0x0, 0x0, 0x0, 0x0, 0x0, 0x0,
    0x0, 0x5, 0xff, 0xff, 0xf3, 0x0, 0x0, 0x0,
    0x4, 0xff, 0xff, 0xf8, 0x0, 0x0, 0x0, 0x0,
    0x0, 0x0, 0x0, 0x0, 0x7f, 0xff, 0xff, 0x50,
    0x0, 0x0, 0x0, 0x0, 0x5f, 0xff, 0xff, 0xd6,
    0x0, 0x0, 0x0, 0x0, 0x0, 0x0, 0x5d, 0xff,
    0xff, 0xf5, 0x0, 0x0, 0x0, 0x0, 0x0, 0x4,
    0xff, 0xff, 0xff, 0xe9, 0x52, 0x0, 0x0, 0x25,
    0x9e, 0xff, 0xff, 0xff, 0x40, 0x0, 0x0, 0x0,
    0x0, 0x0, 0x0, 0x2c, 0xff, 0xff, 0xff, 0xff,
    0xfe, 0xff, 0xff, 0xff, 0xff, 0xff, 0xc2, 0x0,
    0x0, 0x0, 0x0, 0x0, 0x0, 0x0, 0x0, 0x6e,
    0xff, 0xff, 0xff, 0xff, 0xff, 0xff, 0xff, 0xff,
    0xe6, 0x0, 0x0, 0x0, 0x0, 0x0, 0x0, 0x0,
    0x0, 0x0, 0x0, 0x6c, 0xff, 0xff, 0xff, 0xff,
    0xff, 0xff, 0xc6, 0x0, 0x0, 0x0, 0x0, 0x0,
    0x0, 0x0, 0x0, 0x0, 0x0, 0x0, 0x0, 0x26,
    0x9c, 0xde, 0xed, 0xc9, 0x62, 0x0, 0x0, 0x0,
    0x0, 0x0, 0x0, 0x0, 0x0, 0x0, 0x0, 0x0,
    0x0, 0x0, 0x0, 0x0, 0x0, 0x0, 0x0, 0x0,
    0x0, 0x0, 0x0, 0x0, 0x0, 0x0,

    /* U+F0595 "󰖕" */
    0x0, 0x0, 0x0, 0x0, 0x0, 0x0, 0x0, 0x0,
    0x0, 0x0, 0x0, 0x0, 0x18, 0x0, 0x0, 0x0,
    0x0, 0x0, 0x0, 0x0, 0x0, 0x0, 0x0, 0x0,
    0x0, 0x0, 0x0, 0x0, 0x0, 0x0, 0x0, 0x1,
    0x9f, 0xf2, 0x0, 0x0, 0x0, 0x0, 0x0, 0x0,
    0x0, 0x0, 0x0, 0x0, 0x7, 0x96, 0x20, 0x0,
    0x0, 0x0, 0x0, 0x7, 0xff, 0xff, 0x70, 0x0,
    0x0, 0x0, 0x0, 0x0, 0x0, 0x0, 0x0, 0x0,
    0x0, 0x9f, 0xff, 0xe6, 0x0, 0x0, 0x0, 0x0,
    0x2, 0x8e, 0xfc, 0x0, 0x0, 0x0, 0x0, 0x0,
    0x0, 0x0, 0x0, 0x0, 0x0, 0xa, 0xff, 0xc3,
    0x0, 0x0, 0x0, 0x0, 0x0, 0x0, 0x7, 0xf1,
    0x0, 0x0, 0x0, 0x0, 0x0, 0x0, 0x0, 0x0,
    0x0, 0x0, 0xbf, 0x70, 0x0, 0x0, 0x0, 0x0,
    0x0, 0x0, 0x0, 0x1, 0x30, 0x0, 0x0, 0x0,
    0x0, 0x0, 0x0, 0x0, 0x0, 0x0, 0xb, 0x40,
    0x0, 0x0, 0x15, 0x9b, 0xba, 0x73, 0x0, 0x0,
    0x0, 0x0, 0x0, 0x0, 0x0, 0x0, 0x0, 0x0,
    0x0, 0x0, 0x0, 0x20, 0x0, 0x1, 0x9f, 0xff,
    0xff, 0xff, 0xfd, 0x50, 0x0, 0x0, 0x0, 0x0,
    0x0, 0x0, 0x0, 0x0, 0x0, 0x0, 0x0, 0x0,
    0x0, 0x5, 0xff, 0xff, 0xff, 0xff, 0xff, 0xff,
    0xb1, 0x0, 0x0, 0x0, 0x0, 0x0, 0x0, 0x0,
    0x0, 0x0, 0x0, 0x0, 0x0, 0x6, 0xff, 0xff,
    0xff, 0xff, 0xff, 0xff, 0xff, 0xd1, 0x0, 0x0,
    0x0, 0x0, 0x0, 0x0, 0x0, 0x0, 0x0, 0x0,
    0x0, 0x4, 0xff, 0xff, 0xfb, 0x63, 0x24, 0x9f,
    0xff, 0xff, 0xc0, 0x0, 0x0, 0x0, 0x0, 0x0,
    0x0, 0x0, 0x0, 0x0, 0x0, 0x0, 0xef, 0xff,
    0xe4, 0x0, 0x0, 0x0, 0x1b, 0xff, 0xff, 0x60,
    0x0, 0x0, 0x0, 0x0, 0x0, 0x0, 0x0, 0x0,
    0x0, 0x0, 0x6f, 0xff, 0xe2, 0x0, 0x0, 0x0,
    0x0, 0xb, 0xff, 0xfe, 0x0, 0x0, 0x70, 0x0,
    0x0, 0x0, 0x0, 0x0, 0x0, 0x0, 0xd, 0xff,
    0xf6, 0x0, 0x0, 0x0, 0x0, 0x0, 0xe, 0xff,
    0xf5, 0x0, 0xa, 0xd3, 0x0, 0x0, 0x0, 0x0,
    0x1, 0x0, 0x1, 0xff, 0xfe, 0x0, 0x0, 0x0,
    0x0, 0x0, 0x0, 0x6f, 0xff, 0x90, 0x0, 0x7f,
    0xf8, 0x0, 0x0, 0x0, 0x1, 0xb0, 0x0, 0x4f,
    0xff, 0xa0, 0x0, 0x0, 0x0, 0x1, 0x10, 0x2,
    0xff, 0xfc, 0x0, 0x4, 0xff, 0xc0, 0x0, 0x0,
    0x0, 0xcc, 0x0, 0x5, 0xff, 0xf8, 0x0, 0x0,
    0x28, 0xcf, 0xff, 0xfd, 0x8f, 0xff, 0xd0, 0x0,
    0x4f, 0xd1, 0x0, 0x0, 0x0, 0xbf, 0xc0, 0x0,
    0x4f, 0xff, 0x80, 0x0, 0x8f, 0xff, 0xff, 0xff,
    0xff, 0xff, 0xfd, 0x0, 0x4, 0xe2, 0x0, 0x0,
    0x0, 0xaf, 0xfd, 0x0, 0x2, 0xff, 0xfb, 0x3,
    0xef, 0xff, 0xff, 0xff, 0xff, 0xff, 0xff, 0xd0,
    0x0, 0x53, 0x0, 0x0, 0x0, 0x1, 0xaf, 0xf0,
    0x0, 0xf, 0xff, 0xf5, 0xff, 0xff, 0xff, 0xec,
    0xce, 0xff, 0xff, 0xff, 0x90, 0x0, 0x0, 0x0,
    0x0, 0x0, 0x0, 0x4e, 0x30, 0x0, 0xaf, 0xff,
    0xff, 0xff, 0xfa, 0x30, 0x0, 0x2, 0x8f, 0xff,
    0xff, 0x60, 0x0, 0x0, 0x0, 0x0, 0x0, 0x0,
    0x2, 0x0, 0x3, 0xff, 0xff, 0xff, 0xf4, 0x0,
    0x0, 0x0, 0x0, 0x2d, 0xff, 0xff, 0x10, 0x0,
    0x0, 0x0, 0x0, 0x0, 0x0, 0x0, 0x0, 0x9,
    0xff, 0xff, 0xf3, 0x0, 0x0, 0x0, 0x0, 0x0,
    0x1d, 0xff, 0xf9, 0x0, 0x0, 0x0, 0x0, 0x0,
    0x0, 0x0, 0x0, 0x26, 0x8f, 0xff, 0xf7, 0x0,
    0x0, 0x0, 0x0, 0x0, 0x0, 0x3f, 0xff, 0xf1,
    0x0, 0x0, 0x0, 0x0, 0x0, 0x0, 0x4, 0xdf,
    0xff, 0xff, 0xfe, 0x0, 0x0, 0x0, 0x0, 0x0,
    0x0, 0x0, 0xbf, 0xff, 0x50, 0x0, 0x0, 0x0,
    0x0, 0x0, 0x8, 0xff, 0xff, 0xff, 0xff, 0xa0,
    0x0, 0x0, 0x0, 0x0, 0x0, 0x0, 0x5, 0xff,
    0xf9, 0x0, 0x0, 0x0, 0x0, 0x0, 0x7, 0xff,
    0xff, 0xff, 0xff, 0xf8, 0x0, 0x0, 0x0, 0x0,
    0x0, 0x0, 0x0, 0x3f, 0xff, 0xa0, 0x0, 0x0,
    0x0, 0x0, 0x2, 0xff, 0xff, 0xc5, 0x33, 0x33,
    0x10, 0x0, 0x0, 0x0, 0x0, 0x0, 0x0, 0x2,
    0xff, 0xfd, 0xac, 0xb6, 0x0, 0x0, 0x0, 0xaf,
    0xff, 0xa0, 0x0, 0x0, 0x0, 0x0, 0x0, 0x0,
    0x0, 0x0, 0x0, 0x0, 0x2f, 0xff, 0xff, 0xff,
    0xfd, 0x20, 0x0, 0xe, 0xff, 0xf0, 0x0, 0x0,
    0x0, 0x0, 0x0, 0x0, 0x0, 0x0, 0x0, 0x0,
    0x2, 0xff, 0xff, 0xff, 0xff, 0xfe, 0x10, 0x1,
    0xff, 0xfb, 0x0, 0x0, 0x0, 0x0, 0x0, 0x0,
    0x0, 0x0, 0x0, 0x0, 0x0, 0x2f, 0xff, 0xff,
    0xff, 0xff, 0xf8, 0x0, 0x1f, 0xff, 0xa0, 0x0,
    0x0, 0x0, 0x0, 0x0, 0x0, 0x0, 0x0, 0x0,
    0x0, 0x0, 0x0, 0x0, 0x1, 0x7f, 0xff, 0xe0,
    0x0, 0xff, 0xfd, 0x0, 0x0, 0x0, 0x0, 0x0,
    0x0, 0x0, 0x0, 0x0, 0x0, 0x0, 0x0, 0x0,
    0x0, 0x0, 0xcf, 0xff, 0x10, 0xc, 0xff, 0xf6,
    0x0, 0x0, 0x0, 0x0, 0x0, 0x0, 0x0, 0x0,
    0x0, 0x0, 0x0, 0x0, 0x0, 0x0, 0xb, 0xff,
    0xf1, 0x0, 0x6f, 0xff, 0xf6, 0x0, 0x0, 0x0,
    0x0, 0x0, 0x0, 0x0, 0x0, 0x0, 0x0, 0x0,
    0x0, 0x0, 0x4, 0xff, 0xff, 0x0, 0x0, 0xdf,
    0xff, 0xff, 0xdd, 0xdd, 0xdd, 0xdd, 0xdd, 0xdd,
    0xdd, 0xdd, 0xdd, 0xdd, 0xdd, 0xdd, 0xdd, 0xff,
    0xff, 0xa0, 0x0, 0x2, 0xef, 0xff, 0xff, 0xff,
    0xff, 0xff, 0xff, 0xff, 0xff, 0xff, 0xff, 0xff,
    0xff, 0xff, 0xff, 0xff, 0xff, 0xe2, 0x0, 0x0,
    0x1, 0xcf, 0xff, 0xff, 0xff, 0xff, 0xff, 0xff,
    0xff, 0xff, 0xff, 0xff, 0xff, 0xff, 0xff, 0xff,
    0xff, 0xe3, 0x0, 0x0, 0x0, 0x0, 0x5a, 0xdf,
    0xff, 0xff, 0xff, 0xff, 0xff, 0xff, 0xff, 0xff,
    0xff, 0xff, 0xff, 0xff, 0xed, 0x81, 0x0, 0x0,

    /* U+F0596 "󰖖" */
    0x0, 0x0, 0x0, 0x0, 0x0, 0x0, 0x0, 0x0,
    0x0, 0x15, 0x79, 0x98, 0x51, 0x0, 0x0, 0x0,
    0x0, 0x0, 0x0, 0x0, 0x0, 0x0, 0x0, 0x0,
    0x0, 0x0, 0x0, 0x0, 0x0, 0x0, 0x4b, 0xff,
    0xff, 0xff, 0xff, 0xb4, 0x0, 0x0, 0x0, 0x0,
    0x0, 0x0, 0x0, 0x0, 0x0, 0x0, 0x0, 0x0,
    0x0, 0x0, 0x0, 0x1b, 0xff, 0xff, 0xff, 0xff,
    0xff, 0xff, 0xb1, 0x0, 0x0, 0x0, 0x0, 0x0,
    0x0, 0x0, 0x0, 0x0, 0x0, 0x0, 0x0, 0x0,
    0x3, 0xef, 0xff, 0xff, 0xff, 0xff, 0xff, 0xff,
    0xfe, 0x30, 0x0, 0x0, 0x0, 0x0, 0x0, 0x0,
    0x0, 0x0, 0x0, 0x0, 0x0, 0x0, 0x3f, 0xff,
    0xff, 0xd8, 0x43, 0x34, 0x8d, 0xff, 0xff, 0xf3,
    0x0, 0x0, 0x0, 0x0, 0x0, 0x0, 0x0, 0x0,
    0x0, 0x0, 0x0, 0x1, 0xef, 0xff, 0xe5, 0x0,
    0x0, 0x0, 0x0, 0x5e, 0xff, 0xfe, 0x10, 0x0,
    0x0, 0x0, 0x0, 0x0, 0x0, 0x0, 0x0, 0x0,
    0x0, 0xa, 0xff, 0xfc, 0x10, 0x0, 0x0, 0x0,
    0x0, 0x1, 0xcf, 0xff, 0xa0, 0x0, 0x0, 0x0,
    0x0, 0x0, 0x0, 0x0, 0x0, 0x0, 0x0, 0x2f,
    0xff, 0xc0, 0x0, 0x0, 0x0, 0x0, 0x0, 0x0,
    0xd, 0xff, 0xf3, 0x0, 0x0, 0x0, 0x0, 0x0,
    0x0, 0x0, 0x0, 0x4, 0x9c, 0xef, 0xff, 0x20,
    0x0, 0x0, 0x0, 0x0, 0x0, 0x0, 0x2, 0xff,
    0xf9, 0x0, 0x0, 0x0, 0x0, 0x0, 0x0, 0x0,
    0x4, 0xdf, 0xff, 0xff, 0xf8, 0x0, 0x0, 0x0,
    0x0, 0x0, 0x0, 0x0, 0x0, 0x7f, 0xff, 0x0,
    0x0, 0x0, 0x0, 0x0, 0x0, 0x0, 0x8f, 0xff,
    0xff, 0xff, 0xf1, 0x0, 0x0, 0x0, 0x0, 0x0,
    0x0, 0x0, 0x0, 0x1f, 0xff, 0x30, 0x0, 0x0,
    0x0, 0x0, 0x0, 0x9, 0xff, 0xff, 0xff, 0xff,
    0xc0, 0x0, 0x0, 0x0, 0x0, 0x0, 0x0, 0x0,
    0x0, 0xb, 0xff, 0x60, 0x0, 0x0, 0x0, 0x0,
    0x0, 0x5f, 0xff, 0xfe, 0x84, 0x34, 0x40, 0x0,
    0x0, 0x0, 0x0, 0x0, 0x0, 0x0, 0x0, 0x8,
    0xff, 0xec, 0xb8, 0x20, 0x0, 0x0, 0x1, 0xff,
    0xff, 0xc1, 0x0, 0x0, 0x0, 0x0, 0x0, 0x0,
    0x0, 0x0, 0x0, 0x0, 0x0, 0x6, 0xff, 0xff,
    0xff, 0xfa, 0x0, 0x0, 0x7, 0xff, 0xfd, 0x0,
    0x0, 0x0, 0x0, 0x0, 0x0, 0x0, 0x0, 0x0,
    0x0, 0x0, 0x0, 0x6, 0xff, 0xff, 0xff, 0xff,
    0xd1, 0x0, 0xc, 0xff, 0xf4, 0x0, 0x0, 0x0,
    0x0, 0x0, 0x0, 0x0, 0x0, 0x0, 0x0, 0x0,
    0x0, 0x5, 0xff, 0xff, 0xff, 0xff, 0xfb, 0x0,
    0xf, 0xff, 0xe0, 0x0, 0x0, 0x0, 0x0, 0x0,
    0x0, 0x0, 0x0, 0x0, 0x0, 0x0, 0x0, 0x0,
    0x0, 0x0, 0x29, 0xff, 0xff, 0x50, 0x1f, 0xff,
    0xc0, 0x0, 0x0, 0x0, 0x0, 0x0, 0x0, 0x0,
    0x0, 0x0, 0x0, 0x0, 0x0, 0x0, 0x0, 0x0,
    0x0, 0x8f, 0xff, 0xb0, 0x1f, 0xff, 0xd0, 0x0,
    0x0, 0x0, 0x0, 0x0, 0x0, 0x0, 0x0, 0x0,
    0x0, 0x0, 0x0, 0x0, 0x0, 0x0, 0x0, 0xf,
    0xff, 0xf0, 0xf, 0xff, 0xf0, 0x0, 0x0, 0x0,
    0x0, 0x3, 0x20, 0x0, 0x0, 0x14, 0x0, 0x0,
    0x0, 0x23, 0x0, 0x0, 0x0, 0xc, 0xff, 0xf1,
    0xb, 0xff, 0xf6, 0x0, 0x0, 0x0, 0x0, 0xbf,
    0xf3, 0x0, 0x2, 0xef, 0xe0, 0x0, 0x6, 0xff,
    0x90, 0x0, 0x0, 0xd, 0xff, 0xf1, 0x6, 0xff,
    0xfe, 0x10, 0x0, 0x0, 0x2, 0xff, 0xf9, 0x0,
    0x8, 0xff, 0xf4, 0x0, 0xd, 0xff, 0xf0, 0x0,
    0x0, 0x3f, 0xff, 0xe0, 0x0, 0xef, 0xff, 0xe3,
    0x0, 0x0, 0x7, 0xff, 0xf7, 0x0, 0xd, 0xff,
    0xf1, 0x0, 0x1f, 0xff, 0xd0, 0x0, 0x1, 0xdf,
    0xff, 0xa0, 0x0, 0x3f, 0xff, 0xff, 0x40, 0x0,
    0xb, 0xff, 0xf3, 0x0, 0x1f, 0xff, 0xd0, 0x0,
    0x6f, 0xff, 0x90, 0x0, 0x2e, 0xff, 0xff, 0x30,
    0x0, 0x6, 0xff, 0xff, 0x80, 0x0, 0xf, 0xff,
    0xe0, 0x0, 0x5f, 0xff, 0x90, 0x0, 0xaf, 0xff,
    0x40, 0x0, 0x9f, 0xff, 0xf7, 0x0, 0x0, 0x0,
    0x4e, 0xff, 0x40, 0x0, 0x3f, 0xff, 0xa0, 0x0,
    0xaf, 0xff, 0x50, 0x0, 0xef, 0xff, 0x0, 0x0,
    0x7f, 0xff, 0x80, 0x0, 0x0, 0x0, 0x1, 0x53,
    0x0, 0x0, 0x8f, 0xff, 0x60, 0x0, 0xef, 0xff,
    0x10, 0x3, 0xff, 0xfc, 0x0, 0x0, 0x8, 0xa4,
    0x0, 0x0, 0x0, 0x0, 0x0, 0x0, 0x0, 0x0,
    0xcf, 0xff, 0x10, 0x2, 0xff, 0xfc, 0x0, 0x7,
    0xff, 0xf7, 0x0, 0x0, 0x0, 0x0, 0x0, 0x0,
    0x0, 0x0, 0x0, 0x0, 0x0, 0x0, 0xff, 0xfd,
    0x0, 0x6, 0xff, 0xf8, 0x0, 0xb, 0xff, 0xf3,
    0x0, 0x0, 0x0, 0x0, 0x0, 0x0, 0x0, 0x0,
    0x0, 0x0, 0x0, 0x4, 0xff, 0xf9, 0x0, 0xb,
    0xff, 0xf4, 0x0, 0xf, 0xff, 0xf0, 0x0, 0x0,
    0x0, 0x0, 0x0, 0x0, 0x0, 0x0, 0x0, 0x0,
    0x0, 0x8, 0xff, 0xf4, 0x0, 0xf, 0xff, 0xf0,
    0x0, 0x3f, 0xff, 0xa0, 0x0, 0x0, 0x0, 0x0,
    0x0, 0x0, 0x0, 0x0, 0x0, 0x0, 0x0, 0x7,
    0xff, 0xf0, 0x0, 0x3f, 0xff, 0xb0, 0x0, 0x2f,
    0xff, 0x50, 0x0, 0x0, 0x0, 0x0, 0x0, 0x0,
    0x0, 0x0, 0x0, 0x0, 0x0, 0x0, 0x8a, 0x40,
    0x0, 0x7f, 0xff, 0x70, 0x0, 0x5, 0xb7, 0x0,
    0x0, 0x0, 0x0, 0x0, 0x0, 0x0, 0x0, 0x0,
    0x0, 0x0, 0x0, 0x0, 0x0, 0x0, 0x0, 0xcf,
    0xff, 0x30, 0x0, 0x0, 0x0, 0x0, 0x0, 0x0,
    0x0, 0x0, 0x0, 0x0, 0x0, 0x0, 0x0, 0x0,
    0x0, 0x0, 0x0, 0x0, 0x0, 0xff, 0xfe, 0x0,
    0x0, 0x0, 0x0, 0x0, 0x0, 0x0, 0x0, 0x0,
    0x0, 0x0, 0x0, 0x0, 0x0, 0x0, 0x0, 0x0,
    0x0, 0x0, 0x4, 0xff, 0xfa, 0x0, 0x0, 0x0,
    0x0, 0x0, 0x0, 0x0, 0x0, 0x0, 0x0, 0x0,
    0x0, 0x0, 0x0, 0x0, 0x0, 0x0, 0x0, 0x0,
    0x6, 0xff, 0xf6, 0x0, 0x0, 0x0, 0x0, 0x0,
    0x0, 0x0, 0x0, 0x0, 0x0, 0x0, 0x0, 0x0,
    0x0, 0x0, 0x0, 0x0, 0x0, 0x0, 0x1, 0xef,
    0xe1, 0x0, 0x0, 0x0, 0x0, 0x0, 0x0, 0x0,
    0x0, 0x0, 0x0, 0x0, 0x0, 0x0, 0x0, 0x0,
    0x0, 0x0, 0x0, 0x0, 0x0, 0x14, 0x10, 0x0,
    0x0, 0x0, 0x0, 0x0, 0x0, 0x0, 0x0, 0x0,
    0x0, 0x0,

    /* U+F0597 "󰖗" */
    0x0, 0x0, 0x0, 0x0, 0x0, 0x0, 0x0, 0x0,
    0x0, 0x0, 0x12, 0x21, 0x0, 0x0, 0x0, 0x0,
    0x0, 0x0, 0x0, 0x0, 0x0, 0x0, 0x0, 0x0,
    0x0, 0x0, 0x0, 0x0, 0x0, 0x0, 0x5, 0xae,
    0xff, 0xff, 0xea, 0x50, 0x0, 0x0, 0x0, 0x0,
    0x0, 0x0, 0x0, 0x0, 0x0, 0x0, 0x0, 0x0,
    0x0, 0x0, 0x0, 0x5, 0xef, 0xff, 0xff, 0xff,
    0xff, 0xfd, 0x50, 0x0, 0x0, 0x0, 0x0, 0x0,
    0x0, 0x0, 0x0, 0x0, 0x0, 0x0, 0x0, 0x0,
    0x0, 0xaf, 0xff, 0xff, 0xff, 0xff, 0xff, 0xff,
    0xfa, 0x0, 0x0, 0x0, 0x0, 0x0, 0x0, 0x0,
    0x0, 0x0, 0x0, 0x0, 0x0, 0x0, 0xc, 0xff,
    0xff, 0xff, 0xdb, 0xbd, 0xff, 0xff, 0xff, 0xc0,
    0x0, 0x0, 0x0, 0x0, 0x0, 0x0, 0x0, 0x0,
    0x0, 0x0, 0x0, 0x0, 0xbf, 0xff, 0xfc, 0x50,
    0x0, 0x0, 0x5, 0xcf, 0xff, 0xfc, 0x0, 0x0,
    0x0, 0x0, 0x0, 0x0, 0x0, 0x0, 0x0, 0x0,
    0x0, 0x7, 0xff, 0xff, 0x60, 0x0, 0x0, 0x0,
    0x0, 0x7, 0xff, 0xff, 0x80, 0x0, 0x0, 0x0,
    0x0, 0x0, 0x0, 0x0, 0x0, 0x0, 0x0, 0x1f,
    0xff, 0xf3, 0x0, 0x0, 0x0, 0x0, 0x0, 0x0,
    0x4f, 0xff, 0xf2, 0x0, 0x0, 0x0, 0x0, 0x0,
    0x0, 0x0, 0x0, 0x1, 0x57, 0xbf, 0xff, 0x40,
    0x0, 0x0, 0x0, 0x0, 0x0, 0x0, 0x6, 0xff,
    0xf9, 0x0, 0x0, 0x0, 0x0, 0x0, 0x0, 0x0,
    0x2, 0xbf, 0xff, 0xff, 0xf9, 0x0, 0x0, 0x0,
    0x0, 0x0, 0x0, 0x0, 0x0, 0xaf, 0xfe, 0x0,
    0x0, 0x0, 0x0, 0x0, 0x0, 0x0, 0x6f, 0xff,
    0xff, 0xff, 0xf2, 0x0, 0x0, 0x0, 0x0, 0x0,
    0x0, 0x0, 0x0, 0x2f, 0xff, 0x30, 0x0, 0x0,
    0x0, 0x0, 0x0, 0x7, 0xff, 0xff, 0xff, 0xff,
    0xc0, 0x0, 0x0, 0x0, 0x0, 0x0, 0x0, 0x0,
    0x0, 0xc, 0xff, 0x60, 0x0, 0x0, 0x0, 0x0,
    0x0, 0x4f, 0xff, 0xfe, 0x73, 0x23, 0x30, 0x0,
    0x0, 0x0, 0x0, 0x0, 0x0, 0x0, 0x0, 0x8,
    0xff, 0xed, 0xc9, 0x30, 0x0, 0x0, 0x0, 0xef,
    0xff, 0xc1, 0x0, 0x0, 0x0, 0x0, 0x0, 0x0,
    0x0, 0x0, 0x0, 0x0, 0x0, 0x6, 0xff, 0xff,
    0xff, 0xfb, 0x10, 0x0, 0x7, 0xff, 0xfd, 0x0,
    0x0, 0x0, 0x0, 0x0, 0x0, 0x0, 0x0, 0x0,
    0x0, 0x0, 0x0, 0x6, 0xff, 0xff, 0xff, 0xff,
    0xd1, 0x0, 0xc, 0xff, 0xf4, 0x0, 0x0, 0x0,
    0x0, 0x0, 0x0, 0x0, 0x0, 0x0, 0x0, 0x0,
    0x0, 0x6, 0xff, 0xff, 0xff, 0xff, 0xfb, 0x0,
    0xf, 0xff, 0xf0, 0x0, 0x0, 0x0, 0x0, 0x0,
    0x0, 0x0, 0x0, 0x0, 0x0, 0x0, 0x0, 0x0,
    0x0, 0x0, 0x2a, 0xff, 0xff, 0x50, 0x1f, 0xff,
    0xc0, 0x0, 0x0, 0x0, 0x0, 0x0, 0x0, 0x0,
    0x0, 0x0, 0x0, 0x0, 0x0, 0x0, 0x0, 0x0,
    0x0, 0x9f, 0xff, 0xb0, 0x1f, 0xff, 0xc0, 0x0,
    0x0, 0x0, 0x0, 0x0, 0x0, 0x0, 0x6, 0x60,
    0x0, 0x0, 0x0, 0x0, 0x0, 0x0, 0x0, 0xf,
    0xff, 0xf0, 0xf, 0xff, 0xe0, 0x0, 0x0, 0x0,
    0x0, 0x0, 0x0, 0x0, 0x4f, 0xf4, 0x0, 0x0,
    0x0, 0x0, 0x0, 0x0, 0x0, 0xc, 0xff, 0xf1,
    0xc, 0xff, 0xf4, 0x0, 0x0, 0x0, 0x0, 0x0,
    0x0, 0x1, 0xef, 0xfe, 0x20, 0x0, 0x0, 0x0,
    0x0, 0x0, 0x0, 0xd, 0xff, 0xf0, 0x7, 0xff,
    0xfd, 0x0, 0x0, 0x0, 0x0, 0x0, 0x0, 0xc,
    0xff, 0xff, 0xd0, 0x0, 0x0, 0x0, 0x0, 0x0,
    0x0, 0x1f, 0xff, 0xe0, 0x0, 0xef, 0xff, 0xc1,
    0x0, 0x0, 0x0, 0x0, 0x0, 0x8f, 0xff, 0xff,
    0xf9, 0x0, 0x0, 0x0, 0x0, 0x0, 0x0, 0xbf,
    0xff, 0xa0, 0x0, 0x5f, 0xff, 0xfe, 0x84, 0x20,
    0x0, 0x0, 0x3, 0xff, 0xff, 0xff, 0xff, 0x40,
    0x0, 0x0, 0x2, 0x23, 0x5c, 0xff, 0xff, 0x30,
    0x0, 0x8, 0xff, 0xff, 0xff, 0xfc, 0x0, 0x0,
    0xd, 0xff, 0xfb, 0xbf, 0xff, 0xe0, 0x0, 0x0,
    0xcf, 0xff, 0xff, 0xff, 0xf9, 0x0, 0x0, 0x0,
    0x7f, 0xff, 0xff, 0xff, 0x50, 0x0, 0x9f, 0xff,
    0xe1, 0x1e, 0xff, 0xf9, 0x0, 0x5, 0xff, 0xff,
    0xff, 0xff, 0xb0, 0x0, 0x0, 0x0, 0x3, 0xcf,
    0xff, 0xff, 0x30, 0x2, 0xff, 0xff, 0x50, 0x5,
    0xff, 0xff, 0x20, 0x3, 0xff, 0xff, 0xff, 0xf7,
    0x0, 0x0, 0x0, 0x0, 0x0, 0x3, 0x79, 0xa5,
    0x0, 0xa, 0xff, 0xfa, 0x0, 0x0, 0xaf, 0xff,
    0xa0, 0x0, 0x5a, 0xba, 0x96, 0x10, 0x0, 0x0,
    0x0, 0x0, 0x0, 0x0, 0x0, 0x0, 0x0, 0x1f,
    0xff, 0xf2, 0x0, 0x0, 0x2f, 0xff, 0xf1, 0x0,
    0x0, 0x0, 0x0, 0x0, 0x0, 0x0, 0x0, 0x0,
    0x0, 0x0, 0x0, 0x0, 0x0, 0x5f, 0xff, 0xa0,
    0x0, 0x0, 0xa, 0xff, 0xf5, 0x0, 0x0, 0x0,
    0x0, 0x0, 0x0, 0x0, 0x0, 0x0, 0x0, 0x0,
    0x0, 0x0, 0x0, 0x8f, 0xff, 0x40, 0x0, 0x0,
    0x4, 0xff, 0xf8, 0x0, 0x0, 0x0, 0x0, 0x0,
    0x0, 0x0, 0x0, 0x0, 0x0, 0x0, 0x0, 0x0,
    0x0, 0x9f, 0xff, 0x20, 0x0, 0x0, 0x2, 0xff,
    0xf9, 0x0, 0x0, 0x0, 0x0, 0x0, 0x0, 0x0,
    0x0, 0x0, 0x0, 0x0, 0x0, 0x0, 0x0, 0x8f,
    0xff, 0x40, 0x0, 0x0, 0x4, 0xff, 0xf8, 0x0,
    0x0, 0x0, 0x0, 0x0, 0x0, 0x0, 0x0, 0x0,
    0x0, 0x0, 0x0, 0x0, 0x0, 0x5f, 0xff, 0xb0,
    0x0, 0x0, 0xb, 0xff, 0xf5, 0x0, 0x0, 0x0,
    0x0, 0x0, 0x0, 0x0, 0x0, 0x0, 0x0, 0x0,
    0x0, 0x0, 0x0, 0xf, 0xff, 0xf9, 0x0, 0x0,
    0x9f, 0xff, 0xf0, 0x0, 0x0, 0x0, 0x0, 0x0,
    0x0, 0x0, 0x0, 0x0, 0x0, 0x0, 0x0, 0x0,
    0x0, 0x7, 0xff, 0xff, 0xfb, 0xbf, 0xff, 0xff,
    0x70, 0x0, 0x0, 0x0, 0x0, 0x0, 0x0, 0x0,
    0x0, 0x0, 0x0, 0x0, 0x0, 0x0, 0x0, 0x0,
    0xaf, 0xff, 0xff, 0xff, 0xff, 0xfa, 0x0, 0x0,
    0x0, 0x0, 0x0, 0x0, 0x0, 0x0, 0x0, 0x0,
    0x0, 0x0, 0x0, 0x0, 0x0, 0x0, 0x9, 0xff,
    0xff, 0xff, 0xff, 0x90, 0x0, 0x0, 0x0, 0x0,
    0x0, 0x0, 0x0, 0x0, 0x0, 0x0, 0x0, 0x0,
    0x0, 0x0, 0x0, 0x0, 0x0, 0x3a, 0xff, 0xff,
    0xa3, 0x0, 0x0, 0x0, 0x0, 0x0, 0x0, 0x0,
    0x0, 0x0, 0x0, 0x0, 0x0, 0x0, 0x0, 0x0,
    0x0, 0x0, 0x0, 0x0, 0x1, 0x10, 0x0, 0x0,
    0x0, 0x0, 0x0, 0x0, 0x0, 0x0, 0x0, 0x0,

    /* U+F0598 "󰖘" */
    0x0, 0x0, 0x0, 0x0, 0x0, 0x0, 0x0, 0x0,
    0x0, 0x15, 0x79, 0x98, 0x51, 0x0, 0x0, 0x0,
    0x0, 0x0, 0x0, 0x0, 0x0, 0x0, 0x0, 0x0,
    0x0, 0x0, 0x0, 0x0, 0x0, 0x0, 0x4b, 0xff,
    0xff, 0xff, 0xff, 0xb4, 0x0, 0x0, 0x0, 0x0,
    0x0, 0x0, 0x0, 0x0, 0x0, 0x0, 0x0, 0x0,
    0x0, 0x0, 0x0, 0x1b, 0xff, 0xff, 0xff, 0xff,
    0xff, 0xff, 0xb1, 0x0, 0x0, 0x0, 0x0, 0x0,
    0x0, 0x0, 0x0, 0x0, 0x0, 0x0, 0x0, 0x0,
    0x3, 0xef, 0xff, 0xff, 0xff, 0xff, 0xff, 0xff,
    0xfe, 0x30, 0x0, 0x0, 0x0, 0x0, 0x0, 0x0,
    0x0, 0x0, 0x0, 0x0, 0x0, 0x0, 0x3f, 0xff,
    0xff, 0xd8, 0x43, 0x34, 0x8d, 0xff, 0xff, 0xf3,
    0x0, 0x0, 0x0, 0x0, 0x0, 0x0, 0x0, 0x0,
    0x0, 0x0, 0x0, 0x1, 0xef, 0xff, 0xe5, 0x0,
    0x0, 0x0, 0x0, 0x5e, 0xff, 0xfe, 0x10, 0x0,
    0x0, 0x0, 0x0, 0x0, 0x0, 0x0, 0x0, 0x0,
    0x0, 0xa, 0xff, 0xfc, 0x10, 0x0, 0x0, 0x0,
    0x0, 0x1, 0xcf, 0xff, 0xa0, 0x0, 0x0, 0x0,
    0x0, 0x0, 0x0, 0x0, 0x0, 0x0, 0x0, 0x2f,
    0xff, 0xc0, 0x0, 0x0, 0x0, 0x0, 0x0, 0x0,
    0xd, 0xff, 0xf3, 0x0, 0x0, 0x0, 0x0, 0x0,
    0x0, 0x0, 0x0, 0x5, 0x9c, 0xef, 0xff, 0x20,
    0x0, 0x0, 0x0, 0x0, 0x0, 0x0, 0x2, 0xff,
    0xf9, 0x0, 0x0, 0x0, 0x0, 0x0, 0x0, 0x0,
    0x5, 0xef, 0xff, 0xff, 0xf8, 0x0, 0x0, 0x0,
    0x0, 0x0, 0x0, 0x0, 0x0, 0x7f, 0xff, 0x0,
    0x0, 0x0, 0x0, 0x0, 0x0, 0x0, 0x9f, 0xff,
    0xff, 0xff, 0xf1, 0x0, 0x0, 0x0, 0x0, 0x0,
    0x0, 0x0, 0x0, 0x1f, 0xff, 0x30, 0x0, 0x0,
    0x0, 0x0, 0x0, 0xa, 0xff, 0xff, 0xff, 0xff,
    0xd0, 0x0, 0x0, 0x0, 0x0, 0x0, 0x0, 0x0,
    0x0, 0xb, 0xff, 0x60, 0x0, 0x0, 0x0, 0x0,
    0x0, 0x7f, 0xff, 0xfe, 0x84, 0x34, 0x40, 0x0,
    0x0, 0x0, 0x0, 0x0, 0x0, 0x0, 0x0, 0x8,
    0xff, 0xec, 0xb8, 0x30, 0x0, 0x0, 0x1, 0xff,
    0xff, 0xb1, 0x0, 0x0, 0x0, 0x0, 0x0, 0x0,
    0x0, 0x0, 0x0, 0x0, 0x0, 0x6, 0xff, 0xff,
    0xff, 0xfa, 0x0, 0x0, 0x8, 0xff, 0xfc, 0x0,
    0x0, 0x0, 0x0, 0x0, 0x0, 0x0, 0x0, 0x0,
    0x0, 0x0, 0x0, 0x6, 0xff, 0xff, 0xff, 0xff,
    0xd1, 0x0, 0xd, 0xff, 0xf3, 0x0, 0x0, 0x0,
    0x0, 0x0, 0x0, 0x0, 0x0, 0x0, 0x0, 0x0,
    0x0, 0x5, 0xff, 0xff, 0xff, 0xff, 0xfc, 0x0,
    0xf, 0xff, 0xe0, 0x0, 0x0, 0x0, 0x0, 0x0,
    0x0, 0x0, 0x0, 0x0, 0x0, 0x0, 0x0, 0x0,
    0x0, 0x0, 0x19, 0xff, 0xff, 0x50, 0x1f, 0xff,
    0xc0, 0x0, 0x0, 0x0, 0x0, 0x0, 0x0, 0x0,
    0x0, 0x0, 0x0, 0x0, 0x0, 0x0, 0x0, 0x0,
    0x0, 0x7f, 0xff, 0xc0, 0xf, 0xff, 0xd0, 0x0,
    0x0, 0x0, 0x0, 0x0, 0x0, 0x0, 0x0, 0x0,
    0x0, 0x0, 0x0, 0x0, 0x0, 0x0, 0x0, 0xe,
    0xff, 0xf0, 0xe, 0xff, 0xf1, 0x0, 0x0, 0x0,
    0x0, 0x0, 0x0, 0x0, 0x0, 0x0, 0x0, 0x0,
    0x0, 0x0, 0x0, 0x0, 0x0, 0xc, 0xff, 0xf1,
    0xa, 0xff, 0xf7, 0x0, 0x0, 0x0, 0x0, 0x0,
    0x0, 0x0, 0x0, 0x0, 0x0, 0x0, 0x0, 0x0,
    0x0, 0x0, 0x0, 0xd, 0xff, 0xf0, 0x4, 0xff,
    0xff, 0x30, 0x0, 0x0, 0x0, 0x0, 0x0, 0x0,
    0x0, 0x2, 0x20, 0x0, 0x0, 0x0, 0x0, 0x0,
    0x0, 0x4f, 0xff, 0xd0, 0x0, 0xcf, 0xff, 0xf7,
    0x0, 0x0, 0x0, 0x0, 0x0, 0x0, 0x0, 0x7f,
    0xf7, 0x0, 0x0, 0x0, 0x0, 0x0, 0x3, 0xef,
    0xff, 0x80, 0x0, 0x1e, 0xff, 0xff, 0xeb, 0x94,
    0x0, 0x0, 0x41, 0x0, 0x0, 0xff, 0xfd, 0x0,
    0x0, 0x0, 0x49, 0x99, 0xcf, 0xff, 0xfe, 0x10,
    0x0, 0x3, 0xef, 0xff, 0xff, 0xff, 0x20, 0xd,
    0xff, 0x40, 0x4, 0xff, 0xfc, 0x0, 0x0, 0x3,
    0xff, 0xff, 0xff, 0xff, 0xf4, 0x0, 0x0, 0x0,
    0x1c, 0xff, 0xff, 0xff, 0x50, 0x4f, 0xff, 0xf3,
    0x8, 0xff, 0xf7, 0x0, 0x0, 0x5, 0xff, 0xff,
    0xff, 0xfe, 0x40, 0x0, 0x0, 0x0, 0x0, 0x5b,
    0xff, 0xfd, 0x0, 0x2f, 0xff, 0xff, 0x3c, 0xff,
    0xf3, 0x0, 0x0, 0x0, 0xdf, 0xff, 0xfd, 0x81,
    0x0, 0x0, 0x0, 0x0, 0x0, 0x0, 0x1, 0x20,
    0x0, 0x5, 0xff, 0xff, 0xff, 0xff, 0xe0, 0x26,
    0xbd, 0x70, 0x2, 0x22, 0x10, 0x0, 0x0, 0x0,
    0x0, 0x0, 0x0, 0x0, 0x0, 0x0, 0x0, 0x0,
    0x4f, 0xff, 0xff, 0xff, 0xed, 0xff, 0xff, 0xf2,
    0x0, 0x0, 0x0, 0x0, 0x0, 0x0, 0x0, 0x0,
    0x0, 0x0, 0x0, 0x0, 0x0, 0x0, 0x4, 0xff,
    0xff, 0xff, 0xff, 0xff, 0xff, 0xf3, 0x0, 0x0,
    0x0, 0x0, 0x0, 0x0, 0x0, 0x0, 0x0, 0x0,
    0x0, 0x0, 0x0, 0x3, 0x7b, 0xff, 0xff, 0xff,
    0xff, 0xff, 0xff, 0x80, 0x0, 0x0, 0x0, 0x0,
    0x0, 0x0, 0x0, 0x0, 0x0, 0x0, 0x0, 0x0,
    0x7, 0xff, 0xff, 0xff, 0xff, 0xff, 0xff, 0xd9,
    0x51, 0x0, 0x0, 0x0, 0x0, 0x0, 0x0, 0x0,
    0x0, 0x0, 0x0, 0x0, 0x0, 0x0, 0x2f, 0xff,
    0xff, 0xff, 0xff, 0xff, 0xff, 0x30, 0x0, 0x0,
    0x0, 0x0, 0x0, 0x0, 0x0, 0x0, 0x0, 0x0,
    0x0, 0x0, 0x0, 0x0, 0x3f, 0xff, 0xff, 0xff,
    0xff, 0xff, 0xff, 0xf3, 0x0, 0x0, 0x0, 0x0,
    0x0, 0x0, 0x0, 0x0, 0x0, 0x0, 0x0, 0x0,
    0x0, 0x0, 0x8, 0xec, 0x83, 0xe, 0xff, 0xff,
    0xff, 0xff, 0x40, 0x0, 0x0, 0x0, 0x0, 0x0,
    0x0, 0x0, 0x0, 0x0, 0x0, 0x0, 0x0, 0x0,
    0x0, 0x0, 0x0, 0x2f, 0xff, 0xc4, 0xff, 0xff,
    0xf1, 0x0, 0x0, 0x0, 0x0, 0x0, 0x0, 0x0,
    0x0, 0x0, 0x0, 0x0, 0x0, 0x0, 0x0, 0x0,
    0x0, 0x7f, 0xff, 0x80, 0x4f, 0xff, 0xf5, 0x0,
    0x0, 0x0, 0x0, 0x0, 0x0, 0x0, 0x0, 0x0,
    0x0, 0x0, 0x0, 0x0, 0x0, 0x0, 0x0, 0xbf,
    0xff, 0x40, 0x4, 0xff, 0xe1, 0x0, 0x0, 0x0,
    0x0, 0x0, 0x0, 0x0, 0x0, 0x0, 0x0, 0x0,
    0x0, 0x0, 0x0, 0x0, 0x0, 0xdf, 0xff, 0x0,
    0x0, 0x25, 0x10, 0x0, 0x0, 0x0, 0x0, 0x0,
    0x0, 0x0, 0x0, 0x0, 0x0, 0x0, 0x0, 0x0,
    0x0, 0x0, 0x0, 0x8f, 0xf8, 0x0, 0x0, 0x0,
    0x0, 0x0, 0x0, 0x0, 0x0, 0x0, 0x0, 0x0,
    0x0, 0x0, 0x0, 0x0, 0x0, 0x0, 0x0, 0x0,
    0x0, 0x3, 0x30, 0x0, 0x0, 0x0, 0x0, 0x0,
    0x0, 0x0, 0x0, 0x0, 0x0, 0x0,

    /* U+F0599 "󰖙" */
    0x0, 0x0, 0x0, 0x0, 0x0, 0x0, 0x0, 0x0,
    0x0, 0x0, 0x0, 0x0, 0x0, 0x0, 0x0, 0x0,
    0x0, 0x0, 0x0, 0x0, 0x0, 0x0, 0x0, 0x0,
    0x0, 0xa9, 0x0, 0x0, 0x0, 0x0, 0x0, 0x0,
    0x0, 0x0, 0x0, 0x0, 0x0, 0x0, 0x0, 0x0,
    0x0, 0x5, 0xff, 0x50, 0x0, 0x0, 0x0, 0x0,
    0x0, 0x0, 0x0, 0x0, 0x0, 0x0, 0x0, 0x0,
    0x0, 0x0, 0x1e, 0xff, 0xe1, 0x0, 0x0, 0x0,
    0x0, 0x0, 0x0, 0x0, 0x0, 0x0, 0x0, 0x0,
    0x0, 0x0, 0x0, 0xbf, 0xff, 0xfb, 0x0, 0x0,
    0x0, 0x0, 0x0, 0x0, 0x0, 0x0, 0x0, 0x0,
    0x0, 0x0, 0x0, 0x6, 0xff, 0xff, 0xff, 0x60,
    0x0, 0x0, 0x0, 0x0, 0x0, 0x0, 0x0, 0x0,
    0x0, 0x0, 0x0, 0x0, 0x2d, 0x97, 0x66, 0x79,
    0xd2, 0x0, 0x0, 0x0, 0x0, 0x0, 0x0, 0x0,
    0x0, 0x0, 0x0, 0x0, 0x0, 0x0, 0x0, 0x0,
    0x0, 0x0, 0x0, 0x0, 0x0, 0x0, 0x0, 0x0,
    0x0, 0x0, 0x0, 0x0, 0x0, 0x0, 0x0, 0x0,
    0x0, 0x0, 0x0, 0x0, 0x0, 0x0, 0x0, 0x0,
    0x0, 0x0, 0x1, 0x24, 0x56, 0x0, 0x0, 0x0,
    0x0, 0x0, 0x0, 0x0, 0x0, 0x0, 0x65, 0x42,
    0x10, 0x0, 0x6e, 0xff, 0xff, 0xf6, 0x0, 0x0,
    0x3, 0x8b, 0xdd, 0xb8, 0x30, 0x0, 0x0, 0x5f,
    0xff, 0xff, 0xe6, 0xf, 0xff, 0xff, 0x70, 0x0,
    0x1, 0xbf, 0xff, 0xff, 0xff, 0xfb, 0x10, 0x0,
    0x6, 0xff, 0xff, 0xf0, 0x8, 0xff, 0xfb, 0x0,
    0x0, 0x4e, 0xff, 0xff, 0xff, 0xff, 0xff, 0xe4,
    0x0, 0x0, 0xbf, 0xff, 0x80, 0x1, 0xff, 0xf2,
    0x0, 0x4, 0xff, 0xff, 0xff, 0xff, 0xff, 0xff,
    0xff, 0x40, 0x0, 0x2f, 0xff, 0x10, 0x0, 0x9f,
    0xa0, 0x0, 0x1e, 0xff, 0xff, 0x83, 0x0, 0x38,
    0xff, 0xff, 0xe1, 0x0, 0xa, 0xf9, 0x0, 0x0,
    0x1f, 0x40, 0x0, 0xaf, 0xff, 0xe3, 0x0, 0x0,
    0x0, 0x3e, 0xff, 0xfa, 0x0, 0x4, 0xf1, 0x0,
    0x0, 0x9, 0x0, 0x1, 0xff, 0xff, 0x30, 0x0,
    0x0, 0x0, 0x3, 0xff, 0xff, 0x10, 0x0, 0x90,
    0x0, 0x0, 0x0, 0x0, 0x5, 0xff, 0xfa, 0x0,
    0x0, 0x0, 0x0, 0x0, 0xaf, 0xff, 0x50, 0x0,
    0x0, 0x0, 0x0, 0x0, 0x0, 0x8, 0xff, 0xf5,
    0x0, 0x0, 0x0, 0x0, 0x0, 0x5f, 0xff, 0x80,
    0x0, 0x0, 0x0, 0x0, 0x0, 0x0, 0x9, 0xff,
    0xf4, 0x0, 0x0, 0x0, 0x0, 0x0, 0x4f, 0xff,
    0x90, 0x0, 0x0, 0x0, 0x0, 0x0, 0x0, 0x9,
    0xff, 0xf5, 0x0, 0x0, 0x0, 0x0, 0x0, 0x5f,
    0xff, 0x90, 0x0, 0x0, 0x0, 0x0, 0x0, 0x0,
    0x6, 0xff, 0xf8, 0x0, 0x0, 0x0, 0x0, 0x0,
    0x8f, 0xff, 0x60, 0x0, 0x0, 0x0, 0x0, 0x6,
    0x0, 0x2, 0xff, 0xff, 0x10, 0x0, 0x0, 0x0,
    0x1, 0xff, 0xff, 0x20, 0x0, 0x60, 0x0, 0x0,
    0xe, 0x30, 0x0, 0xcf, 0xff, 0xc0, 0x0, 0x0,
    0x0, 0xc, 0xff, 0xfc, 0x0, 0x3, 0xe0, 0x0,
    0x0, 0x6f, 0x80, 0x0, 0x3f, 0xff, 0xfd, 0x40,
    0x0, 0x4, 0xdf, 0xff, 0xf3, 0x0, 0x8, 0xf6,
    0x0, 0x0, 0xdf, 0xf1, 0x0, 0x7, 0xff, 0xff,
    0xfe, 0xcc, 0xef, 0xff, 0xff, 0x70, 0x0, 0x1f,
    0xfd, 0x0, 0x5, 0xff, 0xf8, 0x0, 0x0, 0x8f,
    0xff, 0xff, 0xff, 0xff, 0xff, 0xf9, 0x0, 0x0,
    0x9f, 0xff, 0x50, 0xc, 0xff, 0xff, 0x40, 0x0,
    0x5, 0xff, 0xff, 0xff, 0xff, 0xff, 0x50, 0x0,
    0x4, 0xff, 0xff, 0xc0, 0x4f, 0xff, 0xff, 0xe2,
    0x0, 0x0, 0x17, 0xcf, 0xff, 0xfc, 0x71, 0x0,
    0x0, 0x2e, 0xff, 0xff, 0xf4, 0x13, 0x56, 0x89,
    0xba, 0x0, 0x0, 0x0, 0x0, 0x11, 0x0, 0x0,
    0x0, 0x0, 0x99, 0x87, 0x64, 0x31, 0x0, 0x0,
    0x0, 0x0, 0x0, 0x0, 0x0, 0x0, 0x0, 0x0,
    0x0, 0x0, 0x0, 0x0, 0x0, 0x0, 0x0, 0x0,
    0x0, 0x0, 0x0, 0x0, 0x0, 0x0, 0x0, 0x0,
    0x0, 0x0, 0x0, 0x0, 0x0, 0x0, 0x0, 0x0,
    0x0, 0x0, 0x0, 0x0, 0x0, 0x0, 0x39, 0x53,
    0x12, 0x35, 0x93, 0x0, 0x0, 0x0, 0x0, 0x0,
    0x0, 0x0, 0x0, 0x0, 0x0, 0x0, 0x0, 0x9,
    0xff, 0xff, 0xff, 0x90, 0x0, 0x0, 0x0, 0x0,
    0x0, 0x0, 0x0, 0x0, 0x0, 0x0, 0x0, 0x0,
    0x0, 0xdf, 0xff, 0xfd, 0x0, 0x0, 0x0, 0x0,
    0x0, 0x0, 0x0, 0x0, 0x0, 0x0, 0x0, 0x0,
    0x0, 0x0, 0x3f, 0xff, 0xf3, 0x0, 0x0, 0x0,
    0x0, 0x0, 0x0, 0x0, 0x0, 0x0, 0x0, 0x0,
    0x0, 0x0, 0x0, 0x8, 0xff, 0x80, 0x0, 0x0,
    0x0, 0x0, 0x0, 0x0, 0x0, 0x0, 0x0, 0x0,
    0x0, 0x0, 0x0, 0x0, 0x0, 0xcc, 0x0, 0x0,
    0x0, 0x0, 0x0, 0x0, 0x0, 0x0, 0x0, 0x0,
    0x0, 0x0, 0x0, 0x0, 0x0, 0x0, 0x22, 0x0,
    0x0, 0x0, 0x0, 0x0, 0x0, 0x0, 0x0,

    /* U+F059D "󰖝" */
    0x0, 0x0, 0x0, 0x0, 0x0, 0x0, 0x0, 0x2,
    0x78, 0x87, 0x20, 0x0, 0x0, 0x0, 0x0, 0x0,
    0x0, 0x0, 0x0, 0x0, 0x0, 0x0, 0x0, 0x0,
    0x0, 0x2, 0xbf, 0xff, 0xff, 0xfb, 0x20, 0x0,
    0x0, 0x0, 0x0, 0x0, 0x0, 0x0, 0x0, 0x0,
    0x0, 0x0, 0x0, 0x0, 0x3e, 0xff, 0xff, 0xff,
    0xff, 0xe3, 0x0, 0x0, 0x0, 0x0, 0x0, 0x0,
    0x0, 0x0, 0x0, 0x0, 0x0, 0x0, 0x0, 0xef,
    0xff, 0xff, 0xff, 0xff, 0xfe, 0x20, 0x0, 0x0,
    0x0, 0x0, 0x0, 0x0, 0x0, 0x0, 0x0, 0x0,
    0x0, 0x0, 0xef, 0xff, 0x83, 0x37, 0xff, 0xff,
    0xb0, 0x0, 0x0, 0x0, 0x0, 0x0, 0x0, 0x0,
    0x0, 0x0, 0x0, 0x0, 0x0, 0x4d, 0xc3, 0x0,
    0x0, 0x3f, 0xff, 0xf2, 0x0, 0x0, 0x0, 0x0,
    0x0, 0x0, 0x0, 0x0, 0x0, 0x0, 0x0, 0x0,
    0x0, 0x0, 0x0, 0x0, 0x7, 0xff, 0xf7, 0x0,
    0x0, 0x0, 0x0, 0x0, 0x0, 0x0, 0x0, 0x0,
    0x0, 0x0, 0x0, 0x0, 0x0, 0x0, 0x0, 0x3,
    0xff, 0xf9, 0x0, 0x0, 0x0, 0x0, 0x0, 0x0,
    0x0, 0x0, 0x0, 0x0, 0x0, 0x0, 0x0, 0x0,
    0x0, 0x0, 0x2, 0xff, 0xf9, 0x0, 0x0, 0x0,
    0x0, 0x0, 0x0, 0x0, 0x0, 0x0, 0x0, 0x0,
    0x0, 0x0, 0x0, 0x0, 0x0, 0x6, 0xff, 0xf8,
    0x0, 0x0, 0x0, 0x0, 0x0, 0x0, 0x0, 0x0,
    0x0, 0x0, 0x0, 0x0, 0x0, 0x0, 0x0, 0x0,
    0xd, 0xff, 0xf4, 0x0, 0x0, 0x0, 0x0, 0x0,
    0x0, 0x0, 0x0, 0x0, 0x0, 0x0, 0x0, 0x0,
    0x0, 0x0, 0x3, 0xcf, 0xff, 0xd0, 0x0, 0x0,
    0x0, 0x0, 0x0, 0x0, 0x7, 0xde, 0xee, 0xee,
    0xee, 0xee, 0xee, 0xee, 0xee, 0xff, 0xff, 0xff,
    0x40, 0x0, 0x28, 0xcd, 0xc7, 0x0, 0x0, 0x2f,
    0xff, 0xff, 0xff, 0xff, 0xff, 0xff, 0xff, 0xff,
    0xff, 0xff, 0xf7, 0x0, 0x5, 0xff, 0xff, 0xff,
    0xe2, 0x0, 0x2f, 0xff, 0xff, 0xff, 0xff, 0xff,
    0xff, 0xff, 0xff, 0xff, 0xfe, 0x50, 0x0, 0x1f,
    0xff, 0xff, 0xff, 0xfe, 0x10, 0x7, 0xde, 0xee,
    0xee, 0xee, 0xee, 0xee, 0xee, 0xee, 0xdb, 0x71,
    0x0, 0x0, 0x1f, 0xff, 0xff, 0xff, 0xff, 0x90,
    0x0, 0x0, 0x0, 0x0, 0x0, 0x0, 0x0, 0x0,
    0x0, 0x0, 0x0, 0x0, 0x0, 0x8, 0xfc, 0x20,
    0x5f, 0xff, 0xe0, 0x0, 0x0, 0x0, 0x0, 0x0,
    0x0, 0x0, 0x0, 0x0, 0x0, 0x0, 0x0, 0x0,
    0x0, 0x0, 0x0, 0xb, 0xff, 0xf1, 0x0, 0x0,
    0x0, 0x0, 0x0, 0x0, 0x0, 0x0, 0x0, 0x0,
    0x0, 0x0, 0x0, 0x0, 0x0, 0x0, 0xc, 0xff,
    0xf1, 0x0, 0x0, 0x0, 0x0, 0x0, 0x0, 0x0,
    0x0, 0x0, 0x0, 0x0, 0x0, 0x0, 0x0, 0x0,
    0x1, 0x7f, 0xff, 0xe0, 0x0, 0xa, 0xff, 0xff,
    0xff, 0xff, 0xff, 0xff, 0xff, 0xff, 0xff, 0xff,
    0xff, 0xff, 0xff, 0xff, 0xff, 0xff, 0x80, 0x0,
    0x4f, 0xff, 0xff, 0xff, 0xff, 0xff, 0xff, 0xff,
    0xff, 0xff, 0xff, 0xff, 0xff, 0xff, 0xff, 0xff,
    0xfd, 0x0, 0x0, 0x3f, 0xff, 0xff, 0xff, 0xff,
    0xff, 0xff, 0xff, 0xff, 0xff, 0xff, 0xff, 0xff,
    0xff, 0xff, 0xff, 0xd2, 0x0, 0x0, 0x6, 0xcd,
    0xdd, 0xdd, 0xdd, 0xdd, 0xdd, 0xdd, 0xdd, 0xdd,
    0xdd, 0xdd, 0xdd, 0xdd, 0xdc, 0xb6, 0x0, 0x0,
    0x0, 0x0, 0x0, 0x0, 0x0, 0x0, 0x0, 0x0,
    0x0, 0x0, 0x0, 0x0, 0x0, 0x0, 0x0, 0x0,
    0x0, 0x0, 0x0, 0x0, 0x0, 0x0, 0x0, 0x0,
    0x0, 0x0, 0x0, 0x0, 0x0, 0x0, 0x0, 0x0,
    0x0, 0x0, 0x0, 0x0, 0x0, 0x0, 0x0, 0x0,
    0x0, 0x0, 0x0, 0x0, 0x0, 0x0, 0x0, 0x0,
    0x0, 0x0, 0x0, 0x0, 0x0, 0x0, 0x0, 0x0,
    0x0, 0x5, 0xcd, 0xdd, 0xdd, 0xdd, 0xdd, 0xdd,
    0xdd, 0xdd, 0xdd, 0xdd, 0xdd, 0xdd, 0xdd, 0xdc,
    0xb6, 0x0, 0x0, 0x0, 0x1f, 0xff, 0xff, 0xff,
    0xff, 0xff, 0xff, 0xff, 0xff, 0xff, 0xff, 0xff,
    0xff, 0xff, 0xff, 0xff, 0xe2, 0x0, 0x0, 0x2f,
    0xff, 0xff, 0xff, 0xff, 0xff, 0xff, 0xff, 0xff,
    0xff, 0xff, 0xff, 0xff, 0xff, 0xff, 0xff, 0xfe,
    0x10, 0x0, 0x9, 0xff, 0xff, 0xff, 0xff, 0xff,
    0xff, 0xff, 0xff, 0xff, 0xff, 0xff, 0xff, 0xff,
    0xff, 0xff, 0xff, 0xa0, 0x0, 0x0, 0x0, 0x0,
    0x0, 0x0, 0x0, 0x0, 0x0, 0x0, 0x0, 0x0,
    0x0, 0x0, 0x0, 0x1, 0x6f, 0xff, 0xf0, 0x0,
    0x0, 0x0, 0x0, 0x0, 0x0, 0x0, 0x0, 0x0,
    0x0, 0x0, 0x0, 0x0, 0x0, 0x0, 0x0, 0xb,
    0xff, 0xf2, 0x0, 0x0, 0x0, 0x0, 0x0, 0x0,
    0x0, 0x0, 0x0, 0x0, 0x0, 0x0, 0x0, 0x0,
    0x0, 0x0, 0xb, 0xff, 0xf3, 0x0, 0x0, 0x0,
    0x0, 0x0, 0x0, 0x0, 0x0, 0x0, 0x0, 0x0,
    0x0, 0x0, 0x7, 0xfd, 0x30, 0x4f, 0xff, 0xf1,
    0x0, 0x0, 0x0, 0x0, 0x0, 0x0, 0x0, 0x0,
    0x0, 0x0, 0x0, 0x0, 0x0, 0xf, 0xff, 0xff,
    0xff, 0xff, 0xb0, 0x0, 0x0, 0x0, 0x0, 0x0,
    0x0, 0x0, 0x0, 0x0, 0x0, 0x0, 0x0, 0x0,
    0xe, 0xff, 0xff, 0xff, 0xff, 0x20, 0x0, 0x0,
    0x0, 0x0, 0x0, 0x0, 0x0, 0x0, 0x0, 0x0,
    0x0, 0x0, 0x0, 0x4, 0xff, 0xff, 0xff, 0xf4,
    0x0, 0x0, 0x0, 0x0, 0x0, 0x0, 0x0, 0x0,
    0x0, 0x0, 0x0, 0x0, 0x0, 0x0, 0x0, 0x18,
    0xcd, 0xc8, 0x10, 0x0, 0x0,

    /* U+F05A9 "󰖩" */
    0x0, 0x0, 0x0, 0x0, 0x0, 0x0, 0x0, 0x2,
    0x46, 0x88, 0x99, 0x88, 0x64, 0x20, 0x0, 0x0,
    0x0, 0x0, 0x0, 0x0, 0x0, 0x0, 0x0, 0x0,
    0x0, 0x0, 0x3, 0x8c, 0xff, 0xff, 0xff, 0xff,
    0xff, 0xff, 0xff, 0xc8, 0x30, 0x0, 0x0, 0x0,
    0x0, 0x0, 0x0, 0x0, 0x0, 0x0, 0x39, 0xef,
    0xff, 0xff, 0xff, 0xff, 0xff, 0xff, 0xff, 0xff,
    0xff, 0xfe, 0x93, 0x0, 0x0, 0x0, 0x0, 0x0,
    0x0, 0x0, 0x5d, 0xff, 0xff, 0xff, 0xff, 0xff,
    0xff, 0xff, 0xff, 0xff, 0xff, 0xff, 0xff, 0xff,
    0xd5, 0x0, 0x0, 0x0, 0x0, 0x0, 0x5d, 0xff,
    0xff, 0xff, 0xff, 0xff, 0xff, 0xff, 0xff, 0xff,
    0xff, 0xff, 0xff, 0xff, 0xff, 0xff, 0xd5, 0x0,
    0x0, 0x0, 0x3c, 0xff, 0xff, 0xff, 0xff, 0xff,
    0xff, 0xff, 0xff, 0xff, 0xff, 0xff, 0xff, 0xff,
    0xff, 0xff, 0xff, 0xff, 0xc3, 0x0, 0x7, 0xff,
    0xff, 0xff, 0xff, 0xff, 0xff, 0xeb, 0x86, 0x43,
    0x22, 0x34, 0x68, 0xbe, 0xff, 0xff, 0xff, 0xff,
    0xff, 0xff, 0x70, 0x6f, 0xff, 0xff, 0xff, 0xff,
    0xfc, 0x72, 0x0, 0x0, 0x0, 0x0, 0x0, 0x0,
    0x0, 0x27, 0xcf, 0xff, 0xff, 0xff, 0xff, 0xf6,
    0xc, 0xff, 0xff, 0xff, 0xf9, 0x20, 0x0, 0x0,
    0x0, 0x0, 0x0, 0x0, 0x0, 0x0, 0x0, 0x2,
    0x9f, 0xff, 0xff, 0xff, 0xc0, 0x2, 0xff, 0xff,
    0xf9, 0x10, 0x0, 0x0, 0x0, 0x0, 0x0, 0x0,
    0x0, 0x0, 0x0, 0x0, 0x0, 0x1, 0x9f, 0xff,
    0xff, 0x20, 0x0, 0x5f, 0xfc, 0x20, 0x0, 0x0,
    0x0, 0x0, 0x0, 0x0, 0x0, 0x0, 0x0, 0x0,
    0x0, 0x0, 0x0, 0x2, 0xcf, 0xf5, 0x0, 0x0,
    0x9, 0x70, 0x0, 0x0, 0x0, 0x0, 0x0, 0x0,
    0x0, 0x0, 0x0, 0x0, 0x0, 0x0, 0x0, 0x0,
    0x0, 0x7, 0x90, 0x0, 0x0, 0x0, 0x0, 0x0,
    0x0, 0x0, 0x0, 0x4, 0x8b, 0xde, 0xff, 0xed,
    0xb8, 0x40, 0x0, 0x0, 0x0, 0x0, 0x0, 0x0,
    0x0, 0x0, 0x0, 0x0, 0x0, 0x0, 0x0, 0x4b,
    0xff, 0xff, 0xff, 0xff, 0xff, 0xff, 0xff, 0xb4,
    0x0, 0x0, 0x0, 0x0, 0x0, 0x0, 0x0, 0x0,
    0x0, 0x0, 0x0, 0x6d, 0xff, 0xff, 0xff, 0xff,
    0xff, 0xff, 0xff, 0xff, 0xff, 0xd6, 0x0, 0x0,
    0x0, 0x0, 0x0, 0x0, 0x0, 0x0, 0x0, 0x3d,
    0xff, 0xff, 0xff, 0xff, 0xff, 0xff, 0xff, 0xff,
    0xff, 0xff, 0xff, 0xd4, 0x0, 0x0, 0x0, 0x0,
    0x0, 0x0, 0x0, 0x7, 0xff, 0xff, 0xff, 0xff,
    0xff, 0xff, 0xff, 0xff, 0xff, 0xff, 0xff, 0xff,
    0xff, 0x80, 0x0, 0x0, 0x0, 0x0, 0x0, 0x0,
    0x2, 0xff, 0xff, 0xff, 0xff, 0xff, 0xfd, 0xcc,
    0xdf, 0xff, 0xff, 0xff, 0xff, 0xff, 0x20, 0x0,
    0x0, 0x0, 0x0, 0x0, 0x0, 0x0, 0x5f, 0xff,
    0xff, 0xfa, 0x52, 0x0, 0x0, 0x0, 0x25, 0xaf,
    0xff, 0xff, 0xf5, 0x0, 0x0, 0x0, 0x0, 0x0,
    0x0, 0x0, 0x0, 0x9, 0xff, 0xe7, 0x10, 0x0,
    0x0, 0x0, 0x0, 0x0, 0x1, 0x7e, 0xff, 0x90,
    0x0, 0x0, 0x0, 0x0, 0x0, 0x0, 0x0, 0x0,
    0x0, 0xca, 0x10, 0x0, 0x0, 0x0, 0x0, 0x0,
    0x0, 0x0, 0x1, 0xac, 0x0, 0x0, 0x0, 0x0,
    0x0, 0x0, 0x0, 0x0, 0x0, 0x0, 0x0, 0x0,
    0x0, 0x0, 0x0, 0x0, 0x0, 0x0, 0x0, 0x0,
    0x0, 0x0, 0x0, 0x0, 0x0, 0x0, 0x0, 0x0,
    0x0, 0x0, 0x0, 0x0, 0x0, 0x0, 0x0, 0x0,
    0x0, 0x0, 0x0, 0x0, 0x0, 0x0, 0x0, 0x0,
    0x0, 0x0, 0x0, 0x0, 0x0, 0x0, 0x0, 0x0,
    0x0, 0x0, 0x0, 0x0, 0x36, 0x77, 0x63, 0x0,
    0x0, 0x0, 0x0, 0x0, 0x0, 0x0, 0x0, 0x0,
    0x0, 0x0, 0x0, 0x0, 0x0, 0x0, 0x0, 0x1,
    0x8e, 0xff, 0xff, 0xff, 0xe8, 0x10, 0x0, 0x0,
    0x0, 0x0, 0x0, 0x0, 0x0, 0x0, 0x0, 0x0,
    0x0, 0x0, 0x0, 0x0, 0x6f, 0xff, 0xff, 0xff,
    0xff, 0xff, 0xf6, 0x0, 0x0, 0x0, 0x0, 0x0,
    0x0, 0x0, 0x0, 0x0, 0x0, 0x0, 0x0, 0x0,
    0x0, 0x6f, 0xff, 0xff, 0xff, 0xff, 0xff, 0xf6,
    0x0, 0x0, 0x0, 0x0, 0x0, 0x0, 0x0, 0x0,
    0x0, 0x0, 0x0, 0x0, 0x0, 0x0, 0xa, 0xff,
    0xff, 0xff, 0xff, 0xff, 0xa0, 0x0, 0x0, 0x0,
    0x0, 0x0, 0x0, 0x0, 0x0, 0x0, 0x0, 0x0,
    0x0, 0x0, 0x0, 0x0, 0xdf, 0xff, 0xff, 0xff,
    0xfd, 0x0, 0x0, 0x0, 0x0, 0x0, 0x0, 0x0,
    0x0, 0x0, 0x0, 0x0, 0x0, 0x0, 0x0, 0x0,
    0x0, 0x2f, 0xff, 0xff, 0xff, 0xf2, 0x0, 0x0,
    0x0, 0x0, 0x0, 0x0, 0x0, 0x0, 0x0, 0x0,
    0x0, 0x0, 0x0, 0x0, 0x0, 0x0, 0x6, 0xff,
    0xff, 0xff, 0x60, 0x0, 0x0, 0x0, 0x0, 0x0,
    0x0, 0x0, 0x0, 0x0, 0x0, 0x0, 0x0, 0x0,
    0x0, 0x0, 0x0, 0x0, 0xaf, 0xff, 0xfa, 0x0,
    0x0, 0x0, 0x0, 0x0, 0x0, 0x0, 0x0, 0x0,
    0x0, 0x0, 0x0, 0x0, 0x0, 0x0, 0x0, 0x0,
    0x0, 0xd, 0xff, 0xd0, 0x0, 0x0, 0x0, 0x0,
    0x0, 0x0, 0x0, 0x0, 0x0, 0x0, 0x0, 0x0,
    0x0, 0x0, 0x0, 0x0, 0x0, 0x0, 0x2, 0xff,
    0x20, 0x0, 0x0, 0x0, 0x0, 0x0, 0x0, 0x0,
    0x0, 0x0, 0x0, 0x0, 0x0, 0x0, 0x0, 0x0,
    0x0, 0x0, 0x0, 0x0, 0x66, 0x0, 0x0, 0x0,
    0x0, 0x0, 0x0, 0x0, 0x0, 0x0, 0x0,

    /* U+F05AA "󰖪" */
    0x0, 0x5, 0x0, 0x0, 0x0, 0x0, 0x0, 0x0,
    0x24, 0x67, 0x89, 0x98, 0x86, 0x42, 0x0, 0x0,
    0x0, 0x0, 0x0, 0x0, 0x0, 0x0, 0xb, 0xf8,
    0x0, 0x0, 0x0, 0x3, 0x8b, 0xff, 0xff, 0xff,
    0xff, 0xff, 0xff, 0xff, 0xc8, 0x40, 0x0, 0x0,
    0x0, 0x0, 0x0, 0xb, 0xff, 0xf8, 0x0, 0x0,
    0x4e, 0xff, 0xff, 0xff, 0xff, 0xff, 0xff, 0xff,
    0xff, 0xff, 0xff, 0xf9, 0x30, 0x0, 0x0, 0x0,
    0x0, 0x6f, 0xff, 0xf8, 0x0, 0x0, 0x9f, 0xff,
    0xff, 0xff, 0xff, 0xff, 0xff, 0xff, 0xff, 0xff,
    0xff, 0xff, 0xd5, 0x0, 0x0, 0x0, 0x0, 0x6f,
    0xff, 0xf8, 0x0, 0x0, 0x9f, 0xff, 0xff, 0xff,
    0xff, 0xff, 0xff, 0xff, 0xff, 0xff, 0xff, 0xff,
    0xfe, 0x50, 0x0, 0x0, 0x0, 0x8f, 0xff, 0xf7,
    0x0, 0x0, 0x9f, 0xff, 0xff, 0xff, 0xff, 0xff,
    0xff, 0xff, 0xff, 0xff, 0xff, 0xff, 0xff, 0xc3,
    0x0, 0x0, 0x8f, 0xff, 0xff, 0xf7, 0x0, 0x0,
    0x9e, 0xb8, 0x54, 0x32, 0x23, 0x45, 0x7a, 0xef,
    0xff, 0xff, 0xff, 0xff, 0xff, 0xf7, 0x0, 0x6f,
    0xff, 0xff, 0xff, 0xf7, 0x0, 0x0, 0x0, 0x0,
    0x0, 0x0, 0x0, 0x0, 0x0, 0x26, 0xcf, 0xff,
    0xff, 0xff, 0xff, 0xf6, 0x0, 0xcf, 0xff, 0xff,
    0xff, 0xf7, 0x0, 0x0, 0x0, 0x0, 0x0, 0x0,
    0x0, 0x0, 0x0, 0x0, 0x28, 0xff, 0xff, 0xff,
    0xfc, 0x0, 0x1, 0xef, 0xff, 0xff, 0xff, 0xf7,
    0x0, 0x0, 0x0, 0x0, 0x0, 0x0, 0x0, 0x0,
    0x0, 0x0, 0x1, 0x8f, 0xff, 0xfe, 0x10, 0x0,
    0x4, 0xff, 0xb1, 0x7f, 0xff, 0xf7, 0x0, 0x0,
    0x0, 0x0, 0x0, 0x0, 0x0, 0x0, 0x0, 0x0,
    0x0, 0x1a, 0xff, 0x40, 0x0, 0x0, 0x7, 0x50,
    0x0, 0x7f, 0xff, 0xf7, 0x0, 0x0, 0x1, 0x11,
    0x0, 0x0, 0x0, 0x0, 0x0, 0x0, 0x0, 0x5,
    0x70, 0x0, 0x0, 0x0, 0x0, 0x0, 0x0, 0x7f,
    0xff, 0xf7, 0x0, 0x0, 0xaf, 0xff, 0xfd, 0xa6,
    0x20, 0x0, 0x0, 0x0, 0x0, 0x0, 0x0, 0x0,
    0x0, 0x0, 0x0, 0x0, 0x0, 0x7f, 0xff, 0xf7,
    0x0, 0x0, 0xaf, 0xff, 0xff, 0xff, 0xd6, 0x0,
    0x0, 0x0, 0x0, 0x0, 0x0, 0x0, 0x0, 0x0,
    0x0, 0x0, 0x8, 0xff, 0xff, 0xf7, 0x0, 0x0,
    0xaf, 0xff, 0xff, 0xff, 0xfe, 0x81, 0x0, 0x0,
    0x0, 0x0, 0x0, 0x0, 0x0, 0x0, 0x0, 0x6e,
    0xff, 0xff, 0xff, 0xf7, 0x0, 0x0, 0xaf, 0xff,
    0xff, 0xff, 0xff, 0xe5, 0x0, 0x0, 0x0, 0x0,
    0x0, 0x0, 0x0, 0x0, 0x8f, 0xff, 0xff, 0xff,
    0xff, 0xf7, 0x0, 0x0, 0xaf, 0xff, 0xff, 0xff,
    0xff, 0xf8, 0x0, 0x0, 0x0, 0x0, 0x0, 0x0,
    0x0, 0x1, 0xef, 0xff, 0xff, 0xff, 0xff, 0xf7,
    0x0, 0x0, 0xaf, 0xff, 0xff, 0xff, 0xfe, 0x10,
    0x0, 0x0, 0x0, 0x0, 0x0, 0x0, 0x0, 0x4,
    0xff, 0xff, 0xff, 0xbf, 0xff, 0xf7, 0x0, 0x0,
    0x48, 0xef, 0xff, 0xff, 0x40, 0x0, 0x0, 0x0,
    0x0, 0x0, 0x0, 0x0, 0x0, 0x8, 0xff, 0xe6,
    0x0, 0x6f, 0xff, 0xf7, 0x0, 0x0, 0x0, 0x5d,
    0xff, 0x80, 0x0, 0x0, 0x0, 0x0, 0x0, 0x0,
    0x0, 0x0, 0x0, 0xb, 0x80, 0x0, 0x0, 0x6f,
    0xff, 0xf7, 0x0, 0x0, 0x0, 0x8, 0xb0, 0x0,
    0x0, 0x0, 0x0, 0x0, 0x0, 0x0, 0x0, 0x0,
    0x0, 0x0, 0x0, 0x0, 0x0, 0x6f, 0xff, 0xf7,
    0x0, 0x0, 0x0, 0x0, 0x0, 0x0, 0x0, 0x0,
    0x0, 0x0, 0x0, 0x0, 0x0, 0x0, 0x0, 0x0,
    0x0, 0x0, 0x0, 0x5f, 0xff, 0xf7, 0x0, 0x0,
    0x0, 0x0, 0x0, 0x0, 0x0, 0x0, 0x0, 0x0,
    0x0, 0x0, 0x0, 0x0, 0x0, 0x0, 0x0, 0x0,
    0x57, 0xdf, 0xff, 0xf7, 0x0, 0x0, 0x0, 0x0,
    0x0, 0x0, 0x0, 0x0, 0x0, 0x0, 0x0, 0x0,
    0x0, 0x0, 0x0, 0x0, 0x3a, 0xff, 0xff, 0xff,
    0xff, 0xf7, 0x0, 0x0, 0x0, 0x0, 0x0, 0x0,
    0x0, 0x0, 0x0, 0x0, 0x0, 0x0, 0x0, 0x0,
    0x0, 0x8f, 0xff, 0xff, 0xff, 0xff, 0xff, 0xf7,
    0x0, 0x0, 0x0, 0x0, 0x0, 0x0, 0x0, 0x0,
    0x0, 0x0, 0x0, 0x0, 0x0, 0x0, 0x5, 0xff,
    0xff, 0xff, 0xff, 0xff, 0xff, 0xf7, 0x0, 0x0,
    0x0, 0x0, 0x0, 0x0, 0x0, 0x0, 0x0, 0x0,
    0x0, 0x0, 0x0, 0x0, 0x9, 0xff, 0xff, 0xff,
    0xff, 0xff, 0xff, 0xf7, 0x0, 0x0, 0x0, 0x0,
    0x0, 0x0, 0x0, 0x0, 0x0, 0x0, 0x0, 0x0,
    0x0, 0x0, 0xc, 0xff, 0xff, 0xff, 0xff, 0xdf,
    0xff, 0xf6, 0x0, 0x0, 0x0, 0x0, 0x0, 0x0,
    0x0, 0x0, 0x0, 0x0, 0x0, 0x0, 0x0, 0x0,
    0x2e, 0xff, 0xff, 0xff, 0xe1, 0x6f, 0xff, 0xf6,
    0x0, 0x0, 0x0, 0x0, 0x0, 0x0, 0x0, 0x0,
    0x0, 0x0, 0x0, 0x0, 0x0, 0x0, 0x5f, 0xff,
    0xff, 0xf4, 0x0, 0x6f, 0xff, 0xf6, 0x0, 0x0,
    0x0, 0x0, 0x0, 0x0, 0x0, 0x0, 0x0, 0x0,
    0x0, 0x0, 0x0, 0x0, 0x8f, 0xff, 0xf8, 0x0,
    0x0, 0x6f, 0xff, 0xf6, 0x0, 0x0, 0x0, 0x0,
    0x0, 0x0, 0x0, 0x0, 0x0, 0x0, 0x0, 0x0,
    0x0, 0x0, 0xcf, 0xfc, 0x0, 0x0, 0x0, 0x6f,
    0xff, 0xf2, 0x0, 0x0, 0x0, 0x0, 0x0, 0x0,
    0x0, 0x0, 0x0, 0x0, 0x0, 0x0, 0x0, 0x1,
    0xee, 0x10, 0x0, 0x0, 0x0, 0x6f, 0xf5, 0x0,
    0x0, 0x0, 0x0, 0x0, 0x0, 0x0, 0x0, 0x0,
    0x0, 0x0, 0x0, 0x0, 0x0, 0x4, 0x40, 0x0,
    0x0, 0x0, 0x0, 0x65, 0x0, 0x0, 0x0, 0x0,
    0x0,

    /* U+F05AE "󰖮" */
    0x0, 0x6, 0x99, 0x99, 0x99, 0x99, 0x99, 0x99,
    0x99, 0x99, 0x99, 0x99, 0x99, 0x99, 0x83, 0x0,
    0x1, 0xdf, 0xff, 0xff, 0xff, 0xff, 0xff, 0xff,
    0xff, 0xff, 0xff, 0xff, 0xff, 0xff, 0xff, 0x90,
    0xb, 0xff, 0xff, 0xff, 0xff, 0xff, 0xff, 0xff,
    0xff, 0xff, 0xff, 0xff, 0xff, 0xff, 0xff, 0xf5,
    0xf, 0xff, 0xff, 0xff, 0xff, 0xff, 0xff, 0xff,
    0xff, 0xff, 0xff, 0xff, 0xff, 0xff, 0xff, 0xfb,
    0x2f, 0xff, 0xc2, 0x22, 0x22, 0x22, 0x22, 0x22,
    0x22, 0x22, 0x22, 0x22, 0x22, 0x23, 0xff, 0xfc,
    0x2f, 0xff, 0xb0, 0x0, 0x0, 0x0, 0x0, 0x0,
    0x0, 0x0, 0x0, 0x0, 0x0, 0x1, 0xff, 0xfc,
    0x2f, 0xff, 0xb0, 0x0, 0x0, 0x0, 0x0, 0x0,
    0x0, 0x0, 0x0, 0x0, 0x0, 0x1, 0xff, 0xfc,
    0x2f, 0xff, 0xb0, 0x0, 0x0, 0x0, 0x0, 0x0,
    0x0, 0x0, 0x0, 0x0, 0x0, 0x1, 0xff, 0xfc,
    0x2f, 0xff, 0xb0, 0x0, 0x0, 0x0, 0x0, 0x0,
    0x0, 0x0, 0x0, 0x0, 0x0, 0x1, 0xff, 0xfc,
    0x2f, 0xff, 0xb0, 0x0, 0x0, 0x0, 0x0, 0x0,
    0x0, 0x0, 0x0, 0x0, 0x0, 0x1, 0xff, 0xfc,
    0x2f, 0xff, 0xb0, 0x0, 0x0, 0x0, 0x0, 0x0,
    0x0, 0x0, 0x0, 0x0, 0x0, 0x1, 0xff, 0xfc,
    0x2f, 0xff, 0xb0, 0x0, 0x0, 0x0, 0x0, 0x0,
    0x0, 0x0, 0x0, 0x0, 0x0, 0x1, 0xff, 0xfc,
    0x2f, 0xff, 0xb0, 0x0, 0x0, 0x0, 0x0, 0x0,
    0x0, 0x0, 0x0, 0x0, 0x0, 0x1, 0xff, 0xfc,
    0x2f, 0xff, 0xb0, 0x0, 0x0, 0x0, 0x0, 0x0,
    0x0, 0x0, 0x0, 0x0, 0x0, 0x1, 0xff, 0xfc,
    0x2f, 0xff, 0xb0, 0x0, 0x0, 0x0, 0x9e, 0xee,
    0xee, 0xee, 0x10, 0x0, 0x0, 0x1, 0xff, 0xfc,
    0x2f, 0xff, 0xb0, 0x0, 0x0, 0x0, 0xaf, 0xff,
    0xff, 0xff, 0x10, 0x0, 0x0, 0x1, 0xff, 0xfc,
    0x2f, 0xff, 0xb0, 0x0, 0x0, 0x0, 0xaf, 0xff,
    0xff, 0xff, 0x10, 0x0, 0x0, 0x1, 0xff, 0xfc,
    0x2f, 0xff, 0xb0, 0x0, 0x0, 0x0, 0xaf, 0xff,
    0xff, 0xff, 0x10, 0x0, 0x0, 0x1, 0xff, 0xfc,
    0x2f, 0xff, 0xff, 0xff, 0xff, 0xff, 0xff, 0xff,
    0xff, 0xff, 0xff, 0xff, 0xff, 0xff, 0xff, 0xfc,
    0x2f, 0xff, 0xff, 0xff, 0xff, 0xff, 0xff, 0xff,
    0xff, 0xff, 0xff, 0xff, 0xff, 0xff, 0xff, 0xfc,
    0x2f, 0xff, 0xff, 0xff, 0xff, 0xff, 0xff, 0xff,
    0xff, 0xff, 0xff, 0xff, 0xff, 0xff, 0xff, 0xfc,
    0x2f, 0xff, 0xeb, 0xbb, 0xbb, 0xbb, 0xbb, 0xbb,
    0xbb, 0xbb, 0xbb, 0xbb, 0xbb, 0xbc, 0xff, 0xfc,
    0x2f, 0xff, 0xb0, 0x0, 0x0, 0x0, 0x0, 0x0,
    0x0, 0x0, 0x0, 0x0, 0x0, 0x1, 0xff, 0xfc,
    0x2f, 0xff, 0xb0, 0x0, 0x0, 0x0, 0x0, 0x0,
    0x0, 0x0, 0x0, 0x0, 0x0, 0x1, 0xff, 0xfc,
    0x2f, 0xff, 0xb0, 0x0, 0x0, 0x0, 0x0, 0x0,
    0x0, 0x0, 0x0, 0x0, 0x0, 0x1, 0xff, 0xfc,
    0x2f, 0xff, 0xb0, 0x0, 0x0, 0x0, 0x0, 0x0,
    0x0, 0x0, 0x0, 0x0, 0x0, 0x1, 0xff, 0xfc,
    0x2f, 0xff, 0xb0, 0x0, 0x0, 0x0, 0x0, 0x0,
    0x0, 0x0, 0x0, 0x0, 0x0, 0x1, 0xff, 0xfc,
    0x2f, 0xff, 0xb0, 0x0, 0x0, 0x0, 0x0, 0x0,
    0x0, 0x0, 0x0, 0x0, 0x0, 0x1, 0xff, 0xfc,
    0x2f, 0xff, 0xb0, 0x0, 0x0, 0x0, 0x0, 0x0,
    0x0, 0x0, 0x0, 0x0, 0x0, 0x1, 0xff, 0xfc,
    0x2f, 0xff, 0xb0, 0x0, 0x0, 0x0, 0x0, 0x0,
    0x0, 0x0, 0x0, 0x0, 0x0, 0x1, 0xff, 0xfc,
    0x2f, 0xff, 0xb0, 0x0, 0x0, 0x0, 0x0, 0x0,
    0x0, 0x0, 0x0, 0x0, 0x0, 0x1, 0xff, 0xfc,
    0x2f, 0xff, 0xb0, 0x0, 0x0, 0x0, 0x0, 0x0,
    0x0, 0x0, 0x0, 0x0, 0x0, 0x1, 0xff, 0xfc,
    0x2f, 0xff, 0xb0, 0x0, 0x0, 0x0, 0x0, 0x0,
    0x0, 0x0, 0x0, 0x0, 0x0, 0x1, 0xff, 0xfc,
    0x2f, 0xff, 0xb0, 0x0, 0x0, 0x0, 0x0, 0x0,
    0x0, 0x0, 0x0, 0x0, 0x0, 0x1, 0xff, 0xfc,
    0x2f, 0xff, 0xb0, 0x0, 0x0, 0x0, 0x0, 0x0,
    0x0, 0x0, 0x0, 0x0, 0x0, 0x1, 0xff, 0xfc,
    0x1f, 0xff, 0xfd, 0xdd, 0xdd, 0xdd, 0xdd, 0xdd,
    0xdd, 0xdd, 0xdd, 0xdd, 0xdd, 0xdd, 0xff, 0xfb,
    0xd, 0xff, 0xff, 0xff, 0xff, 0xff, 0xff, 0xff,
    0xff, 0xff, 0xff, 0xff, 0xff, 0xff, 0xff, 0xf8,
    0x4, 0xff, 0xff, 0xff, 0xff, 0xff, 0xff, 0xff,
    0xff, 0xff, 0xff, 0xff, 0xff, 0xff, 0xff, 0xd1,
    0x0, 0x3b, 0xef, 0xff, 0xff, 0xff, 0xff, 0xff,
    0xff, 0xff, 0xff, 0xff, 0xff, 0xff, 0xe9, 0x10,

    /* U+F05B1 "󰖱" */
    0x0, 0x6, 0x99, 0x99, 0x99, 0x99, 0x99, 0x99,
    0x99, 0x99, 0x99, 0x99, 0x99, 0x99, 0x83, 0x0,
    0x1, 0xdf, 0xff, 0xff, 0xff, 0xff, 0xff, 0xff,
    0xff, 0xff, 0xff, 0xff, 0xff, 0xff, 0xff, 0x90,
    0xb, 0xff, 0xff, 0xff, 0xff, 0xff, 0xff, 0xff,
    0xff, 0xff, 0xff, 0xff, 0xff, 0xff, 0xff, 0xf5,
    0xf, 0xff, 0xff, 0xff, 0xff, 0xff, 0xff, 0xff,
    0xff, 0xff, 0xff, 0xff, 0xff, 0xff, 0xff, 0xfb,
    0x2f, 0xff, 0xc2, 0x22, 0x22, 0x22, 0x22, 0x22,
    0x22, 0x22, 0x22, 0x22, 0x22, 0x23, 0xff, 0xfc,
    0x2f, 0xff, 0xb0, 0x0, 0x0, 0x0, 0x0, 0x0,
    0x0, 0x0, 0x0, 0x0, 0x0, 0x1, 0xff, 0xfc,
    0x2f, 0xff, 0xb0, 0x0, 0x0, 0x0, 0x0, 0x0,
    0x0, 0x0, 0x0, 0x0, 0x0, 0x1, 0xff, 0xfc,
    0x2f, 0xff, 0xb0, 0x0, 0x0, 0x0, 0x0, 0x0,
    0x0, 0x0, 0x0, 0x0, 0x0, 0x1, 0xff, 0xfc,
    0x2f, 0xff, 0xb0, 0x0, 0x0, 0x0, 0x7b, 0xbb,
    0xbb, 0xbb, 0x0, 0x0, 0x0, 0x1, 0xff, 0xfc,
    0x2f, 0xff, 0xb0, 0x0, 0x0, 0x0, 0xaf, 0xff,
    0xff, 0xff, 0x10, 0x0, 0x0, 0x1, 0xff, 0xfc,
    0x2f, 0xff, 0xb0, 0x0, 0x0, 0x0, 0xaf, 0xff,
    0xff, 0xff, 0x10, 0x0, 0x0, 0x1, 0xff, 0xfc,
    0x2f, 0xff, 0xb0, 0x0, 0x0, 0x0, 0xaf, 0xff,
    0xff, 0xff, 0x10, 0x0, 0x0, 0x1, 0xff, 0xfc,
    0x2f, 0xff, 0xfd, 0xdd, 0xdd, 0xdd, 0xff, 0xff,
    0xff, 0xff, 0xdd, 0xdd, 0xdd, 0xdd, 0xff, 0xfc,
    0x2f, 0xff, 0xff, 0xff, 0xff, 0xff, 0xff, 0xff,
    0xff, 0xff, 0xff, 0xff, 0xff, 0xff, 0xff, 0xfc,
    0x2f, 0xff, 0xff, 0xff, 0xff, 0xff, 0xff, 0xff,
    0xff, 0xff, 0xff, 0xff, 0xff, 0xff, 0xff, 0xfc,
    0x2f, 0xff, 0xff, 0xff, 0xff, 0xff, 0xff, 0xff,
    0xff, 0xff, 0xff, 0xff, 0xff, 0xff, 0xff, 0xfc,
    0x2f, 0xff, 0xb0, 0x0, 0x0, 0x0, 0x0, 0x0,
    0x0, 0x0, 0x0, 0x0, 0x0, 0x1, 0xff, 0xfc,
    0x2f, 0xff, 0xb0, 0x0, 0x0, 0x0, 0x0, 0x0,
    0x0, 0x0, 0x0, 0x0, 0x0, 0x1, 0xff, 0xfc,
    0x2f, 0xff, 0xb0, 0x0, 0x0, 0x0, 0x0, 0x0,
    0x0, 0x0, 0x0, 0x0, 0x0, 0x1, 0xff, 0xfc,
    0x2f, 0xff, 0xb0, 0x0, 0x0, 0x0, 0x0, 0x0,
    0x0, 0x0, 0x0, 0x0, 0x0, 0x1, 0xff, 0xfc,
    0x2f, 0xff, 0xb0, 0x0, 0x0, 0x0, 0x0, 0x0,
    0x0, 0x0, 0x0, 0x0, 0x0, 0x1, 0xff, 0xfc,
    0x2f, 0xff, 0xb0, 0x0, 0x0, 0x0, 0x0, 0x0,
    0x0, 0x0, 0x0, 0x0, 0x0, 0x1, 0xff, 0xfc,
    0x2f, 0xff, 0xb0, 0x0, 0x0, 0x0, 0x0, 0x0,
    0x0, 0x0, 0x0, 0x0, 0x0, 0x1, 0xff, 0xfc,
    0x2f, 0xff, 0xb0, 0x0, 0x0, 0x0, 0x0, 0x0,
    0x0, 0x0, 0x0, 0x0, 0x0, 0x1, 0xff, 0xfc,
    0x2f, 0xff, 0xb0, 0x0, 0x0, 0x0, 0x0, 0x0,
    0x0, 0x0, 0x0, 0x0, 0x0, 0x1, 0xff, 0xfc,
    0x2f, 0xff, 0xeb, 0xbb, 0xbb, 0xbb, 0xbb, 0xbb,
    0xbb, 0xbb, 0xbb, 0xbb, 0xbb, 0xbb, 0xff, 0xfc,
    0x2f, 0xff, 0xff, 0xff, 0xff, 0xff, 0xff, 0xff,
    0xff, 0xff, 0xff, 0xff, 0xff, 0xff, 0xff, 0xfc,
    0x2f, 0xff, 0xff, 0xff, 0xff, 0xff, 0xff, 0xff,
    0xff, 0xff, 0xff, 0xff, 0xff, 0xff, 0xff, 0xfc,
    0x2f, 0xff, 0xff, 0xff, 0xff, 0xff, 0xff, 0xff,
    0xff, 0xff, 0xff, 0xff, 0xff, 0xff, 0xff, 0xfc,
    0x2f, 0xff, 0xc2, 0x22, 0x22, 0x22, 0x22, 0x22,
    0x22, 0x22, 0x22, 0x22, 0x22, 0x23, 0xff, 0xfc,
    0x2f, 0xff, 0xb0, 0x0, 0x0, 0x0, 0x0, 0x0,
    0x0, 0x0, 0x0, 0x0, 0x0, 0x1, 0xff, 0xfc,
    0x2f, 0xff, 0xb0, 0x0, 0x0, 0x0, 0x0, 0x0,
    0x0, 0x0, 0x0, 0x0, 0x0, 0x1, 0xff, 0xfc,
    0x2f, 0xff, 0xb0, 0x0, 0x0, 0x0, 0x0, 0x0,
    0x0, 0x0, 0x0, 0x0, 0x0, 0x1, 0xff, 0xfc,
    0x2f, 0xff, 0xb0, 0x0, 0x0, 0x0, 0x0, 0x0,
    0x0, 0x0, 0x0, 0x0, 0x0, 0x1, 0xff, 0xfc,
    0x2f, 0xff, 0xb0, 0x0, 0x0, 0x0, 0x0, 0x0,
    0x0, 0x0, 0x0, 0x0, 0x0, 0x1, 0xff, 0xfc,
    0x1f, 0xff, 0xfd, 0xdd, 0xdd, 0xdd, 0xdd, 0xdd,
    0xdd, 0xdd, 0xdd, 0xdd, 0xdd, 0xdd, 0xff, 0xfb,
    0xd, 0xff, 0xff, 0xff, 0xff, 0xff, 0xff, 0xff,
    0xff, 0xff, 0xff, 0xff, 0xff, 0xff, 0xff, 0xf8,
    0x4, 0xff, 0xff, 0xff, 0xff, 0xff, 0xff, 0xff,
    0xff, 0xff, 0xff, 0xff, 0xff, 0xff, 0xff, 0xd1,
    0x0, 0x3b, 0xef, 0xff, 0xff, 0xff, 0xff, 0xff,
    0xff, 0xff, 0xff, 0xff, 0xff, 0xff, 0xe9, 0x10,

    /* U+F05E0 "󰗠" */
    0x0, 0x0, 0x0, 0x0, 0x0, 0x0, 0x0, 0x0,
    0x3, 0x45, 0x54, 0x30, 0x0, 0x0, 0x0, 0x0,
    0x0, 0x0, 0x0, 0x0, 0x0, 0x0, 0x0, 0x0,
    0x0, 0x0, 0x3, 0x9d, 0xff, 0xff, 0xff, 0xff,
    0xd9, 0x30, 0x0, 0x0, 0x0, 0x0, 0x0, 0x0,
    0x0, 0x0, 0x0, 0x0, 0x0, 0x6, 0xdf, 0xff,
    0xff, 0xff, 0xff, 0xff, 0xff, 0xfd, 0x60, 0x0,
    0x0, 0x0, 0x0, 0x0, 0x0, 0x0, 0x0, 0x0,
    0x3, 0xdf, 0xff, 0xff, 0xff, 0xff, 0xff, 0xff,
    0xff, 0xff, 0xfd, 0x30, 0x0, 0x0, 0x0, 0x0,
    0x0, 0x0, 0x0, 0x0, 0x8f, 0xff, 0xff, 0xff,
    0xff, 0xff, 0xff, 0xff, 0xff, 0xff, 0xff, 0xf8,
    0x0, 0x0, 0x0, 0x0, 0x0, 0x0, 0x0, 0xb,
    0xff, 0xff, 0xff, 0xff, 0xff, 0xff, 0xff, 0xff,
    0xff, 0xff, 0xff, 0xff, 0xb0, 0x0, 0x0, 0x0,
    0x0, 0x0, 0x0, 0xcf, 0xff, 0xff, 0xff, 0xff,
    0xff, 0xff, 0xff, 0xff, 0xff, 0xff, 0xff, 0xff,
    0xfc, 0x0, 0x0, 0x0, 0x0, 0x0, 0xa, 0xff,
    0xff, 0xff, 0xff, 0xff, 0xff, 0xff, 0xff, 0xff,
    0xff, 0xff, 0xff, 0xff, 0xff, 0xa0, 0x0, 0x0,
    0x0, 0x0, 0x7f, 0xff, 0xff, 0xff, 0xff, 0xff,
    0xff, 0xff, 0xff, 0xff, 0xff, 0xff, 0xff, 0xff,
    0xff, 0xf7, 0x0, 0x0, 0x0, 0x2, 0xff, 0xff,
    0xff, 0xff, 0xff, 0xff, 0xff, 0xff, 0xff, 0xff,
    0xff, 0xff, 0xff, 0x9f, 0xff, 0xff, 0x20, 0x0,
    0x0, 0xc, 0xff, 0xff, 0xff, 0xff, 0xff, 0xff,
    0xff, 0xff, 0xff, 0xff, 0xff, 0xff, 0xf8, 0x3,
    0xff, 0xff, 0xc0, 0x0, 0x0, 0x4f, 0xff, 0xff,
    0xff, 0xff, 0xff, 0xff, 0xff, 0xff, 0xff, 0xff,
    0xff, 0xff, 0x80, 0x0, 0x3f, 0xff, 0xf4, 0x0,
    0x0, 0xbf, 0xff, 0xff, 0xff, 0xff, 0xff, 0xff,
    0xff, 0xff, 0xff, 0xff, 0xff, 0xf8, 0x0, 0x0,
    0x1e, 0xff, 0xfb, 0x0, 0x1, 0xff, 0xff, 0xff,
    0xff, 0xff, 0xff, 0xff, 0xff, 0xff, 0xff, 0xff,
    0xff, 0x80, 0x0, 0x1, 0xef, 0xff, 0xff, 0x10,
    0x6, 0xff, 0xff, 0xff, 0xff, 0xff, 0xff, 0xff,
    0xff, 0xff, 0xff, 0xff, 0xf8, 0x0, 0x0, 0x1e,
    0xff, 0xff, 0xff, 0x60, 0xa, 0xff, 0xff, 0xff,
    0xff, 0xff, 0xff, 0xff, 0xff, 0xff, 0xff, 0xff,
    0x80, 0x0, 0x1, 0xef, 0xff, 0xff, 0xff, 0xa0,
    0xd, 0xff, 0xff, 0xff, 0xff, 0xff, 0xff, 0xff,
    0xff, 0xff, 0xff, 0xf8, 0x0, 0x0, 0x1e, 0xff,
    0xff, 0xff, 0xff, 0xd0, 0xf, 0xff, 0xff, 0xff,
    0xc5, 0xff, 0xff, 0xff, 0xff, 0xff, 0xff, 0x80,
    0x0, 0x1, 0xef, 0xff, 0xff, 0xff, 0xff, 0xf0,
    0xf, 0xff, 0xff, 0xfc, 0x10, 0x4f, 0xff, 0xff,
    0xff, 0xff, 0xf8, 0x0, 0x0, 0x1e, 0xff, 0xff,
    0xff, 0xff, 0xff, 0xf0, 0x1f, 0xff, 0xff, 0xd1,
    0x0, 0x4, 0xff, 0xff, 0xff, 0xff, 0x80, 0x0,
    0x1, 0xef, 0xff, 0xff, 0xff, 0xff, 0xff, 0xf1,
    0x1f, 0xff, 0xff, 0xf5, 0x0, 0x0, 0x4f, 0xff,
    0xff, 0xf8, 0x0, 0x0, 0x1e, 0xff, 0xff, 0xff,
    0xff, 0xff, 0xff, 0xf1, 0xf, 0xff, 0xff, 0xff,
    0x50, 0x0, 0x4, 0xff, 0xff, 0x80, 0x0, 0x1,
    0xef, 0xff, 0xff, 0xff, 0xff, 0xff, 0xff, 0xf0,
    0xe, 0xff, 0xff, 0xff, 0xf5, 0x0, 0x0, 0x4f,
    0xf8, 0x0, 0x0, 0x1e, 0xff, 0xff, 0xff, 0xff,
    0xff, 0xff, 0xff, 0xe0, 0xb, 0xff, 0xff, 0xff,
    0xff, 0x50, 0x0, 0x4, 0x80, 0x0, 0x1, 0xef,
    0xff, 0xff, 0xff, 0xff, 0xff, 0xff, 0xff, 0xb0,
    0x8, 0xff, 0xff, 0xff, 0xff, 0xf5, 0x0, 0x0,
    0x0, 0x0, 0x1e, 0xff, 0xff, 0xff, 0xff, 0xff,
    0xff, 0xff, 0xff, 0x80, 0x3, 0xff, 0xff, 0xff,
    0xff, 0xff, 0x50, 0x0, 0x0, 0x1, 0xef, 0xff,
    0xff, 0xff, 0xff, 0xff, 0xff, 0xff, 0xff, 0x30,
    0x0, 0xef, 0xff, 0xff, 0xff, 0xff, 0xf5, 0x0,
    0x0, 0x1e, 0xff, 0xff, 0xff, 0xff, 0xff, 0xff,
    0xff, 0xff, 0xfe, 0x0, 0x0, 0x8f, 0xff, 0xff,
    0xff, 0xff, 0xff, 0x50, 0x1, 0xef, 0xff, 0xff,
    0xff, 0xff, 0xff, 0xff, 0xff, 0xff, 0xf8, 0x0,
    0x0, 0x1f, 0xff, 0xff, 0xff, 0xff, 0xff, 0xf4,
    0x1e, 0xff, 0xff, 0xff, 0xff, 0xff, 0xff, 0xff,
    0xff, 0xff, 0xf1, 0x0, 0x0, 0x7, 0xff, 0xff,
    0xff, 0xff, 0xff, 0xff, 0xef, 0xff, 0xff, 0xff,
    0xff, 0xff, 0xff, 0xff, 0xff, 0xff, 0x70, 0x0,
    0x0, 0x0, 0xcf, 0xff, 0xff, 0xff, 0xff, 0xff,
    0xff, 0xff, 0xff, 0xff, 0xff, 0xff, 0xff, 0xff,
    0xff, 0xfc, 0x0, 0x0, 0x0, 0x0, 0x2f, 0xff,
    0xff, 0xff, 0xff, 0xff, 0xff, 0xff, 0xff, 0xff,
    0xff, 0xff, 0xff, 0xff, 0xff, 0xf2, 0x0, 0x0,
    0x0, 0x0, 0x4, 0xff, 0xff, 0xff, 0xff, 0xff,
    0xff, 0xff, 0xff, 0xff, 0xff, 0xff, 0xff, 0xff,
    0xff, 0x40, 0x0, 0x0, 0x0, 0x0, 0x0, 0x5f,
    0xff, 0xff, 0xff, 0xff, 0xff, 0xff, 0xff, 0xff,
    0xff, 0xff, 0xff, 0xff, 0xf5, 0x0, 0x0, 0x0,
    0x0, 0x0, 0x0, 0x4, 0xef, 0xff, 0xff, 0xff,
    0xff, 0xff, 0xff, 0xff, 0xff, 0xff, 0xff, 0xfe,
    0x40, 0x0, 0x0, 0x0, 0x0, 0x0, 0x0, 0x0,
    0x1b, 0xff, 0xff, 0xff, 0xff, 0xff, 0xff, 0xff,
    0xff, 0xff, 0xff, 0xb1, 0x0, 0x0, 0x0, 0x0,
    0x0, 0x0, 0x0, 0x0, 0x0, 0x5d, 0xff, 0xff,
    0xff, 0xff, 0xff, 0xff, 0xff, 0xff, 0xd5, 0x0,
    0x0, 0x0, 0x0, 0x0, 0x0, 0x0, 0x0, 0x0,
    0x0, 0x0, 0x5b, 0xff, 0xff, 0xff, 0xff, 0xff,
    0xff, 0xb5, 0x0, 0x0, 0x0, 0x0, 0x0, 0x0,
    0x0, 0x0, 0x0, 0x0, 0x0, 0x0, 0x0, 0x15,
    0x8b, 0xcd, 0xdc, 0xb8, 0x51, 0x0, 0x0, 0x0,
    0x0, 0x0, 0x0, 0x0,

    /* U+F06A5 "󰚥" */
    0x0, 0x0, 0x67, 0x77, 0x0, 0x0, 0x0, 0x2,
    0x77, 0x73, 0x0, 0x0, 0x0, 0x0, 0xdf, 0xfe,
    0x0, 0x0, 0x0, 0x5, 0xff, 0xf6, 0x0, 0x0,
    0x0, 0x0, 0xdf, 0xfe, 0x0, 0x0, 0x0, 0x5,
    0xff, 0xf6, 0x0, 0x0, 0x0, 0x0, 0xdf, 0xfe,
    0x0, 0x0, 0x0, 0x5, 0xff, 0xf6, 0x0, 0x0,
    0x0, 0x0, 0xdf, 0xfe, 0x0, 0x0, 0x0, 0x5,
    0xff, 0xf6, 0x0, 0x0, 0x0, 0x0, 0xdf, 0xfe,
    0x0, 0x0, 0x0, 0x5, 0xff, 0xf6, 0x0, 0x0,
    0x0, 0x0, 0xdf, 0xfe, 0x0, 0x0, 0x0, 0x5,
    0xff, 0xf6, 0x0, 0x0, 0x0, 0x0, 0xdf, 0xfe,
    0x0, 0x0, 0x0, 0x5, 0xff, 0xf6, 0x0, 0x0,
    0x0, 0x6c, 0xff, 0xff, 0xdd, 0xdd, 0xdd, 0xde,
    0xff, 0xfe, 0xa2, 0x0, 0x9, 0xff, 0xff, 0xff,
    0xff, 0xff, 0xff, 0xff, 0xff, 0xff, 0xff, 0x30,
    0x5f, 0xff, 0xff, 0xff, 0xff, 0xff, 0xff, 0xff,
    0xff, 0xff, 0xff, 0xd0, 0xaf, 0xff, 0xff, 0xff,
    0xff, 0xff, 0xff, 0xff, 0xff, 0xff, 0xff, 0xf3,
    0xbf, 0xff, 0xff, 0xff, 0xff, 0xff, 0xff, 0xff,
    0xff, 0xff, 0xff, 0xf4, 0xbf, 0xff, 0xff, 0xff,
    0xff, 0xff, 0xff, 0xff, 0xff, 0xff, 0xff, 0xf4,
    0xbf, 0xff, 0xff, 0xff, 0xff, 0xff, 0xff, 0xff,
    0xff, 0xff, 0xff, 0xf4, 0xbf, 0xff, 0xff, 0xff,
    0xff, 0xff, 0xff, 0xff, 0xff, 0xff, 0xff, 0xf4,
    0xbf, 0xff, 0xff, 0xff, 0xff, 0xff, 0xff, 0xff,
    0xff, 0xff, 0xff, 0xf4, 0xbf, 0xff, 0xff, 0xff,
    0xff, 0xff, 0xff, 0xff, 0xff, 0xff, 0xff, 0xf4,
    0xbf, 0xff, 0xff, 0xff, 0xff, 0xff, 0xff, 0xff,
    0xff, 0xff, 0xff, 0xf4, 0xbf, 0xff, 0xff, 0xff,
    0xff, 0xff, 0xff, 0xff, 0xff, 0xff, 0xff, 0xf4,
    0xbf, 0xff, 0xff, 0xff, 0xff, 0xff, 0xff, 0xff,
    0xff, 0xff, 0xff, 0xf4, 0xbf, 0xff, 0xff, 0xff,
    0xff, 0xff, 0xff, 0xff, 0xff, 0xff, 0xff, 0xf4,
    0x9f, 0xff, 0xff, 0xff, 0xff, 0xff, 0xff, 0xff,
    0xff, 0xff, 0xff, 0xf2, 0xb, 0xff, 0xff, 0xff,
    0xff, 0xff, 0xff, 0xff, 0xff, 0xff, 0xff, 0x50,
    0x0, 0xbf, 0xff, 0xff, 0xff, 0xff, 0xff, 0xff,
    0xff, 0xff, 0xf5, 0x0, 0x0, 0xb, 0xff, 0xff,
    0xff, 0xff, 0xff, 0xff, 0xff, 0xff, 0x50, 0x0,
    0x0, 0x0, 0xbf, 0xff, 0xff, 0xff, 0xff, 0xff,
    0xff, 0xf5, 0x0, 0x0, 0x0, 0x0, 0xb, 0xff,
    0xff, 0xff, 0xff, 0xff, 0xff, 0x50, 0x0, 0x0,
    0x0, 0x0, 0x0, 0xbf, 0xff, 0xff, 0xff, 0xff,
    0xf5, 0x0, 0x0, 0x0, 0x0, 0x0, 0x0, 0xf,
    0xff, 0xff, 0xff, 0xff, 0x90, 0x0, 0x0, 0x0,
    0x0, 0x0, 0x0, 0xf, 0xff, 0xff, 0xff, 0xff,
    0x80, 0x0, 0x0, 0x0, 0x0, 0x0, 0x0, 0xf,
    0xff, 0xff, 0xff, 0xff, 0x80, 0x0, 0x0, 0x0,
    0x0, 0x0, 0x0, 0xf, 0xff, 0xff, 0xff, 0xff,
    0x80, 0x0, 0x0, 0x0, 0x0, 0x0, 0x0, 0xf,
    0xff, 0xff, 0xff, 0xff, 0x80, 0x0, 0x0, 0x0,
    0x0, 0x0, 0x0, 0xf, 0xff, 0xff, 0xff, 0xff,
    0x80, 0x0, 0x0, 0x0,

    /* U+F06A6 "󰚦" */
    0x1, 0xa0, 0x0, 0x0, 0x0, 0x0, 0x0, 0x0,
    0x0, 0x0, 0x0, 0x0, 0x0, 0x0, 0x0, 0x0,
    0x0, 0x0, 0x0, 0x0, 0x1, 0xef, 0xc0, 0x0,
    0x0, 0x0, 0x0, 0x0, 0x0, 0x0, 0x0, 0x0,
    0x0, 0x0, 0x0, 0x0, 0x0, 0x0, 0x0, 0x0,
    0x0, 0xcf, 0xff, 0xc0, 0x0, 0x0, 0x0, 0x6,
    0x77, 0x70, 0x0, 0x0, 0x0, 0x27, 0x77, 0x30,
    0x0, 0x0, 0x0, 0x0, 0x0, 0x2, 0xef, 0xff,
    0xc0, 0x0, 0x0, 0x0, 0xcf, 0xff, 0x0, 0x0,
    0x0, 0x4, 0xff, 0xf7, 0x0, 0x0, 0x0, 0x0,
    0x0, 0x0, 0x2, 0xef, 0xff, 0xc0, 0x0, 0x0,
    0xc, 0xff, 0xf0, 0x0, 0x0, 0x0, 0x4f, 0xff,
    0x70, 0x0, 0x0, 0x0, 0x0, 0x0, 0x0, 0x2,
    0xef, 0xff, 0xc0, 0x0, 0x0, 0xcf, 0xff, 0x0,
    0x0, 0x0, 0x4, 0xff, 0xf7, 0x0, 0x0, 0x0,
    0x0, 0x0, 0x0, 0x0, 0x2, 0xef, 0xff, 0xc0,
    0x0, 0x4, 0xff, 0xf0, 0x0, 0x0, 0x0, 0x4f,
    0xff, 0x70, 0x0, 0x0, 0x0, 0x0, 0x0, 0x0,
    0x0, 0x2, 0xef, 0xff, 0xc0, 0x0, 0x4, 0xff,
    0x0, 0x0, 0x0, 0x4, 0xff, 0xf7, 0x0, 0x0,
    0x0, 0x0, 0x0, 0x0, 0x0, 0x0, 0x2, 0xef,
    0xff, 0xc0, 0x0, 0x4, 0xf0, 0x0, 0x0, 0x0,
    0x4f, 0xff, 0x70, 0x0, 0x0, 0x0, 0x0, 0x0,
    0x0, 0x0, 0x0, 0x2, 0xef, 0xff, 0xc0, 0x0,
    0x4, 0x0, 0x0, 0x0, 0x4, 0xff, 0xf7, 0x0,
    0x0, 0x0, 0x0, 0x0, 0x0, 0x0, 0x0, 0x0,
    0x2, 0xef, 0xff, 0xc0, 0x0, 0x2, 0xdd, 0xdd,
    0xdd, 0xef, 0xff, 0xea, 0x20, 0x0, 0x0, 0x0,
    0x0, 0x0, 0x0, 0x0, 0x0, 0x2, 0xef, 0xff,
    0xc0, 0x0, 0x4, 0xff, 0xff, 0xff, 0xff, 0xff,
    0xff, 0x40, 0x0, 0x0, 0x0, 0x0, 0x0, 0x0,
    0x0, 0x0, 0x5, 0xff, 0xff, 0xc0, 0x0, 0x4,
    0xff, 0xff, 0xff, 0xff, 0xff, 0xfe, 0x0, 0x0,
    0x0, 0x0, 0x0, 0x0, 0x0, 0x0, 0x0, 0x9f,
    0xff, 0xff, 0xc0, 0x0, 0x4, 0xff, 0xff, 0xff,
    0xff, 0xff, 0xf4, 0x0, 0x0, 0x0, 0x0, 0x0,
    0x0, 0x0, 0x0, 0xa, 0xff, 0xff, 0xff, 0xc0,
    0x0, 0x4, 0xff, 0xff, 0xff, 0xff, 0xff, 0x50,
    0x0, 0x0, 0x0, 0x0, 0x0, 0x0, 0x0, 0x0,
    0xaf, 0xff, 0xff, 0xff, 0xc0, 0x0, 0x4, 0xff,
    0xff, 0xff, 0xff, 0xf5, 0x0, 0x0, 0x0, 0x0,
    0x0, 0x0, 0x0, 0x0, 0xa, 0xff, 0xff, 0xff,
    0xff, 0xc0, 0x0, 0x4, 0xff, 0xff, 0xff, 0xff,
    0x50, 0x0, 0x0, 0x0, 0x0, 0x0, 0x0, 0x0,
    0x0, 0xaf, 0xff, 0xff, 0xff, 0xff, 0xc0, 0x0,
    0x4, 0xff, 0xff, 0xff, 0xf5, 0x0, 0x0, 0x0,
    0x0, 0x0, 0x0, 0x0, 0x0, 0xa, 0xff, 0xff,
    0xff, 0xff, 0xff, 0xc0, 0x0, 0x4, 0xff, 0xff,
    0xff, 0x50, 0x0, 0x0, 0x0, 0x0, 0x0, 0x0,
    0x0, 0x0, 0xaf, 0xff, 0xff, 0xff, 0xff, 0xff,
    0xc0, 0x0, 0x4, 0xff, 0xff, 0xf5, 0x0, 0x0,
    0x0, 0x0, 0x0, 0x0, 0x0, 0x0, 0xa, 0xff,
    0xff, 0xff, 0xff, 0xff, 0xff, 0xc0, 0x0, 0x4,
    0xff, 0xff, 0x50, 0x0, 0x0, 0x0, 0x0, 0x0,
    0x0, 0x0, 0x0, 0xaf, 0xff, 0xff, 0xff, 0xff,
    0xff, 0xff, 0xc0, 0x0, 0x4, 0xff, 0xf5, 0x0,
    0x0, 0x0, 0x0, 0x0, 0x0, 0x0, 0x0, 0xa,
    0xff, 0xff, 0xff, 0xff, 0xff, 0xff, 0xff, 0xc0,
    0x0, 0x4, 0xff, 0x50, 0x0, 0x0, 0x0, 0x0,
    0x0, 0x0, 0x0, 0x0, 0xaf, 0xff, 0xff, 0xff,
    0xff, 0xff, 0xff, 0xff, 0xc0, 0x0, 0x4, 0xf5,
    0x0, 0x0, 0x0, 0x0, 0x0, 0x0, 0x0, 0x0,
    0x8, 0xff, 0xff, 0xff, 0xff, 0xff, 0xff, 0xff,
    0xff, 0xc0, 0x0, 0x5, 0x30, 0x0, 0x0, 0x0,
    0x0, 0x0, 0x0, 0x0, 0x0, 0xa, 0xff, 0xff,
    0xff, 0xff, 0xff, 0xff, 0xff, 0xff, 0xc0, 0x0,
    0x0, 0x0, 0x0, 0x0, 0x0, 0x0, 0x0, 0x0,
    0x0, 0x0, 0xa, 0xff, 0xff, 0xff, 0xff, 0xff,
    0xff, 0xff, 0xff, 0xc0, 0x0, 0x0, 0x0, 0x0,
    0x0, 0x0, 0x0, 0x0, 0x0, 0x0, 0x0, 0xa,
    0xff, 0xff, 0xff, 0xff, 0xff, 0xff, 0xff, 0xff,
    0xc0, 0x0, 0x0, 0x0, 0x0, 0x0, 0x0, 0x0,
    0x0, 0x0, 0x0, 0x0, 0xa, 0xff, 0xff, 0xff,
    0xff, 0xff, 0xff, 0xff, 0xff, 0xc0, 0x0, 0x0,
    0x0, 0x0, 0x0, 0x0, 0x0, 0x0, 0x0, 0x0,
    0x0, 0xa, 0xff, 0xff, 0xff, 0xff, 0xff, 0xff,
    0xef, 0xff, 0xc0, 0x0, 0x0, 0x0, 0x0, 0x0,
    0x0, 0x0, 0x0, 0x0, 0x0, 0x0, 0xa, 0xff,
    0xff, 0xff, 0xff, 0xff, 0x61, 0xdf, 0xff, 0xc0,
    0x0, 0x0, 0x0, 0x0, 0x0, 0x0, 0x0, 0x0,
    0x0, 0x0, 0x0, 0xf, 0xff, 0xff, 0xff, 0xff,
    0xa0, 0x1, 0xdf, 0xff, 0xc0, 0x0, 0x0, 0x0,
    0x0, 0x0, 0x0, 0x0, 0x0, 0x0, 0x0, 0x0,
    0xef, 0xff, 0xff, 0xff, 0xf9, 0x0, 0x1, 0xdf,
    0xff, 0xc0, 0x0, 0x0, 0x0, 0x0, 0x0, 0x0,
    0x0, 0x0, 0x0, 0x0, 0xe, 0xff, 0xff, 0xff,
    0xff, 0x90, 0x0, 0x1, 0xdf, 0xff, 0xc0, 0x0,
    0x0, 0x0, 0x0, 0x0, 0x0, 0x0, 0x0, 0x0,
    0x0, 0xef, 0xff, 0xff, 0xff, 0xf9, 0x0, 0x0,
    0x1, 0xdf, 0xff, 0xc0, 0x0, 0x0, 0x0, 0x0,
    0x0, 0x0, 0x0, 0x0, 0x0, 0xe, 0xff, 0xff,
    0xff, 0xff, 0x90, 0x0, 0x0, 0x1, 0xdf, 0xff,
    0xc0, 0x0, 0x0, 0x0, 0x0, 0x0, 0x0, 0x0,
    0x0, 0x0, 0xef, 0xff, 0xff, 0xff, 0xf9, 0x0,
    0x0, 0x0, 0x1, 0xdf, 0xff, 0xc0, 0x0, 0x0,
    0x0, 0x0, 0x0, 0x0, 0x0, 0x0, 0x0, 0x0,
    0x0, 0x0, 0x0, 0x0, 0x0, 0x0, 0x0, 0x1,
    0xdf, 0xff, 0xc0, 0x0, 0x0, 0x0, 0x0, 0x0,
    0x0, 0x0, 0x0, 0x0, 0x0, 0x0, 0x0, 0x0,
    0x0, 0x0, 0x0, 0x0, 0x2, 0xef, 0xfa, 0x0,
    0x0, 0x0, 0x0, 0x0, 0x0, 0x0, 0x0, 0x0,
    0x0, 0x0, 0x0, 0x0, 0x0, 0x0, 0x0, 0x0,
    0x0, 0x2, 0xea, 0x0, 0x0, 0x0, 0x0, 0x0,
    0x0, 0x0, 0x0, 0x0, 0x0, 0x0, 0x0, 0x0,
    0x0, 0x0, 0x0, 0x0, 0x0, 0x0, 0x1, 0x0,
    0x0,

    /* U+F06B5 "󰚵" */
    0x0, 0x0, 0x0, 0x0, 0x22, 0x22, 0x22, 0x22,
    0x22, 0x22, 0x22, 0x21, 0x0, 0x0, 0x0, 0x0,
    0x0, 0x0, 0x0, 0x1, 0xff, 0xff, 0xff, 0xff,
    0xff, 0xff, 0xff, 0xfa, 0x0, 0x0, 0x0, 0x0,
    0x0, 0x0, 0x0, 0x6, 0xff, 0xff, 0xff, 0xff,
    0xff, 0xff, 0xff, 0xff, 0x0, 0x0, 0x0, 0x0,
    0x0, 0x0, 0x0, 0xc, 0xff, 0xff, 0xff, 0xff,
    0xff, 0xff, 0xff, 0xff, 0x50, 0x0, 0x0, 0x0,
    0x0, 0x0, 0x0, 0x1f, 0xff, 0xff, 0xff, 0xff,
    0xff, 0xff, 0xff, 0xff, 0xa0, 0x0, 0x0, 0x0,
    0x0, 0x0, 0x0, 0x6f, 0xff, 0xff, 0xff, 0xff,
    0xff, 0xff, 0xff, 0xff, 0xf0, 0x0, 0x0, 0x0,
    0x0, 0x0, 0x0, 0xcf, 0xff, 0xff, 0xff, 0xff,
    0xff, 0xff, 0xff, 0xff, 0xf5, 0x0, 0x0, 0x0,
    0x0, 0x0, 0x1, 0xff, 0xff, 0xff, 0xff, 0xff,
    0xff, 0xff, 0xff, 0xff, 0xfa, 0x0, 0x0, 0x0,
    0x0, 0x0, 0x7, 0xff, 0xff, 0xff, 0xff, 0xff,
    0xff, 0xff, 0xff, 0xff, 0xff, 0x0, 0x0, 0x0,
    0x0, 0x0, 0xc, 0xff, 0xff, 0xff, 0xff, 0xff,
    0xff, 0xff, 0xff, 0xff, 0xff, 0x50, 0x0, 0x0,
    0x0, 0x0, 0x1f, 0xff, 0xff, 0xff, 0xff, 0xff,
    0xff, 0xff, 0xff, 0xff, 0xff, 0xa0, 0x0, 0x0,
    0x0, 0x0, 0x7f, 0xff, 0xff, 0xff, 0xff, 0xff,
    0xff, 0xff, 0xff, 0xff, 0xff, 0xf0, 0x0, 0x0,
    0x0, 0x0, 0xcf, 0xff, 0xff, 0xff, 0xff, 0xff,
    0xff, 0xff, 0xff, 0xff, 0xff, 0xf5, 0x0, 0x0,
    0x0, 0x1, 0xff, 0xff, 0xff, 0xff, 0xff, 0xff,
    0xff, 0xff, 0xff, 0xff, 0xff, 0xfa, 0x0, 0x0,
    0x0, 0x7, 0xff, 0xff, 0xff, 0xff, 0xff, 0xff,
    0xff, 0xff, 0xff, 0xff, 0xff, 0xff, 0x0, 0x0,
    0x0, 0xc, 0xff, 0xff, 0xff, 0xff, 0xff, 0xff,
    0xff, 0xff, 0xff, 0xff, 0xff, 0xff, 0x50, 0x0,
    0x0, 0x1f, 0xff, 0xff, 0xff, 0xff, 0xff, 0xff,
    0xff, 0xff, 0xff, 0xff, 0xff, 0xff, 0xa0, 0x0,
    0x0, 0x7f, 0xff, 0xff, 0xff, 0xff, 0xff, 0xff,
    0xff, 0xff, 0xff, 0xff, 0xff, 0xff, 0xf0, 0x0,
    0x0, 0xcf, 0xff, 0xff, 0xff, 0xff, 0xff, 0xff,
    0xff, 0xff, 0xff, 0xff, 0xff, 0xff, 0xf5, 0x0,
    0x2, 0xff, 0xff, 0xff, 0xff, 0xff, 0xff, 0xff,
    0xff, 0xff, 0xff, 0xff, 0xff, 0xff, 0xfb, 0x0,
    0x7, 0xff, 0xff, 0xff, 0xff, 0xff, 0xff, 0xff,
    0xff, 0xff, 0xff, 0xff, 0xff, 0xff, 0xff, 0x0,
    0xc, 0xff, 0xff, 0xff, 0xff, 0xff, 0xff, 0xff,
    0xff, 0xff, 0xff, 0xff, 0xff, 0xff, 0xff, 0x50,
    0x2f, 0xff, 0xff, 0xff, 0xff, 0xff, 0xff, 0xff,
    0xff, 0xff, 0xff, 0xff, 0xff, 0xff, 0xff, 0xb0,
    0x5d, 0xdd, 0xdd, 0xdd, 0xdd, 0xdd, 0xdd, 0xdd,
    0xdd, 0xdd, 0xdd, 0xdd, 0xdd, 0xdd, 0xdd, 0xc0,
    0x0, 0x0, 0x0, 0x0, 0x0, 0x0, 0x0, 0x0,
    0x0, 0x0, 0x0, 0x0, 0x0, 0x0, 0x0, 0x0,
    0x0, 0x0, 0x0, 0x0, 0x0, 0x0, 0x0, 0x77,
    0x74, 0x0, 0x0, 0x0, 0x0, 0x0, 0x0, 0x0,
    0x0, 0x0, 0x0, 0x0, 0x0, 0x0, 0x1, 0xff,
    0xfa, 0x0, 0x0, 0x0, 0x0, 0x0, 0x0, 0x0,
    0x0, 0x0, 0x0, 0x0, 0x0, 0x0, 0x1, 0xff,
    0xfa, 0x0, 0x0, 0x0, 0x0, 0x0, 0x0, 0x0,
    0x0, 0x0, 0x0, 0x0, 0x0, 0x0, 0x1, 0xff,
    0xfa, 0x0, 0x0, 0x0, 0x0, 0x0, 0x0, 0x0,
    0x0, 0x0, 0x0, 0x0, 0x0, 0x0, 0x1, 0xff,
    0xfa, 0x0, 0x0, 0x0, 0x0, 0x0, 0x0, 0x0,
    0x0, 0x0, 0x0, 0x0, 0x0, 0x0, 0x1, 0xff,
    0xfa, 0x0, 0x0, 0x0, 0x0, 0x0, 0x0, 0x0,
    0x0, 0x0, 0x0, 0x0, 0x0, 0x0, 0x1, 0xff,
    0xfa, 0x0, 0x0, 0x0, 0x0, 0x0, 0x0, 0x0,
    0x0, 0x0, 0x0, 0x0, 0x0, 0x0, 0x1, 0xff,
    0xfa, 0x0, 0x0, 0x0, 0x0, 0x0, 0x0, 0x0,
    0x0, 0x0, 0x0, 0x0, 0x0, 0x0, 0x1, 0xff,
    0xfa, 0x0, 0x0, 0x0, 0x0, 0x0, 0x0, 0x0,
    0x0, 0x0, 0x0, 0x0, 0x0, 0x0, 0x1, 0xff,
    0xfa, 0x0, 0x0, 0x0, 0x0, 0x0, 0x0, 0x0,
    0x0, 0x0, 0x9d, 0xdd, 0xdd, 0xdd, 0xdd, 0xff,
    0xff, 0xdd, 0xdd, 0xdd, 0xdd, 0xd3, 0x0, 0x0,
    0x0, 0x0, 0xbf, 0xff, 0xff, 0xff, 0xff, 0xff,
    0xff, 0xff, 0xff, 0xff, 0xff, 0xf4, 0x0, 0x0,
    0x0, 0x0, 0xbf, 0xff, 0xff, 0xff, 0xff, 0xff,
    0xff, 0xff, 0xff, 0xff, 0xff, 0xf4, 0x0, 0x0,
    0x0, 0x0, 0xaf, 0xff, 0xff, 0xff, 0xff, 0xff,
    0xff, 0xff, 0xff, 0xff, 0xff, 0xf4, 0x0, 0x0,

    /* U+F0717 "󰜗" */
    0x0, 0x0, 0x0, 0x0, 0x0, 0x0, 0x0, 0x2,
    0x0, 0x0, 0x20, 0x0, 0x0, 0x0, 0x0, 0x0,
    0x0, 0x0, 0x0, 0x0, 0x0, 0x0, 0x0, 0x0,
    0x0, 0x8f, 0x40, 0x8, 0xf4, 0x0, 0x0, 0x0,
    0x0, 0x0, 0x0, 0x0, 0x0, 0x0, 0x0, 0x0,
    0x0, 0x0, 0x8, 0xff, 0xf5, 0x9f, 0xff, 0x40,
    0x0, 0x0, 0x0, 0x0, 0x0, 0x0, 0x0, 0x0,
    0x0, 0x0, 0x0, 0x0, 0x2f, 0xff, 0xff, 0xff,
    0xff, 0xc0, 0x0, 0x0, 0x0, 0x0, 0x0, 0x0,
    0x0, 0x0, 0x0, 0x0, 0x0, 0x0, 0x3, 0xff,
    0xff, 0xff, 0xfc, 0x0, 0x0, 0x0, 0x0, 0x0,
    0x0, 0x0, 0x0, 0x0, 0x0, 0x0, 0x0, 0x0,
    0x0, 0x3e, 0xff, 0xff, 0xc0, 0x0, 0x0, 0x0,
    0x0, 0x0, 0x0, 0x0, 0x0, 0x0, 0x0, 0x0,
    0x0, 0x0, 0x0, 0x3, 0xff, 0xfd, 0x0, 0x0,
    0x0, 0x0, 0x0, 0x0, 0x0, 0x0, 0x0, 0x4,
    0x8d, 0x40, 0x0, 0x0, 0x0, 0x0, 0xff, 0xfb,
    0x0, 0x0, 0x0, 0x0, 0xa, 0xb7, 0x30, 0x0,
    0x0, 0x6f, 0xff, 0x80, 0x0, 0x0, 0x0, 0x0,
    0xff, 0xfb, 0x0, 0x0, 0x0, 0x0, 0xf, 0xff,
    0xf1, 0x0, 0x0, 0x1f, 0xff, 0xd0, 0x0, 0x0,
    0x0, 0x0, 0xff, 0xfb, 0x0, 0x0, 0x0, 0x0,
    0x3f, 0xff, 0xc0, 0x0, 0x0, 0xd, 0xff, 0xf1,
    0x0, 0x0, 0x0, 0x1, 0xff, 0xfc, 0x0, 0x0,
    0x0, 0x0, 0x7f, 0xff, 0x80, 0x0, 0x1, 0x5d,
    0xff, 0xf8, 0x0, 0x0, 0x0, 0x4d, 0xff, 0xff,
    0xb2, 0x0, 0x0, 0x1, 0xdf, 0xff, 0xa4, 0x0,
    0xbf, 0xff, 0xff, 0xff, 0xd4, 0x0, 0x2b, 0xff,
    0xff, 0xff, 0xff, 0x80, 0x0, 0x8f, 0xff, 0xff,
    0xff, 0xf7, 0x9f, 0xff, 0xff, 0xff, 0xff, 0xb9,
    0xff, 0xff, 0xff, 0xff, 0xff, 0xfe, 0x8e, 0xff,
    0xff, 0xff, 0xff, 0xf6, 0x5f, 0xff, 0xfe, 0xff,
    0xff, 0xff, 0xff, 0xff, 0xe6, 0x8f, 0xff, 0xff,
    0xff, 0xff, 0xff, 0xef, 0xff, 0xf1, 0x1d, 0x95,
    0x10, 0x6e, 0xff, 0xff, 0xff, 0xf8, 0x0, 0x2,
    0xbf, 0xff, 0xff, 0xff, 0xc3, 0x2, 0x6a, 0xc0,
    0x0, 0x0, 0x0, 0x0, 0x8f, 0xff, 0xfb, 0x20,
    0x0, 0x0, 0x5, 0xef, 0xff, 0xd5, 0x0, 0x0,
    0x0, 0x0, 0x0, 0x0, 0x0, 0x0, 0xa, 0xff,
    0xf1, 0x0, 0x0, 0x0, 0x0, 0x6f, 0xff, 0x50,
    0x0, 0x0, 0x0, 0x0, 0x0, 0x0, 0x0, 0x0,
    0xa, 0xff, 0xf1, 0x0, 0x0, 0x0, 0x0, 0x6f,
    0xff, 0x50, 0x0, 0x0, 0x0, 0x0, 0x0, 0x0,
    0x0, 0x0, 0xa, 0xff, 0xf1, 0x0, 0x0, 0x0,
    0x0, 0x6f, 0xff, 0x50, 0x0, 0x0, 0x0, 0x0,
    0x0, 0x0, 0x0, 0x0, 0xa, 0xff, 0xf1, 0x0,
    0x0, 0x0, 0x0, 0x6f, 0xff, 0x50, 0x0, 0x0,
    0x0, 0x0, 0x0, 0x0, 0x0, 0x0, 0xa, 0xff,
    0xf1, 0x0, 0x0, 0x0, 0x0, 0x6f, 0xff, 0x50,
    0x0, 0x0, 0x0, 0x0, 0x0, 0x0, 0x0, 0x0,
    0x1c, 0xff, 0xf4, 0x0, 0x0, 0x0, 0x0, 0x9f,
    0xff, 0x80, 0x0, 0x0, 0x0, 0x0, 0x5, 0x10,
    0x0, 0x7, 0xef, 0xff, 0xff, 0xa1, 0x0, 0x0,
    0x3d, 0xff, 0xff, 0xfd, 0x40, 0x0, 0x2, 0x40,
    0x3f, 0xfd, 0x86, 0xdf, 0xff, 0xff, 0xff, 0xff,
    0x70, 0x1a, 0xff, 0xff, 0xff, 0xff, 0xfb, 0x6a,
    0xef, 0xf0, 0x7f, 0xff, 0xff, 0xff, 0xff, 0xff,
    0xff, 0xff, 0xfd, 0xff, 0xff, 0xff, 0xff, 0xff,
    0xff, 0xff, 0xff, 0xf3, 0xcf, 0xff, 0xff, 0xff,
    0xfd, 0x41, 0x9f, 0xff, 0xff, 0xff, 0xff, 0xf7,
    0x6, 0xef, 0xff, 0xff, 0xff, 0xf7, 0x49, 0xdf,
    0xff, 0xfe, 0x60, 0x0, 0x3, 0xcf, 0xff, 0xff,
    0xf9, 0x10, 0x0, 0x8, 0xff, 0xff, 0xfc, 0x82,
    0x0, 0xc, 0xff, 0xf4, 0x0, 0x0, 0x0, 0x6,
    0xff, 0xfe, 0x30, 0x0, 0x0, 0x0, 0x8f, 0xff,
    0x60, 0x0, 0x0, 0xf, 0xff, 0xf0, 0x0, 0x0,
    0x0, 0x0, 0xff, 0xfb, 0x0, 0x0, 0x0, 0x0,
    0x3f, 0xff, 0xa0, 0x0, 0x0, 0x4f, 0xff, 0xc0,
    0x0, 0x0, 0x0, 0x0, 0xff, 0xfb, 0x0, 0x0,
    0x0, 0x0, 0xe, 0xff, 0xe0, 0x0, 0x0, 0x4c,
    0xff, 0x80, 0x0, 0x0, 0x0, 0x0, 0xff, 0xfb,
    0x0, 0x0, 0x0, 0x0, 0xa, 0xfe, 0xb1, 0x0,
    0x0, 0x0, 0x4, 0x20, 0x0, 0x0, 0x0, 0x0,
    0xff, 0xfb, 0x0, 0x0, 0x0, 0x0, 0x2, 0x30,
    0x0, 0x0, 0x0, 0x0, 0x0, 0x0, 0x0, 0x0,
    0x0, 0x9, 0xff, 0xff, 0x50, 0x0, 0x0, 0x0,
    0x0, 0x0, 0x0, 0x0, 0x0, 0x0, 0x0, 0x0,
    0x0, 0x0, 0x0, 0xaf, 0xff, 0xff, 0xf5, 0x0,
    0x0, 0x0, 0x0, 0x0, 0x0, 0x0, 0x0, 0x0,
    0x0, 0x0, 0x0, 0x0, 0xa, 0xff, 0xff, 0xff,
    0xff, 0x50, 0x0, 0x0, 0x0, 0x0, 0x0, 0x0,
    0x0, 0x0, 0x0, 0x0, 0x0, 0x0, 0x1e, 0xff,
    0xfc, 0xef, 0xff, 0xb0, 0x0, 0x0, 0x0, 0x0,
    0x0, 0x0, 0x0, 0x0, 0x0, 0x0, 0x0, 0x0,
    0x2, 0xef, 0xb0, 0x2e, 0xfb, 0x0, 0x0, 0x0,
    0x0, 0x0, 0x0, 0x0, 0x0, 0x0, 0x0, 0x0,
    0x0, 0x0, 0x0, 0x29, 0x0, 0x2, 0x90, 0x0,
    0x0, 0x0, 0x0, 0x0, 0x0, 0x0,

    /* U+F0769 "󰝩" */
    0x0, 0x0, 0x0, 0x0, 0x0, 0x0, 0x0, 0x89,
    0x98, 0x0, 0x0, 0x0, 0x0, 0x0, 0x0, 0x0,
    0x0, 0x0, 0x0, 0x0, 0x0, 0x0, 0x0, 0xef,
    0xfe, 0x0, 0x0, 0x0, 0x0, 0x0, 0x0, 0x0,
    0x0, 0x0, 0x0, 0x0, 0x0, 0x0, 0x0, 0xef,
    0xfe, 0x0, 0x0, 0x0, 0x0, 0x0, 0x0, 0x0,
    0x0, 0x0, 0x0, 0x0, 0x0, 0x0, 0x0, 0xef,
    0xfe, 0x0, 0x0, 0x0, 0x0, 0x0, 0x0, 0x0,
    0x0, 0x0, 0x0, 0x0, 0x0, 0x0, 0x0, 0xef,
    0xfe, 0x0, 0x0, 0x0, 0x0, 0x0, 0x0, 0x0,
    0x0, 0x0, 0x0, 0x0, 0x0, 0x0, 0x0, 0xef,
    0xfe, 0x0, 0x0, 0x0, 0x0, 0x0, 0x0, 0x0,
    0x0, 0x0, 0x0, 0x0, 0x0, 0x0, 0x0, 0xef,
    0xfe, 0x0, 0x0, 0x0, 0x0, 0x0, 0x0, 0x0,
    0x0, 0x0, 0x0, 0x0, 0x0, 0x0, 0x0, 0xef,
    0xfe, 0x0, 0x0, 0x0, 0x0, 0x0, 0x0, 0x0,
    0x0, 0x0, 0x0, 0x0, 0x0, 0x0, 0x0, 0xef,
    0xfe, 0x0, 0x0, 0x0, 0x0, 0x0, 0x0, 0x0,
    0x0, 0x0, 0x0, 0x0, 0x0, 0x0, 0x0, 0xef,
    0xfe, 0x0, 0x0, 0x0, 0x0, 0x0, 0x0, 0x0,
    0x0, 0x0, 0x0, 0x0, 0xdf, 0xff, 0xff, 0xff,
    0xff, 0xff, 0xff, 0xfd, 0x0, 0x0, 0x0, 0x0,
    0x0, 0x0, 0x0, 0x6, 0xff, 0xff, 0xff, 0xff,
    0xff, 0xff, 0xff, 0xff, 0x60, 0x0, 0x0, 0x0,
    0x0, 0x0, 0x0, 0xe, 0xff, 0xff, 0xff, 0xff,
    0xff, 0xff, 0xff, 0xff, 0xd0, 0x0, 0x0, 0x0,
    0x0, 0x0, 0x0, 0x6f, 0xff, 0xff, 0xff, 0xff,
    0xff, 0xff, 0xff, 0xff, 0xf6, 0x0, 0x0, 0x0,
    0x0, 0x0, 0x0, 0xef, 0xff, 0xff, 0xff, 0xff,
    0xff, 0xff, 0xff, 0xff, 0xfe, 0x0, 0x0, 0x0,
    0x0, 0x0, 0x6, 0xff, 0xff, 0xff, 0xff, 0xff,
    0xff, 0xff, 0xff, 0xff, 0xff, 0x60, 0x0, 0x0,
    0x0, 0x0, 0xe, 0xff, 0xff, 0xff, 0xff, 0xff,
    0xff, 0xff, 0xff, 0xff, 0xff, 0xe0, 0x0, 0x0,
    0x0, 0x0, 0x6f, 0xff, 0xff, 0xff, 0xff, 0xff,
    0xff, 0xff, 0xff, 0xff, 0xff, 0xf6, 0x0, 0x0,
    0x0, 0x0, 0xef, 0xff, 0xff, 0xff, 0xff, 0xff,
    0xff, 0xff, 0xff, 0xff, 0xff, 0xfe, 0x0, 0x0,
    0x0, 0x6, 0xff, 0xff, 0xff, 0xff, 0xff, 0xff,
    0xff, 0xff, 0xff, 0xff, 0xff, 0xff, 0x60, 0x0,
    0x0, 0xe, 0xff, 0xff, 0xff, 0xff, 0xff, 0xff,
    0xff, 0xff, 0xff, 0xff, 0xff, 0xff, 0xe0, 0x0,
    0x0, 0x6f, 0xff, 0xff, 0xff, 0xff, 0xff, 0xff,
    0xff, 0xff, 0xff, 0xff, 0xff, 0xff, 0xf6, 0x0,
    0x0, 0xef, 0xff, 0xff, 0xff, 0xff, 0xff, 0xff,
    0xff, 0xff, 0xff, 0xff, 0xff, 0xff, 0xfe, 0x0,
    0x6, 0xff, 0xff, 0xff, 0xff, 0xff, 0xff, 0xff,
    0xff, 0xff, 0xff, 0xff, 0xff, 0xff, 0xff, 0x60,
    0xe, 0xff, 0xff, 0xff, 0xff, 0xff, 0xff, 0xff,
    0xff, 0xff, 0xff, 0xff, 0xff, 0xff, 0xff, 0xe0,
    0x15, 0x55, 0x55, 0x55, 0x55, 0x55, 0x55, 0x55,
    0x55, 0x55, 0x55, 0x55, 0x55, 0x55, 0x55, 0x51,
    0x0, 0x0, 0x0, 0x0, 0x0, 0x0, 0x0, 0x0,
    0x0, 0x0, 0x0, 0x0, 0x0, 0x0, 0x0, 0x0,
    0x0, 0x0, 0x0, 0x0, 0x0, 0x0, 0xad, 0xdd,
    0xdd, 0xda, 0x0, 0x0, 0x0, 0x0, 0x0, 0x0,
    0x0, 0x0, 0x0, 0x0, 0x0, 0x0, 0x9f, 0xff,
    0xff, 0xf9, 0x0, 0x0, 0x0, 0x0, 0x0, 0x0,
    0x0, 0x0, 0x0, 0x0, 0x0, 0x0, 0x2e, 0xff,
    0xff, 0xe2, 0x0, 0x0, 0x0, 0x0, 0x0, 0x0,
    0x0, 0x0, 0x0, 0x0, 0x0, 0x0, 0x2, 0xbf,
    0xfb, 0x20, 0x0, 0x0, 0x0, 0x0, 0x0, 0x0,
    0x0, 0x0, 0x0, 0x0, 0x0, 0x0, 0x0, 0x0,
    0x0, 0x0, 0x0, 0x0, 0x0, 0x0, 0x0, 0x0,

    /* U+F07D1 "󰟑" */
    0x0, 0x0, 0x0, 0x0, 0x0, 0x0, 0x0, 0x0,
    0x0, 0x23, 0x0, 0x0, 0x0, 0x0, 0x0, 0x0,
    0x0, 0x0, 0x0, 0x0, 0x0, 0x0, 0x0, 0x0,
    0x0, 0x0, 0x0, 0x0, 0x3e, 0xf4, 0x0, 0x0,
    0x0, 0x0, 0x0, 0x0, 0x0, 0x0, 0x0, 0x0,
    0x0, 0x0, 0x0, 0x0, 0x0, 0x0, 0x0, 0x4f,
    0xff, 0xf5, 0x0, 0x0, 0x0, 0x0, 0x0, 0x0,
    0x0, 0x0, 0x0, 0x0, 0x0, 0x0, 0x0, 0x0,
    0x0, 0x0, 0x6f, 0xff, 0xff, 0xf7, 0x0, 0x0,
    0x0, 0x0, 0x0, 0x0, 0x0, 0x0, 0x0, 0x0,
    0x0, 0x0, 0x0, 0x0, 0x0, 0x7f, 0xff, 0xff,
    0xff, 0xf8, 0x0, 0x0, 0x0, 0x0, 0x0, 0x0,
    0x0, 0x0, 0x0, 0x0, 0x0, 0x0, 0x0, 0x0,
    0x9f, 0xff, 0xff, 0xff, 0xff, 0xfa, 0x0, 0x0,
    0x0, 0x0, 0x0, 0x0, 0x0, 0x0, 0x0, 0x0,
    0x0, 0x0, 0x0, 0xaf, 0xff, 0xff, 0xff, 0xff,
    0xff, 0xfb, 0x0, 0x0, 0x0, 0x0, 0x0, 0x0,
    0x0, 0x0, 0x0, 0x0, 0x0, 0x0, 0xbf, 0xff,
    0xff, 0xff, 0xff, 0xff, 0xff, 0xfc, 0x10, 0x0,
    0x0, 0x0, 0x0, 0x0, 0x0, 0x0, 0x0, 0x0,
    0x1, 0xcf, 0xff, 0xff, 0xff, 0xff, 0xff, 0xff,
    0xff, 0xfd, 0x20, 0x0, 0x0, 0x0, 0x0, 0x0,
    0x0, 0x0, 0x0, 0x2, 0xdf, 0xff, 0xff, 0xff,
    0xff, 0xff, 0xff, 0xff, 0xff, 0xfe, 0x20, 0x0,
    0x0, 0x0, 0x0, 0x0, 0x0, 0x0, 0x2, 0xef,
    0xff, 0xff, 0xff, 0xff, 0xee, 0xff, 0xff, 0xff,
    0xff, 0xff, 0x30, 0x0, 0x0, 0x0, 0x0, 0x0,
    0x0, 0x4, 0xff, 0xff, 0xff, 0xe9, 0x51, 0x0,
    0x0, 0x14, 0x8e, 0xff, 0xff, 0xff, 0x50, 0x0,
    0x0, 0x0, 0x0, 0x0, 0x5, 0xff, 0xff, 0xfd,
    0x50, 0x0, 0x0, 0x0, 0x0, 0x0, 0x4, 0xdf,
    0xff, 0xff, 0x60, 0x0, 0x0, 0x0, 0x0, 0x6,
    0xff, 0xff, 0xf6, 0x0, 0x0, 0x0, 0x0, 0x0,
    0x0, 0x0, 0x0, 0x5e, 0xff, 0xff, 0x70, 0x0,
    0x0, 0x0, 0x7, 0xff, 0xff, 0xd2, 0x0, 0x0,
    0x5, 0x9b, 0xcd, 0xb9, 0x50, 0x0, 0x0, 0x1c,
    0xff, 0xff, 0x90, 0x0, 0x0, 0x9, 0xff, 0xff,
    0xe0, 0x0, 0x1, 0x9f, 0xff, 0xff, 0xff, 0xff,
    0xf9, 0x10, 0x0, 0xd, 0xff, 0xff, 0xa0, 0x0,
    0xa, 0xff, 0xff, 0xff, 0x80, 0x5, 0xff, 0xff,
    0xff, 0xff, 0xff, 0xff, 0xff, 0x70, 0x7, 0xff,
    0xff, 0xff, 0xb0, 0x6, 0xaa, 0xaa, 0xbf, 0xff,
    0x88, 0xff, 0xff, 0xfb, 0x75, 0x56, 0xaf, 0xff,
    0xff, 0x97, 0xff, 0xfc, 0xaa, 0xaa, 0x70, 0x0,
    0x0, 0x3, 0xff, 0xff, 0xff, 0xff, 0x81, 0x0,
    0x0, 0x0, 0x7, 0xff, 0xff, 0xff, 0xff, 0x50,
    0x0, 0x0, 0x0, 0x0, 0x0, 0x3f, 0xff, 0xff,
    0xfe, 0x30, 0x0, 0x0, 0x0, 0x0, 0x2, 0xdf,
    0xff, 0xff, 0xf5, 0x0, 0x0, 0x0, 0x0, 0x0,
    0x3, 0xff, 0xff, 0xff, 0x80, 0x0, 0x2, 0x55,
    0x20, 0x0, 0x7, 0xff, 0xff, 0xff, 0x50, 0x0,
    0x0, 0x0, 0x0, 0x0, 0x3f, 0xff, 0xff, 0xff,
    0x80, 0x4d, 0xff, 0xff, 0xd4, 0x6, 0xff, 0xff,
    0xff, 0xf5, 0x0, 0x0, 0x0, 0x0, 0x0, 0x3,
    0xff, 0xff, 0xff, 0xff, 0xbf, 0xff, 0xff, 0xff,
    0xfb, 0xff, 0xff, 0xff, 0xff, 0x50, 0x0, 0x0,
    0x0, 0x0, 0x0, 0x3f, 0xff, 0xff, 0xff, 0xff,
    0xff, 0xff, 0xff, 0xff, 0xff, 0xff, 0xff, 0xff,
    0xf5, 0x0, 0x0, 0x0, 0x0, 0x0, 0x3, 0xff,
    0xff, 0xff, 0xff, 0xff, 0xe5, 0x0, 0x4e, 0xff,
    0xff, 0xff, 0xff, 0xff, 0x50, 0x0, 0x0, 0x0,
    0x0, 0x0, 0x3f, 0xff, 0xff, 0xff, 0xff, 0xf5,
    0x0, 0x0, 0x3f, 0xff, 0xff, 0xff, 0xff, 0xf5,
    0x0, 0x0, 0x0, 0x0, 0x0, 0x3, 0xff, 0xff,
    0xff, 0xff, 0xff, 0x0, 0x0, 0x0, 0xef, 0xff,
    0xff, 0xff, 0xff, 0x50, 0x0, 0x0, 0x0, 0x0,
    0x0, 0x3f, 0xff, 0xff, 0xff, 0xff, 0xf0, 0x0,
    0x0, 0xe, 0xff, 0xff, 0xff, 0xff, 0xf5, 0x0,
    0x0, 0x0, 0x0, 0x0, 0x3, 0xff, 0xff, 0xff,
    0xff, 0xff, 0x50, 0x0, 0x4, 0xff, 0xff, 0xff,
    0xff, 0xff, 0x50, 0x0, 0x0, 0x0, 0x0, 0x0,
    0x3f, 0xff, 0xff, 0xff, 0xff, 0xfe, 0x40, 0x4,
    0xef, 0xff, 0xff, 0xff, 0xff, 0xf5, 0x0, 0x0,
    0x0, 0x0, 0x0, 0x3, 0xff, 0xff, 0xff, 0xff,
    0xff, 0xff, 0xee, 0xff, 0xff, 0xff, 0xff, 0xff,
    0xff, 0x50, 0x0, 0x0, 0x0, 0x0, 0x0, 0x3f,
    0xff, 0xff, 0xff, 0xff, 0xff, 0xff, 0xff, 0xff,
    0xff, 0xff, 0xff, 0xff, 0xf5, 0x0, 0x0, 0x0,
    0x0, 0x0, 0x3, 0xff, 0xff, 0xff, 0xff, 0xff,
    0xff, 0xff, 0xff, 0xff, 0xff, 0xff, 0xff, 0xff,
    0x50, 0x0, 0x0, 0x0, 0x0, 0x0, 0x0, 0x0,
    0x0, 0x0, 0x0, 0x0, 0x0, 0x0, 0x0, 0x0,
    0x0, 0x0, 0x0, 0x0, 0x0, 0x0, 0x0,

    /* U+F07E4 "󰟤" */
    0x0, 0x2a, 0xdd, 0xdd, 0xdd, 0x70, 0x0, 0x7c,
    0xdd, 0xdd, 0xc8, 0x10, 0x0, 0x0, 0x0, 0x0,
    0x0, 0x0, 0x3f, 0xff, 0xff, 0xff, 0xf8, 0x0,
    0xcf, 0xff, 0xff, 0xff, 0xfd, 0x10, 0x0, 0x0,
    0x0, 0x0, 0x0, 0xc, 0xff, 0xff, 0xff, 0xff,
    0x80, 0x7f, 0xff, 0xff, 0xff, 0xff, 0xf9, 0x0,
    0x0, 0x0, 0x0, 0x0, 0x0, 0xff, 0xff, 0xff,
    0xff, 0xf8, 0xb, 0xff, 0xff, 0xff, 0xff, 0xff,
    0xd0, 0x0, 0x0, 0x0, 0x0, 0x0, 0x1f, 0xff,
    0xc0, 0x0, 0x0, 0x0, 0xcf, 0xff, 0x10, 0x0,
    0xef, 0xfe, 0x0, 0x0, 0x0, 0x0, 0x0, 0x1,
    0xff, 0xfc, 0x0, 0x0, 0x0, 0xc, 0xff, 0xf1,
    0x0, 0xe, 0xff, 0xe0, 0x0, 0x0, 0x0, 0x0,
    0x0, 0x1f, 0xff, 0xc0, 0x0, 0x0, 0x0, 0xcf,
    0xff, 0x10, 0x0, 0xef, 0xfe, 0x0, 0x0, 0x0,
    0x0, 0x0, 0x1, 0xff, 0xfc, 0x0, 0x0, 0x0,
    0xc, 0xff, 0xf1, 0x0, 0xe, 0xff, 0xe0, 0x1f,
    0xff, 0xff, 0xfe, 0x60, 0x1f, 0xff, 0xc0, 0x0,
    0x0, 0x0, 0xcf, 0xff, 0x10, 0x0, 0xef, 0xfe,
    0x1, 0xff, 0xff, 0xff, 0xff, 0x41, 0xff, 0xfc,
    0x0, 0x0, 0x0, 0xc, 0xff, 0xf1, 0x0, 0xe,
    0xff, 0xe0, 0x1d, 0xdd, 0xdd, 0xdf, 0xf9, 0x1f,
    0xff, 0xc0, 0x0, 0x0, 0x0, 0xcf, 0xff, 0x10,
    0x0, 0xef, 0xfe, 0x0, 0x0, 0x0, 0x3, 0xff,
    0xa1, 0xff, 0xfc, 0x0, 0x0, 0x0, 0xc, 0xff,
    0xf1, 0x0, 0xe, 0xff, 0xe0, 0x0, 0x0, 0x0,
    0x3f, 0xfa, 0x1f, 0xff, 0xc0, 0x0, 0x0, 0x0,
    0xcf, 0xff, 0x10, 0x0, 0xef, 0xfe, 0x0, 0x0,
    0x12, 0x25, 0xff, 0xa1, 0xff, 0xfc, 0x0, 0x0,
    0x0, 0xc, 0xff, 0xf1, 0x0, 0xe, 0xff, 0xe0,
    0x2, 0xcf, 0xff, 0xff, 0xf8, 0x1f, 0xff, 0xc0,
    0x0, 0x0, 0x0, 0xcf, 0xff, 0x10, 0x0, 0xef,
    0xfe, 0x0, 0xcf, 0xff, 0xff, 0xff, 0x10, 0xff,
    0xfd, 0x44, 0x44, 0x42, 0xc, 0xff, 0xf5, 0x44,
    0x4f, 0xff, 0xe0, 0xf, 0xff, 0xbb, 0xb9, 0x20,
    0xe, 0xff, 0xff, 0xff, 0xff, 0x80, 0x9f, 0xff,
    0xff, 0xff, 0xff, 0xfb, 0x1, 0xff, 0xc0, 0x0,
    0x0, 0x0, 0x6f, 0xff, 0xff, 0xff, 0xf8, 0x2,
    0xff, 0xff, 0xff, 0xff, 0xff, 0x30, 0x1f, 0xfc,
    0x0, 0x0, 0x0, 0x0, 0x6e, 0xff, 0xff, 0xff,
    0x80, 0x3, 0xcf, 0xff, 0xff, 0xfd, 0x40, 0x1,
    0xff, 0xfd, 0xdd, 0xdd, 0x80, 0x0, 0x2, 0x22,
    0x22, 0x21, 0x0, 0x0, 0x12, 0x22, 0x21, 0x0,
    0x0, 0x1f, 0xff, 0xff, 0xff, 0xfa, 0x0, 0x0,
    0x0, 0x0, 0x0, 0x0, 0x0, 0x0, 0x0, 0x0,
    0x0, 0x0, 0x1, 0xff, 0xff, 0xff, 0xff, 0xa0,
    0x0, 0x0, 0x0, 0x0, 0x0, 0x0, 0x0, 0x0,
    0x0, 0x0, 0x0, 0x0, 0x0, 0x0, 0x0, 0x0,
    0x0,

    /* U+F081B "󰠛" */
    0x0, 0x0, 0x0, 0x0, 0x0, 0x0, 0x0, 0x0,
    0x0, 0x6a, 0xbb, 0xbb, 0xbb, 0xbb, 0xbb, 0xbb,
    0xbb, 0x81, 0x0, 0x0, 0x0, 0x0, 0x0, 0x0,
    0x0, 0x0, 0x0, 0x0, 0xb, 0xff, 0xff, 0xff,
    0xff, 0xff, 0xff, 0xff, 0xff, 0xff, 0x30, 0x0,
    0x0, 0x0, 0x0, 0x0, 0x0, 0x0, 0x0, 0x0,
    0x7f, 0xff, 0xff, 0xff, 0xff, 0xff, 0xff, 0xff,
    0xff, 0xff, 0xd0, 0x0, 0x0, 0x0, 0x0, 0x0,
    0x0, 0x0, 0x0, 0x0, 0xcf, 0xff, 0xff, 0xff,
    0xff, 0xff, 0xff, 0xff, 0xff, 0xff, 0xf2, 0x0,
    0x0, 0x0, 0x0, 0x0, 0x0, 0x0, 0x0, 0x0,
    0xdf, 0xff, 0x22, 0x22, 0x22, 0x22, 0x22, 0x22,
    0x2a, 0xff, 0xf3, 0x0, 0x0, 0x0, 0x0, 0x0,
    0x0, 0x0, 0x0, 0x0, 0xdf, 0xff, 0x0, 0x0,
    0x0, 0x0, 0x0, 0x0, 0x9, 0xff, 0xf4, 0x0,
    0x0, 0x0, 0x0, 0x0, 0x0, 0x0, 0x0, 0x0,
    0xdf, 0xff, 0x0, 0x0, 0x0, 0x0, 0x0, 0x0,
    0x9, 0xff, 0xf4, 0x0, 0x0, 0x0, 0x0, 0x0,
    0x0, 0x0, 0x0, 0x0, 0xdf, 0xff, 0x0, 0x0,
    0x0, 0x0, 0x0, 0x0, 0x9, 0xff, 0xf4, 0x0,
    0x0, 0x0, 0x0, 0x0, 0x0, 0x0, 0x0, 0x0,
    0xdf, 0xff, 0x0, 0x0, 0x0, 0x0, 0x0, 0x0,
    0x9, 0xff, 0xf4, 0x0, 0x0, 0x0, 0x0, 0x0,
    0x0, 0x0, 0x0, 0x0, 0xdf, 0xff, 0x0, 0x0,
    0x0, 0x0, 0x0, 0x0, 0x9, 0xff, 0xf4, 0x0,
    0x0, 0x0, 0x0, 0x0, 0x0, 0x0, 0x0, 0x0,
    0xdf, 0xff, 0x0, 0x0, 0x0, 0x0, 0x0, 0x0,
    0x9, 0xff, 0xf4, 0x0, 0x0, 0x0, 0x0, 0x0,
    0x0, 0x0, 0x0, 0x0, 0xdf, 0xff, 0x0, 0x0,
    0x0, 0x0, 0x0, 0x0, 0x9, 0xff, 0xf4, 0x0,
    0x0, 0x0, 0x0, 0x0, 0x0, 0x0, 0x0, 0x0,
    0xdf, 0xff, 0x0, 0x0, 0x0, 0x0, 0x0, 0x0,
    0x9, 0xff, 0xf4, 0x0, 0x0, 0x0, 0x0, 0x0,
    0x0, 0x0, 0x0, 0x0, 0xdf, 0xff, 0x0, 0x0,
    0x0, 0x0, 0x0, 0x0, 0x9, 0xff, 0xf4, 0x0,
    0x0, 0x0, 0x0, 0x0, 0x0, 0x0, 0x0, 0x0,
    0xdf, 0xff, 0x0, 0x0, 0x0, 0x0, 0x0, 0x0,
    0x9, 0xff, 0xf4, 0x0, 0x0, 0x0, 0x0, 0x0,
    0x0, 0x0, 0x0, 0x0, 0xdf, 0xff, 0x0, 0x0,
    0x0, 0x0, 0x0, 0x0, 0x9, 0xff, 0xf4, 0x0,
    0x0, 0x0, 0x0, 0x0, 0x0, 0x0, 0x0, 0x0,
    0xdf, 0xff, 0x0, 0x0, 0x0, 0x5, 0xff, 0xf8,
    0x9, 0xff, 0xf4, 0x0, 0x0, 0x0, 0x0, 0x0,
    0x0, 0x0, 0x0, 0x0, 0xdf, 0xff, 0x0, 0x0,
    0x0, 0x5, 0xff, 0xf8, 0x9, 0xff, 0xf4, 0x0,
    0x0, 0x0, 0x0, 0x0, 0x0, 0x0, 0x0, 0x0,
    0xdf, 0xff, 0x0, 0x0, 0x0, 0x5, 0xff, 0xf8,
    0x9, 0xff, 0xf4, 0x0, 0x0, 0x0, 0x0, 0x0,
    0x0, 0x0, 0x0, 0x0, 0xdf, 0xff, 0x0, 0x0,
    0x0, 0x4, 0xbb, 0xb5, 0x9, 0xff, 0xf4, 0x0,
    0x0, 0x0, 0x0, 0x0, 0x0, 0x0, 0x0, 0x0,
    0xdf, 0xff, 0x0, 0x0, 0x0, 0x0, 0x0, 0x0,
    0x9, 0xff, 0xf4, 0x0, 0x0, 0x0, 0x0, 0x0,
    0x0, 0x0, 0x0, 0x0, 0xdf, 0xff, 0x0, 0x0,
    0x0, 0x0, 0x0, 0x0, 0x9, 0xff, 0xf4, 0x0,
    0x0, 0x0, 0x0, 0x0, 0x0, 0x0, 0x0, 0x0,
    0xdf, 0xff, 0x0, 0x0, 0x0, 0x0, 0x0, 0x0,
    0x9, 0xff, 0xf4, 0x0, 0x0, 0x0, 0x0, 0x0,
    0x0, 0x0, 0x0, 0x0, 0xdf, 0xff, 0x0, 0x0,
    0x0, 0x0, 0x0, 0x0, 0x9, 0xff, 0xf4, 0x0,
    0x0, 0x0, 0x0, 0x0, 0x0, 0x0, 0x0, 0x0,
    0xdf, 0xff, 0x0, 0x0, 0x0, 0x0, 0x0, 0x0,
    0x9, 0xff, 0xf4, 0x0, 0x0, 0x0, 0x0, 0x0,
    0x0, 0x0, 0x0, 0x0, 0xdf, 0xff, 0x0, 0x0,
    0x0, 0x0, 0x0, 0x0, 0x9, 0xff, 0xf4, 0x0,
    0x0, 0x0, 0x0, 0x0, 0x0, 0x0, 0x0, 0x0,
    0xdf, 0xff, 0x0, 0x0, 0x0, 0x0, 0x0, 0x0,
    0x9, 0xff, 0xf4, 0x0, 0x0, 0x0, 0x0, 0x0,
    0x0, 0x0, 0x0, 0x0, 0xdf, 0xff, 0x0, 0x0,
    0x0, 0x0, 0x0, 0x0, 0x9, 0xff, 0xf4, 0x0,
    0x0, 0x0, 0x0, 0x0, 0x0, 0x0, 0x0, 0x0,
    0xdf, 0xff, 0x0, 0x0, 0x0, 0x0, 0x0, 0x0,
    0x9, 0xff, 0xf4, 0x0, 0x0, 0x0, 0x0, 0x0,
    0x0, 0x0, 0x0, 0x0, 0xdf, 0xff, 0x0, 0x0,
    0x0, 0x0, 0x0, 0x0, 0x9, 0xff, 0xf4, 0x0,
    0x0, 0x0, 0x0, 0x0, 0x0, 0x0, 0x0, 0x0,
    0xdf, 0xff, 0x0, 0x0, 0x0, 0x0, 0x0, 0x0,
    0x9, 0xff, 0xf4, 0x0, 0x1d, 0xdd, 0xdd, 0xdd,
    0xdd, 0xdd, 0xdd, 0xdd, 0xff, 0xff, 0xdd, 0xdd,
    0xdd, 0xdd, 0xdd, 0xdd, 0xdf, 0xff, 0xfe, 0xd1,
    0x2f, 0xff, 0xff, 0xff, 0xff, 0xff, 0xff, 0xff,
    0xff, 0xff, 0xff, 0xff, 0xff, 0xff, 0xff, 0xff,
    0xff, 0xff, 0xff, 0xf2, 0x2f, 0xff, 0xff, 0xff,
    0xff, 0xff, 0xff, 0xff, 0xff, 0xff, 0xff, 0xff,
    0xff, 0xff, 0xff, 0xff, 0xff, 0xff, 0xff, 0xf2,
    0x2f, 0xff, 0xff, 0xff, 0xff, 0xff, 0xff, 0xff,
    0xff, 0xff, 0xff, 0xff, 0xff, 0xff, 0xff, 0xff,
    0xff, 0xff, 0xff, 0xf2,

    /* U+F081C "󰠜" */
    0x0, 0x0, 0x0, 0x0, 0x0, 0x0, 0x0, 0x0,
    0x0, 0x15, 0x66, 0x66, 0x66, 0x66, 0x66, 0x66,
    0x66, 0x30, 0x0, 0x0, 0x0, 0x0, 0x0, 0x0,
    0x0, 0x0, 0x0, 0x0, 0x7, 0xff, 0xff, 0xff,
    0xff, 0xff, 0xff, 0xff, 0xff, 0xfc, 0x10, 0x0,
    0x0, 0x0, 0x0, 0x0, 0x0, 0x0, 0x0, 0x0,
    0x5f, 0xff, 0xff, 0xff, 0xff, 0xff, 0xff, 0xff,
    0xff, 0xff, 0xb0, 0x0, 0x0, 0x0, 0x0, 0x0,
    0x0, 0x0, 0x0, 0x0, 0xbf, 0xff, 0xff, 0xff,
    0xff, 0xff, 0xff, 0xff, 0xff, 0xff, 0xf1, 0x0,
    0x0, 0x28, 0x88, 0x88, 0x88, 0x88, 0x88, 0x88,
    0xef, 0xff, 0x77, 0x77, 0x77, 0x77, 0x77, 0x77,
    0x7c, 0xff, 0xf3, 0x0, 0x0, 0x3f, 0xff, 0xff,
    0xff, 0xff, 0xff, 0xff, 0xff, 0xff, 0x0, 0x0,
    0x0, 0x0, 0x0, 0x0, 0x9, 0xff, 0xf3, 0x0,
    0x0, 0x3f, 0xff, 0xff, 0xff, 0xff, 0xff, 0xff,
    0xff, 0xff, 0x0, 0x0, 0x0, 0x0, 0x0, 0x0,
    0x9, 0xff, 0xf3, 0x0, 0x0, 0x3f, 0xff, 0xff,
    0xff, 0xff, 0xff, 0xff, 0xff, 0xff, 0x0, 0x0,
    0x0, 0x0, 0x0, 0x0, 0x9, 0xff, 0xf3, 0x0,
    0x0, 0x3f, 0xff, 0xff, 0xff, 0xff, 0xff, 0xff,
    0xff, 0xff, 0x0, 0x0, 0x0, 0x0, 0x0, 0x0,
    0x9, 0xff, 0xf3, 0x0, 0x0, 0x3f, 0xff, 0xff,
    0xff, 0xff, 0xff, 0xff, 0xff, 0xff, 0x0, 0x0,
    0x0, 0x0, 0x0, 0x0, 0x9, 0xff, 0xf3, 0x0,
    0x0, 0x3f, 0xff, 0xff, 0xff, 0xff, 0xff, 0xff,
    0xff, 0xff, 0x0, 0x0, 0x0, 0x0, 0x0, 0x0,
    0x9, 0xff, 0xf3, 0x0, 0x0, 0x3f, 0xff, 0xff,
    0xff, 0xff, 0xff, 0xff, 0xff, 0xff, 0x0, 0x0,
    0x0, 0x0, 0x0, 0x0, 0x9, 0xff, 0xf3, 0x0,
    0x0, 0x3f, 0xff, 0xff, 0xff, 0xff, 0xff, 0xff,
    0xff, 0xff, 0x0, 0x0, 0x0, 0x0, 0x0, 0x0,
    0x9, 0xff, 0xf3, 0x0, 0x0, 0x3f, 0xff, 0xff,
    0xff, 0xff, 0xff, 0xff, 0xff, 0xff, 0x0, 0x0,
    0x0, 0x0, 0x0, 0x0, 0x9, 0xff, 0xf3, 0x0,
    0x0, 0x3f, 0xff, 0xff, 0xff, 0xff, 0xff, 0xff,
    0xff, 0xff, 0x0, 0x0, 0x0, 0x0, 0x0, 0x0,
    0x9, 0xff, 0xf3, 0x0, 0x0, 0x3f, 0xff, 0xff,
    0xff, 0xff, 0xff, 0xff, 0xff, 0xff, 0x0, 0x0,
    0x0, 0x0, 0x0, 0x0, 0x9, 0xff, 0xf3, 0x0,
    0x0, 0x3f, 0xff, 0x90, 0x0, 0x9f, 0xff, 0xff,
    0xff, 0xff, 0x0, 0x0, 0x0, 0x0, 0x0, 0x0,
    0x9, 0xff, 0xf3, 0x0, 0x0, 0x3f, 0xff, 0x90,
    0x0, 0x9f, 0xff, 0xff, 0xff, 0xff, 0x0, 0x0,
    0x0, 0x0, 0x0, 0x0, 0x9, 0xff, 0xf3, 0x0,
    0x0, 0x3f, 0xff, 0x90, 0x0, 0x9f, 0xff, 0xff,
    0xff, 0xff, 0x0, 0x0, 0x0, 0x0, 0x0, 0x0,
    0x9, 0xff, 0xf3, 0x0, 0x0, 0x3f, 0xff, 0xb5,
    0x55, 0xbf, 0xff, 0xff, 0xff, 0xff, 0x0, 0x0,
    0x0, 0x0, 0x0, 0x0, 0x9, 0xff, 0xf3, 0x0,
    0x0, 0x3f, 0xff, 0xff, 0xff, 0xff, 0xff, 0xff,
    0xff, 0xff, 0x0, 0x0, 0x0, 0x0, 0x0, 0x0,
    0x9, 0xff, 0xf3, 0x0, 0x0, 0x3f, 0xff, 0xff,
    0xff, 0xff, 0xff, 0xff, 0xff, 0xff, 0x0, 0x0,
    0x0, 0x0, 0x0, 0x0, 0x9, 0xff, 0xf3, 0x0,
    0x0, 0x3f, 0xff, 0xff, 0xff, 0xff, 0xff, 0xff,
    0xff, 0xff, 0x0, 0x0, 0x0, 0x0, 0x0, 0x0,
    0x9, 0xff, 0xf3, 0x0, 0x0, 0x3f, 0xff, 0xff,
    0xff, 0xff, 0xff, 0xff, 0xff, 0xff, 0x0, 0x0,
    0x0, 0x0, 0x0, 0x0, 0x9, 0xff, 0xf3, 0x0,
    0x0, 0x3f, 0xff, 0xff, 0xff, 0xff, 0xff, 0xff,
    0xff, 0xff, 0x0, 0x0, 0x0, 0x0, 0x0, 0x0,
    0x9, 0xff, 0xf3, 0x0, 0x0, 0x3f, 0xff, 0xff,
    0xff, 0xff, 0xff, 0xff, 0xff, 0xff, 0x0, 0x0,
    0x0, 0x0, 0x0, 0x0, 0x9, 0xff, 0xf3, 0x0,
    0x0, 0x3f, 0xff, 0xff, 0xff, 0xff, 0xff, 0xff,
    0xff, 0xff, 0x0, 0x0, 0x0, 0x0, 0x0, 0x0,
    0x9, 0xff, 0xf3, 0x0, 0x0, 0x3f, 0xff, 0xff,
    0xff, 0xff, 0xff, 0xff, 0xff, 0xff, 0x0, 0x0,
    0x0, 0x0, 0x0, 0x0, 0x9, 0xff, 0xf3, 0x0,
    0x0, 0x3f, 0xff, 0xff, 0xff, 0xff, 0xff, 0xff,
    0xff, 0xff, 0x0, 0x0, 0x0, 0x0, 0x0, 0x0,
    0x9, 0xff, 0xf3, 0x0, 0x0, 0x3f, 0xff, 0xff,
    0xff, 0xff, 0xff, 0xff, 0xff, 0xff, 0x0, 0x0,
    0x0, 0x0, 0x0, 0x0, 0x9, 0xff, 0xf3, 0x0,
    0x0, 0x3f, 0xff, 0xff, 0xff, 0xff, 0xff, 0xff,
    0xff, 0xff, 0x0, 0x0, 0x0, 0x0, 0x0, 0x0,
    0x9, 0xff, 0xf3, 0x0, 0x1d, 0xef, 0xff, 0xff,
    0xff, 0xff, 0xff, 0xff, 0xff, 0xff, 0xdd, 0xdd,
    0xdd, 0xdd, 0xdd, 0xdd, 0xdf, 0xff, 0xfe, 0xd1,
    0x2f, 0xff, 0xff, 0xff, 0xff, 0xff, 0xff, 0xff,
    0xff, 0xff, 0xff, 0xff, 0xff, 0xff, 0xff, 0xff,
    0xff, 0xff, 0xff, 0xf2, 0x2f, 0xff, 0xff, 0xff,
    0xff, 0xff, 0xff, 0xff, 0xff, 0xff, 0xff, 0xff,
    0xff, 0xff, 0xff, 0xff, 0xff, 0xff, 0xff, 0xf2,
    0x2f, 0xff, 0xff, 0xff, 0xff, 0xff, 0xff, 0xff,
    0xff, 0xff, 0xff, 0xff, 0xff, 0xff, 0xff, 0xff,
    0xff, 0xff, 0xff, 0xf2,

    /* U+F081D "󰠝" */
    0x0, 0x0, 0x0, 0x0, 0x0, 0x0, 0x0, 0x0,
    0x0, 0x3, 0x55, 0x42, 0x0, 0x0, 0x0, 0x0,
    0x0, 0x0, 0x0, 0x0, 0x0, 0x0, 0x0, 0x0,
    0x0, 0x0, 0x0, 0x0, 0x8, 0xef, 0xff, 0xff,
    0xe8, 0x0, 0x0, 0x0, 0x0, 0x0, 0x0, 0x0,
    0x0, 0x0, 0x0, 0x0, 0x0, 0x0, 0x0, 0x0,
    0xbf, 0xff, 0xff, 0xff, 0xff, 0xd1, 0x0, 0x0,
    0x0, 0x0, 0x0, 0x0, 0x0, 0x0, 0x0, 0x0,
    0x0, 0x0, 0x0, 0x7, 0xff, 0xff, 0xff, 0xff,
    0xff, 0xfa, 0x0, 0x0, 0x0, 0x0, 0x0, 0x0,
    0x0, 0x5, 0x0, 0x0, 0x0, 0x0, 0x0, 0xe,
    0xff, 0xff, 0xff, 0xff, 0xff, 0xff, 0x0, 0x0,
    0x0, 0x0, 0x0, 0x0, 0x0, 0xcf, 0x60, 0x0,
    0x0, 0x0, 0x0, 0x5f, 0xff, 0xff, 0xff, 0xff,
    0xff, 0xff, 0x20, 0x0, 0x0, 0x0, 0x0, 0x0,
    0xc, 0xff, 0xf6, 0x0, 0x0, 0x0, 0x0, 0x8f,
    0xff, 0xff, 0xff, 0xff, 0xff, 0xff, 0x0, 0x0,
    0x0, 0x0, 0x0, 0x0, 0x7, 0xff, 0xff, 0x60,
    0x0, 0x0, 0x0, 0x9f, 0xff, 0xff, 0xff, 0xff,
    0xff, 0xf8, 0x0, 0x0, 0x0, 0x0, 0x0, 0x0,
    0x0, 0x7f, 0xff, 0xf6, 0x0, 0x0, 0x0, 0x9f,
    0xff, 0xff, 0xff, 0xff, 0xff, 0xc0, 0x0, 0x0,
    0x0, 0x0, 0x0, 0x0, 0x0, 0x8, 0xff, 0xff,
    0x60, 0x0, 0x0, 0x7f, 0xff, 0xff, 0xff, 0xff,
    0xf8, 0x0, 0x0, 0x0, 0x0, 0x0, 0x0, 0x0,
    0x0, 0x0, 0x8f, 0xff, 0xf6, 0x0, 0x0, 0x4f,
    0xff, 0xff, 0xff, 0xff, 0x30, 0x0, 0x0, 0x0,
    0x0, 0x0, 0x0, 0x0, 0x0, 0x0, 0x4d, 0xff,
    0xff, 0x60, 0x0, 0xb, 0xff, 0xff, 0xff, 0xf4,
    0x0, 0x0, 0x0, 0x0, 0x0, 0x0, 0x0, 0x0,
    0x0, 0x1c, 0xff, 0xff, 0xff, 0xf6, 0x0, 0x0,
    0xbf, 0xff, 0xff, 0xc0, 0x0, 0x0, 0x0, 0x0,
    0x0, 0x0, 0x0, 0x0, 0x0, 0xcf, 0xff, 0xff,
    0xff, 0xff, 0x60, 0x0, 0xb, 0xff, 0xff, 0x60,
    0x0, 0x0, 0x0, 0x0, 0x0, 0x0, 0x0, 0x0,
    0x5, 0xff, 0xff, 0xff, 0xff, 0xff, 0xf6, 0x0,
    0x0, 0xbf, 0xff, 0x70, 0x0, 0x2, 0x6a, 0xcd,
    0xdb, 0x83, 0x0, 0x0, 0xb, 0xff, 0xff, 0xff,
    0xff, 0xff, 0xff, 0x60, 0x0, 0xb, 0xff, 0xfc,
    0x5, 0xcf, 0xff, 0xff, 0xff, 0xff, 0xa1, 0x0,
    0xf, 0xff, 0xff, 0xff, 0xff, 0xff, 0xff, 0xf6,
    0x0, 0x0, 0xbf, 0xff, 0xff, 0xff, 0xff, 0xff,
    0xff, 0xff, 0xfc, 0x0, 0x1f, 0xff, 0xff, 0xff,
    0xff, 0xff, 0xff, 0xff, 0x60, 0x0, 0xb, 0xff,
    0xff, 0xff, 0xff, 0xff, 0xff, 0xff, 0xff, 0x80,
    0x1f, 0xff, 0xff, 0xff, 0xff, 0xff, 0xff, 0xff,
    0xf6, 0x0, 0x0, 0xbf, 0xff, 0xff, 0xff, 0xff,
    0xff, 0xff, 0xff, 0xe0, 0x1f, 0xff, 0xff, 0xff,
    0xff, 0xff, 0xff, 0xff, 0xff, 0x60, 0x0, 0xb,
    0xff, 0xff, 0xff, 0xff, 0xff, 0xff, 0xff, 0xf1,
    0xf, 0xff, 0xff, 0xff, 0xff, 0xff, 0xff, 0xff,
    0xff, 0xf6, 0x0, 0x0, 0xbf, 0xff, 0xff, 0xff,
    0xff, 0xff, 0xff, 0xf3, 0xa, 0xff, 0xff, 0xff,
    0xff, 0xff, 0xff, 0xff, 0xff, 0xff, 0x60, 0x0,
    0xb, 0xff, 0xff, 0xff, 0xff, 0xff, 0xff, 0xf3,
    0x2, 0xff, 0xff, 0xff, 0xff, 0xff, 0xff, 0xff,
    0xff, 0xff, 0xf6, 0x0, 0x0, 0x39, 0xff, 0xff,
    0xff, 0xff, 0xff, 0xf1, 0x0, 0x4f, 0xff, 0xff,
    0xff, 0xff, 0xff, 0xd8, 0xff, 0xff, 0xff, 0x60,
    0x0, 0x0, 0x2e, 0xff, 0xff, 0xff, 0xff, 0xf0,
    0x0, 0x2, 0xaf, 0xff, 0xff, 0xfe, 0x94, 0x0,
    0x5e, 0xff, 0xff, 0xf6, 0x0, 0x0, 0x3, 0xff,
    0xff, 0xff, 0xff, 0xa0, 0x0, 0x0, 0x0, 0x35,
    0x54, 0x20, 0x0, 0x0, 0x4, 0xff, 0xff, 0xff,
    0x60, 0x0, 0x0, 0x7f, 0xff, 0xff, 0xff, 0x30,
    0x0, 0x0, 0x0, 0x0, 0x0, 0x0, 0x0, 0x0,
    0x8, 0xff, 0xff, 0xff, 0xf6, 0x0, 0x0, 0xb,
    0xff, 0xff, 0xf8, 0x0, 0x0, 0x0, 0x0, 0x0,
    0x0, 0x0, 0x0, 0x0, 0xe, 0xff, 0xff, 0xff,
    0xff, 0x60, 0x0, 0x0, 0x6c, 0xeb, 0x50, 0x0,
    0x0, 0x0, 0x0, 0x0, 0x0, 0x0, 0x0, 0x0,
    0xaf, 0xff, 0xff, 0xff, 0xff, 0xf6, 0x0, 0x0,
    0x0, 0x0, 0x0, 0x0, 0x0, 0x0, 0x0, 0x0,
    0x0, 0x0, 0x0, 0x1a, 0xff, 0xff, 0xff, 0xff,
    0xff, 0xff, 0x60, 0x0, 0x0, 0x0, 0x0, 0x0,
    0x0, 0x0, 0x0, 0x0, 0x0, 0x0, 0x4, 0xef,
    0xff, 0xff, 0xff, 0xff, 0xff, 0xff, 0xf6, 0x0,
    0x0, 0x0, 0x0, 0x0, 0x0, 0x0, 0x0, 0x0,
    0x0, 0x0, 0x3f, 0xff, 0xff, 0xff, 0xff, 0xff,
    0xfe, 0xff, 0xff, 0x60, 0x0, 0x0, 0x0, 0x0,
    0x0, 0x0, 0x0, 0x0, 0x0, 0x0, 0xdf, 0xff,
    0xff, 0xff, 0xff, 0xff, 0xf9, 0x7f, 0xff, 0xf6,
    0x0, 0x0, 0x0, 0x0, 0x0, 0x0, 0x0, 0x0,
    0x0, 0x1, 0xff, 0xff, 0xff, 0xff, 0xff, 0xff,
    0xf7, 0x7, 0xff, 0xff, 0x60, 0x0, 0x0, 0x0,
    0x0, 0x0, 0x0, 0x0, 0x0, 0x1, 0xff, 0xff,
    0xff, 0xff, 0xff, 0xff, 0xf3, 0x0, 0x7f, 0xff,
    0xf6, 0x0, 0x0, 0x0, 0x0, 0x0, 0x0, 0x0,
    0x0, 0x0, 0xef, 0xff, 0xff, 0xff, 0xff, 0xff,
    0xc0, 0x0, 0x7, 0xff, 0xff, 0x60, 0x0, 0x0,
    0x0, 0x0, 0x0, 0x0, 0x0, 0x0, 0x5f, 0xff,
    0xff, 0xff, 0xff, 0xff, 0x30, 0x0, 0x0, 0x7f,
    0xff, 0xf2, 0x0, 0x0, 0x0, 0x0, 0x0, 0x0,
    0x0, 0x0, 0x6, 0xff, 0xff, 0xff, 0xff, 0xf4,
    0x0, 0x0, 0x0, 0x7, 0xff, 0x50, 0x0, 0x0,
    0x0, 0x0, 0x0, 0x0, 0x0, 0x0, 0x0, 0x16,
    0xac, 0xdd, 0xc7, 0x10, 0x0, 0x0, 0x0, 0x0,
    0x75, 0x0, 0x0, 0x0,

    /* U+F0A60 "󰩠" */
    0x0, 0x0, 0x0, 0x0, 0x39, 0xbb, 0xbb, 0xbb,
    0xbb, 0xbb, 0xbb, 0xbb, 0xbb, 0xbb, 0xbb, 0x93,
    0x0, 0x0, 0x0, 0x0, 0x0, 0x0, 0x0, 0x5,
    0xff, 0xff, 0xff, 0xff, 0xff, 0xff, 0xff, 0xff,
    0xff, 0xff, 0xff, 0xff, 0x50, 0x0, 0x0, 0x0,
    0x0, 0x0, 0x0, 0x1f, 0xff, 0xff, 0xff, 0xff,
    0xff, 0xff, 0xff, 0xff, 0xff, 0xff, 0xff, 0xff,
    0xf1, 0x0, 0x0, 0x0, 0x0, 0x0, 0x0, 0x5f,
    0xff, 0xff, 0xff, 0xff, 0xff, 0xff, 0xff, 0xff,
    0xff, 0xff, 0xff, 0xff, 0xf5, 0x0, 0x0, 0x0,
    0x0, 0x0, 0x0, 0x6f, 0xff, 0x72, 0x22, 0xcf,
    0xff, 0x32, 0x22, 0x22, 0x22, 0x39, 0xff, 0xff,
    0xf6, 0x0, 0x0, 0x0, 0x0, 0x0, 0x0, 0x6f,
    0xff, 0x60, 0x0, 0xcf, 0xff, 0x10, 0x0, 0x0,
    0x0, 0x0, 0x5f, 0xff, 0xf6, 0x0, 0x0, 0x0,
    0x0, 0x0, 0x0, 0x6f, 0xff, 0x60, 0x0, 0xcf,
    0xff, 0x10, 0x0, 0x0, 0x0, 0x0, 0xb, 0xff,
    0xf6, 0x0, 0x0, 0x0, 0x0, 0x0, 0x0, 0x6f,
    0xff, 0x60, 0x0, 0xcf, 0xff, 0x10, 0x0, 0x0,
    0x0, 0x0, 0x7, 0xff, 0xf6, 0x0, 0x0, 0x0,
    0x0, 0x0, 0x0, 0x6f, 0xff, 0x60, 0x0, 0xcf,
    0xff, 0x10, 0x1, 0xdd, 0xda, 0x0, 0x6, 0xff,
    0xf6, 0x0, 0x0, 0x0, 0x0, 0x0, 0x0, 0x6f,
    0xff, 0x60, 0x0, 0xcf, 0xff, 0x10, 0x1, 0xff,
    0xfc, 0x0, 0x6, 0xff, 0xf6, 0x0, 0x0, 0x0,
    0x0, 0x0, 0x0, 0x6f, 0xff, 0x60, 0x0, 0xcf,
    0xff, 0x10, 0x1, 0xff, 0xfc, 0x0, 0x6, 0xff,
    0xf6, 0x0, 0x0, 0x0, 0x0, 0x0, 0x0, 0x6f,
    0xff, 0x60, 0x0, 0xcf, 0xff, 0x10, 0x1, 0xff,
    0xfc, 0x0, 0x6, 0xff, 0xf6, 0x0, 0x0, 0x0,
    0x0, 0x0, 0x0, 0x6f, 0xff, 0x60, 0x0, 0xcf,
    0xff, 0x10, 0x0, 0x0, 0x0, 0x0, 0x7, 0xff,
    0xf6, 0x0, 0x0, 0x0, 0x0, 0x0, 0x0, 0x6f,
    0xff, 0x60, 0x0, 0xcf, 0xff, 0x10, 0x0, 0x0,
    0x0, 0x0, 0xb, 0xff, 0xf6, 0x0, 0x0, 0x0,
    0x0, 0x0, 0x0, 0x6f, 0xff, 0x60, 0x0, 0xcf,
    0xff, 0x10, 0x0, 0x0, 0x0, 0x0, 0x6f, 0xff,
    0xf6, 0x0, 0x0, 0x0, 0x0, 0x0, 0x0, 0x6f,
    0xff, 0x60, 0x0, 0xcf, 0xff, 0x10, 0x0, 0x33,
    0x33, 0x4a, 0xff, 0xff, 0xf6, 0x0, 0x0, 0x0,
    0x0, 0x0, 0x0, 0x6f, 0xff, 0x60, 0x0, 0xcf,
    0xff, 0x10, 0x1, 0xff, 0xff, 0xff, 0xff, 0xff,
    0xf6, 0x0, 0x0, 0x0, 0x0, 0x0, 0x0, 0x6f,
    0xff, 0x60, 0x0, 0xcf, 0xff, 0x10, 0x1, 0xff,
    0xff, 0xff, 0xff, 0xff, 0xf6, 0x0, 0x0, 0x0,
    0x0, 0x0, 0x0, 0x6f, 0xff, 0x60, 0x0, 0xcf,
    0xff, 0x10, 0x1, 0xff, 0xff, 0xff, 0xff, 0xff,
    0xf6, 0x0, 0x0, 0x0, 0x0, 0x0, 0x0, 0x6f,
    0xff, 0x60, 0x0, 0xcf, 0xff, 0x10, 0x1, 0xff,
    0xff, 0xff, 0xff, 0xff, 0xf6, 0x0, 0x0, 0x0,
    0x0, 0x0, 0x0, 0x6f, 0xff, 0x60, 0x0, 0xcf,
    0xff, 0x10, 0x1, 0xff, 0xff, 0xff, 0xff, 0xff,
    0xf6, 0x0, 0x0, 0x0, 0x0, 0x0, 0x0, 0x6f,
    0xff, 0x60, 0x0, 0xcf, 0xff, 0x10, 0x1, 0xff,
    0xff, 0xff, 0xff, 0xff, 0xf6, 0x0, 0x0, 0x0,
    0x0, 0x0, 0x0, 0x6f, 0xff, 0x60, 0x0, 0xcf,
    0xff, 0x10, 0x1, 0xff, 0xff, 0xff, 0xff, 0xff,
    0xf6, 0x0, 0x0, 0x0, 0x0, 0x0, 0x0, 0x5f,
    0xff, 0xdb, 0xbb, 0xef, 0xff, 0xbb, 0xbb, 0xff,
    0xff, 0xff, 0xff, 0xff, 0xf5, 0x0, 0x0, 0x0,
    0x0, 0x0, 0x0, 0x2f, 0xff, 0xff, 0xff, 0xff,
    0xff, 0xff, 0xff, 0xff, 0xff, 0xff, 0xff, 0xff,
    0xf2, 0x0, 0x0, 0x0, 0x0, 0x0, 0x0, 0xa,
    0xff, 0xff, 0xff, 0xff, 0xff, 0xff, 0xff, 0xff,
    0xff, 0xff, 0xff, 0xff, 0xa0, 0x0, 0x0, 0x0,
    0x0, 0x0, 0x0, 0x0, 0x9f, 0xff, 0xff, 0xff,
    0xff, 0xff, 0xff, 0xff, 0xff, 0xff, 0xff, 0xf9,
    0x0, 0x0, 0x0, 0x0, 0x0, 0x0, 0x0, 0x0,
    0x0, 0x22, 0x22, 0x22, 0x22, 0xef, 0xfe, 0x22,
    0x22, 0x22, 0x22, 0x0, 0x0, 0x0, 0x0, 0x0,
    0x0, 0x0, 0x0, 0x0, 0x0, 0x0, 0x0, 0x0,
    0x0, 0xef, 0xfe, 0x0, 0x0, 0x0, 0x0, 0x0,
    0x0, 0x0, 0x0, 0x0, 0x0, 0x0, 0x0, 0x0,
    0x0, 0x0, 0x0, 0x0, 0x0, 0xef, 0xfe, 0x0,
    0x0, 0x0, 0x0, 0x0, 0x0, 0x0, 0x0, 0x0,
    0x0, 0x0, 0x0, 0x0, 0x0, 0x0, 0x0, 0x0,
    0x0, 0xef, 0xfe, 0x0, 0x0, 0x0, 0x0, 0x0,
    0x0, 0x0, 0x0, 0x0, 0x0, 0x0, 0x0, 0x0,
    0x0, 0x0, 0x0, 0x19, 0xcc, 0xff, 0xff, 0xcc,
    0x91, 0x0, 0x0, 0x0, 0x0, 0x0, 0x0, 0x0,
    0x0, 0x0, 0x0, 0x0, 0x0, 0x0, 0x0, 0x9f,
    0xff, 0xff, 0xff, 0xff, 0xf9, 0x0, 0x0, 0x0,
    0x0, 0x0, 0x0, 0x0, 0x1c, 0xcc, 0xcc, 0xcc,
    0xcc, 0xcc, 0xcc, 0xff, 0xff, 0xff, 0xff, 0xff,
    0xff, 0xcc, 0xcc, 0xcc, 0xcc, 0xcc, 0xcc, 0xc1,
    0x2f, 0xff, 0xff, 0xff, 0xff, 0xff, 0xff, 0xff,
    0xff, 0xff, 0xff, 0xff, 0xff, 0xff, 0xff, 0xff,
    0xff, 0xff, 0xff, 0xf2, 0x2f, 0xff, 0xff, 0xff,
    0xff, 0xff, 0xff, 0xff, 0xff, 0xff, 0xff, 0xff,
    0xff, 0xff, 0xff, 0xff, 0xff, 0xff, 0xff, 0xf2,
    0x2f, 0xff, 0xff, 0xff, 0xff, 0xff, 0xff, 0xff,
    0xff, 0xff, 0xff, 0xff, 0xff, 0xff, 0xff, 0xff,
    0xff, 0xff, 0xff, 0xf2, 0x0, 0x0, 0x0, 0x0,
    0x0, 0x0, 0x0, 0xaf, 0xff, 0xff, 0xff, 0xff,
    0xfa, 0x0, 0x0, 0x0, 0x0, 0x0, 0x0, 0x0,
    0x0, 0x0, 0x0, 0x0, 0x0, 0x0, 0x0, 0x2c,
    0xff, 0xff, 0xff, 0xff, 0xc2, 0x0, 0x0, 0x0,
    0x0, 0x0, 0x0, 0x0,

    /* U+F0BC2 "󰯂" */
    0x0, 0x0, 0x0, 0x0, 0x1, 0x68, 0x99, 0x99,
    0x99, 0x99, 0x99, 0x99, 0x99, 0x99, 0x99, 0x99,
    0x99, 0x72, 0x0, 0x0, 0x0, 0x0, 0x0, 0x6,
    0xff, 0xff, 0xff, 0xff, 0xff, 0xff, 0xff, 0xff,
    0xff, 0xff, 0xff, 0xff, 0xff, 0xf9, 0x0, 0x0,
    0x0, 0x0, 0x5, 0xff, 0xff, 0xff, 0xff, 0xff,
    0xff, 0xff, 0xff, 0xff, 0xff, 0xff, 0xff, 0xff,
    0xff, 0xfb, 0x0, 0x0, 0x0, 0x1, 0xff, 0xff,
    0xff, 0xff, 0xff, 0xff, 0xff, 0xff, 0xff, 0xff,
    0xff, 0xff, 0xff, 0xff, 0xff, 0xf5, 0x0, 0x0,
    0x0, 0x5f, 0xff, 0xff, 0xff, 0xff, 0xff, 0xff,
    0xff, 0xff, 0xff, 0xff, 0xff, 0xfd, 0x43, 0xbf,
    0xff, 0xb0, 0x0, 0x0, 0x8, 0xff, 0xff, 0xff,
    0xff, 0xff, 0xff, 0xff, 0xff, 0xff, 0xff, 0xff,
    0xff, 0x30, 0x0, 0xff, 0xfd, 0x0, 0x0, 0x0,
    0x9f, 0xff, 0xff, 0xff, 0xff, 0xff, 0xff, 0xff,
    0xff, 0xff, 0xff, 0xff, 0xf1, 0x0, 0xd, 0xff,
    0xe0, 0x0, 0x0, 0x9, 0xff, 0xff, 0xff, 0xff,
    0xff, 0xff, 0xff, 0xff, 0xff, 0xff, 0xff, 0xff,
    0x10, 0x0, 0xdf, 0xfe, 0x0, 0x0, 0x0, 0x9f,
    0xff, 0xff, 0x20, 0x0, 0x0, 0x0, 0x0, 0x0,
    0xa, 0xff, 0xff, 0xf1, 0x0, 0x0, 0x0, 0x0,
    0x0, 0x0, 0x9, 0xff, 0xff, 0xf2, 0x0, 0x0,
    0x0, 0x0, 0x0, 0x0, 0xaf, 0xff, 0xff, 0x10,
    0x0, 0x0, 0x0, 0x0, 0x0, 0x0, 0x9f, 0xff,
    0xff, 0x20, 0x0, 0x0, 0x0, 0x0, 0x0, 0xa,
    0xff, 0xff, 0xf1, 0x0, 0x0, 0x0, 0x0, 0x0,
    0x0, 0x9, 0xff, 0xff, 0xf2, 0x0, 0x0, 0x0,
    0x0, 0x0, 0x0, 0xaf, 0xff, 0xff, 0x10, 0x0,
    0x0, 0x0, 0x0, 0x0, 0x0, 0x9f, 0xff, 0xff,
    0xdd, 0xdd, 0xdd, 0xdd, 0xdd, 0xdd, 0xdf, 0xff,
    0xff, 0xf1, 0x0, 0x0, 0x0, 0x0, 0x0, 0x0,
    0x9, 0xff, 0xff, 0xff, 0xff, 0xff, 0xff, 0xff,
    0xff, 0xff, 0xff, 0xff, 0xff, 0x10, 0x0, 0x0,
    0x0, 0x0, 0x0, 0x0, 0x9f, 0xff, 0xff, 0xff,
    0xff, 0xff, 0xff, 0xff, 0xff, 0xff, 0xff, 0xff,
    0xf1, 0x0, 0x0, 0x0, 0x0, 0x0, 0x0, 0x9,
    0xff, 0xff, 0xff, 0xff, 0xff, 0xff, 0xff, 0xff,
    0xff, 0xff, 0xff, 0xff, 0x10, 0x0, 0x0, 0x0,
    0x0, 0x0, 0x0, 0x9f, 0xff, 0xff, 0x20, 0x0,
    0x0, 0x0, 0x0, 0x9, 0xff, 0xff, 0xff, 0xf1,
    0x0, 0x0, 0x0, 0x0, 0x0, 0x0, 0x9, 0xff,
    0xff, 0xf2, 0x0, 0x0, 0x0, 0x0, 0x0, 0x9f,
    0xff, 0xff, 0xff, 0x10, 0x0, 0x0, 0x0, 0x0,
    0x0, 0x0, 0x9f, 0xff, 0xff, 0x20, 0x0, 0x0,
    0x0, 0x0, 0x9, 0xff, 0xff, 0xff, 0xf1, 0x0,
    0x0, 0x0, 0x0, 0x0, 0x0, 0x9, 0xff, 0xff,
    0xf2, 0x0, 0x0, 0x0, 0x0, 0x0, 0x9f, 0xff,
    0xff, 0xff, 0x10, 0x0, 0x0, 0x0, 0x0, 0x0,
    0x0, 0x9f, 0xff, 0xff, 0xff, 0xff, 0xff, 0xff,
    0xff, 0xff, 0xff, 0xff, 0xff, 0xf1, 0x0, 0x0,
    0x0, 0x0, 0x0, 0x0, 0x9, 0xff, 0xff, 0xff,
    0xff, 0xff, 0xff, 0xff, 0xff, 0xff, 0xff, 0xff,
    0xff, 0x10, 0x0, 0x0, 0x0, 0x0, 0x0, 0x0,
    0x9f, 0xff, 0xff, 0xff, 0xff, 0xff, 0xff, 0xff,
    0xff, 0xff, 0xff, 0xff, 0xf1, 0x0, 0x0, 0x0,
    0x0, 0x0, 0x0, 0x9, 0xff, 0xff, 0xff, 0xff,
    0xff, 0xff, 0xff, 0xff, 0xff, 0xff, 0xff, 0xff,
    0x10, 0x0, 0x0, 0x0, 0x0, 0x0, 0x0, 0x9f,
    0xff, 0xff, 0xff, 0xff, 0xff, 0xff, 0xff, 0xff,
    0xff, 0xff, 0xff, 0xf1, 0x0, 0x0, 0x0, 0x0,
    0x0, 0x0, 0x9, 0xff, 0xff, 0xff, 0xff, 0xff,
    0xff, 0xff, 0xff, 0xff, 0xff, 0xff, 0xff, 0x10,
    0x0, 0x0, 0x0, 0x0, 0x0, 0x0, 0x9f, 0xff,
    0xff, 0xff, 0xff, 0xff, 0xff, 0xff, 0xff, 0xff,
    0xff, 0xff, 0xf1, 0x0, 0x0, 0x0, 0x0, 0x0,
    0x0, 0x5, 0x99, 0x99, 0x99, 0x99, 0x99, 0x99,
    0x99, 0x99, 0x99, 0x99, 0xef, 0xff, 0x10, 0x0,
    0x0, 0x0, 0x0, 0x0, 0x0, 0x0, 0x0, 0x0,
    0x0, 0x0, 0x0, 0x0, 0x0, 0x0, 0x0, 0xc,
    0xff, 0xf1, 0x0, 0x0, 0x0, 0x0, 0x0, 0x0,
    0x0, 0x0, 0x0, 0x0, 0x0, 0x0, 0x0, 0x0,
    0x0, 0x0, 0x0, 0xcf, 0xff, 0x10, 0x0, 0x0,
    0x0, 0x0, 0x0, 0x0, 0x0, 0x0, 0x0, 0x0,
    0x0, 0x0, 0x0, 0x0, 0x0, 0x0, 0x6, 0xff,
    0xf1, 0x0, 0x0, 0x0, 0x3, 0xbb, 0xbb, 0xbb,
    0xbb, 0xbb, 0xbb, 0xbb, 0xbb, 0xbb, 0xbb, 0xbb,
    0xa0, 0x0, 0x2, 0x45, 0x0, 0x0, 0x0, 0x0,
    0x5f, 0xff, 0xff, 0xff, 0xff, 0xff, 0xff, 0xff,
    0xff, 0xff, 0xff, 0xff, 0x60, 0x0, 0x0, 0x0,
    0x0, 0x0, 0x0, 0x5, 0xff, 0xff, 0xff, 0xff,
    0xff, 0xff, 0xff, 0xff, 0xff, 0xff, 0xff, 0xff,
    0x40, 0x0, 0x0, 0x0, 0x0, 0x0, 0x0, 0x3f,
    0xff, 0xff, 0xff, 0xff, 0xff, 0xff, 0xff, 0xff,
    0xff, 0xff, 0xff, 0xff, 0x81, 0x0, 0x0, 0x0,
    0x0, 0x0, 0x0, 0xef, 0xff, 0xff, 0xff, 0xff,
    0xff, 0xff, 0xff, 0xff, 0xff, 0xff, 0xff, 0xff,
    0xfe, 0xd6, 0x0, 0x0, 0x0, 0x0, 0x6, 0xff,
    0xff, 0xff, 0xff, 0xff, 0xff, 0xff, 0xff, 0xff,
    0xff, 0xff, 0xff, 0xff, 0xfe, 0x10, 0x0, 0x0,
    0x0, 0x0, 0x8, 0xff, 0xff, 0xff, 0xff, 0xff,
    0xff, 0xff, 0xff, 0xff, 0xff, 0xff, 0xff, 0xfe,
    0x20, 0x0, 0x0, 0x0, 0x0, 0x0, 0x4, 0xae,
    0xff, 0xff, 0xff, 0xff, 0xff, 0xff, 0xff, 0xff,
    0xff, 0xff, 0xd8, 0x10, 0x0, 0x0, 0x0, 0x0,
    0x0,

    /* U+F0D43 "󰵃" */
    0x0, 0x0, 0x0, 0x0, 0x69, 0x99, 0x99, 0x99,
    0x99, 0x99, 0x99, 0x99, 0x99, 0x99, 0x97, 0x10,
    0x0, 0x0, 0x0, 0x0, 0x0, 0x0, 0x1, 0xdf,
    0xff, 0xff, 0xff, 0xff, 0xff, 0xff, 0xff, 0xff,
    0xff, 0xff, 0xff, 0x30, 0x0, 0x0, 0x0, 0x0,
    0x0, 0x0, 0xbf, 0xff, 0xff, 0xff, 0xff, 0xff,
    0xff, 0xff, 0xff, 0xff, 0xff, 0xff, 0xfe, 0x0,
    0x0, 0x0, 0x0, 0x0, 0x0, 0x1f, 0xff, 0xff,
    0xff, 0xff, 0xff, 0xff, 0xff, 0xff, 0xff, 0xff,
    0xff, 0xff, 0xf4, 0x0, 0x0, 0x0, 0x0, 0x0,
    0x2, 0xff, 0xfa, 0x22, 0x22, 0x22, 0x22, 0x22,
    0x22, 0x22, 0x22, 0x22, 0x7f, 0xff, 0x60, 0x0,
    0x0, 0x0, 0x0, 0x0, 0x2f, 0xff, 0x90, 0x0,
    0x0, 0x0, 0x0, 0x0, 0x0, 0x0, 0x0, 0x6,
    0xff, 0xf6, 0x0, 0x0, 0x0, 0x0, 0x0, 0x2,
    0xff, 0xf9, 0x0, 0x0, 0x0, 0x0, 0x0, 0x0,
    0x0, 0x0, 0x0, 0x6f, 0xff, 0x60, 0x0, 0x0,
    0x0, 0x0, 0x0, 0x2f, 0xff, 0x90, 0x0, 0x0,
    0x0, 0x0, 0x0, 0x0, 0x0, 0x0, 0x6, 0xff,
    0xf6, 0x0, 0x0, 0x0, 0x2a, 0xba, 0x98, 0xff,
    0xf9, 0x0, 0x0, 0x0, 0x0, 0x0, 0x0, 0x0,
    0x15, 0x8a, 0xdf, 0xff, 0xa3, 0x0, 0x0, 0xc,
    0xff, 0xff, 0xff, 0xff, 0x90, 0x0, 0x0, 0x0,
    0x0, 0x0, 0x5, 0xbf, 0xff, 0xff, 0xff, 0xff,
    0xfe, 0x91, 0x0, 0xdf, 0xff, 0xff, 0xff, 0xf9,
    0x0, 0x0, 0x0, 0x0, 0x0, 0x5d, 0xff, 0xff,
    0xff, 0xff, 0xff, 0xff, 0xff, 0xf4, 0x5, 0xff,
    0xff, 0xff, 0xff, 0x90, 0x0, 0x0, 0x0, 0x38,
    0xef, 0xff, 0xff, 0xff, 0xff, 0xff, 0xff, 0xff,
    0xff, 0xf0, 0x0, 0x23, 0x5a, 0xff, 0xf9, 0x0,
    0xb, 0xee, 0xff, 0xff, 0xff, 0xff, 0xe9, 0x53,
    0x22, 0x35, 0x9e, 0xff, 0xff, 0x10, 0x0, 0x0,
    0x2f, 0xff, 0x90, 0x0, 0xcf, 0xff, 0xff, 0xff,
    0xfe, 0x70, 0x0, 0x0, 0x0, 0x0, 0x4, 0xcf,
    0x70, 0x0, 0x0, 0x2, 0xff, 0xf9, 0x0, 0xc,
    0xff, 0xff, 0xff, 0xd5, 0x0, 0x0, 0x0, 0x0,
    0x0, 0x0, 0x0, 0x0, 0x0, 0x1, 0x0, 0x2f,
    0xff, 0x90, 0x0, 0x9e, 0xdc, 0xa7, 0x30, 0x0,
    0x0, 0x0, 0x1, 0x10, 0x0, 0x0, 0x0, 0x0,
    0x5f, 0xff, 0xec, 0xff, 0xf9, 0x0, 0x0, 0x0,
    0x0, 0x0, 0x0, 0x0, 0x6a, 0xef, 0xff, 0xfe,
    0xc9, 0x40, 0x0, 0xd, 0xff, 0xff, 0xff, 0xff,
    0x90, 0x0, 0x0, 0x0, 0x0, 0x0, 0x29, 0xff,
    0xff, 0xff, 0xff, 0xff, 0xff, 0xe7, 0x0, 0xcf,
    0xff, 0xff, 0xff, 0xf9, 0x0, 0x0, 0x0, 0x0,
    0x2, 0xaf, 0xff, 0xff, 0xff, 0xff, 0xff, 0xff,
    0xff, 0xfa, 0x2, 0xac, 0xdf, 0xff, 0xff, 0x90,
    0x0, 0x24, 0x45, 0x8d, 0xff, 0xff, 0xff, 0xff,
    0xdc, 0xcd, 0xff, 0xff, 0xff, 0xf1, 0x0, 0x0,
    0x5, 0xff, 0xf9, 0x0, 0x8, 0xff, 0xff, 0xff,
    0xff, 0xff, 0xa4, 0x0, 0x0, 0x0, 0x27, 0xcf,
    0xfe, 0x0, 0x0, 0x0, 0x2f, 0xff, 0x90, 0x0,
    0x8f, 0xff, 0xff, 0xff, 0xe8, 0x10, 0x0, 0x0,
    0x0, 0x0, 0x0, 0x47, 0x20, 0x0, 0x0, 0x2,
    0xff, 0xf9, 0x0, 0x8, 0xff, 0xff, 0xfb, 0x60,
    0x0, 0x0, 0x0, 0x0, 0x0, 0x0, 0x0, 0x0,
    0x1, 0x89, 0x87, 0x6f, 0xff, 0x90, 0x0, 0x25,
    0x54, 0x30, 0x0, 0x0, 0x0, 0x36, 0x89, 0x98,
    0x64, 0x10, 0x0, 0x0, 0xbf, 0xff, 0xff, 0xff,
    0xf9, 0x0, 0x0, 0x0, 0x0, 0x0, 0x0, 0x29,
    0xff, 0xff, 0xff, 0xff, 0xff, 0xc6, 0x0, 0xd,
    0xff, 0xff, 0xff, 0xff, 0x90, 0x0, 0x0, 0x0,
    0x0, 0x3, 0xbf, 0xff, 0xff, 0xff, 0xff, 0xff,
    0xff, 0xfd, 0x20, 0x6f, 0xff, 0xff, 0xff, 0xf9,
    0x0, 0x0, 0x0, 0x1, 0x5b, 0xff, 0xff, 0xff,
    0xff, 0xff, 0xff, 0xff, 0xff, 0xfe, 0x0, 0x13,
    0x58, 0xef, 0xff, 0x90, 0x0, 0x7d, 0xde, 0xff,
    0xff, 0xff, 0xff, 0xfb, 0x87, 0x89, 0xbf, 0xff,
    0xff, 0xf1, 0x0, 0x0, 0x2, 0xff, 0xf9, 0x0,
    0x8, 0xff, 0xff, 0xff, 0xff, 0xfd, 0x60, 0x0,
    0x0, 0x0, 0x3, 0x9f, 0xfc, 0x0, 0x0, 0x0,
    0x2f, 0xff, 0x90, 0x0, 0x8f, 0xff, 0xff, 0xff,
    0xd5, 0x0, 0x0, 0x0, 0x0, 0x0, 0x0, 0x25,
    0x0, 0x0, 0x0, 0x2, 0xff, 0xf9, 0x0, 0x8,
    0xff, 0xff, 0xea, 0x40, 0x0, 0x0, 0x0, 0x0,
    0x0, 0x0, 0x0, 0x0, 0x0, 0x0, 0x0, 0x2f,
    0xff, 0x90, 0x0, 0x24, 0x43, 0x20, 0x0, 0x0,
    0x0, 0x0, 0x4, 0xa9, 0x61, 0x0, 0x0, 0x0,
    0x0, 0x0, 0x2, 0xff, 0xf9, 0x0, 0x0, 0x0,
    0x0, 0x0, 0x0, 0x0, 0x0, 0x0, 0x6f, 0xff,
    0x60, 0x0, 0x0, 0x0, 0x0, 0x0, 0x2f, 0xff,
    0x90, 0x0, 0x0, 0x0, 0x0, 0x0, 0x0, 0x0,
    0x0, 0x6, 0xff, 0xf6, 0x0, 0x0, 0x0, 0x0,
    0x0, 0x2, 0xff, 0xf9, 0x0, 0x0, 0x0, 0x0,
    0x0, 0x0, 0x0, 0x0, 0x0, 0x6f, 0xff, 0x60,
    0x0, 0x0, 0x0, 0x0, 0x0, 0x2f, 0xff, 0xed,
    0xdd, 0xdd, 0xdd, 0xdd, 0xdd, 0xdd, 0xdd, 0xdd,
    0xde, 0xff, 0xf5, 0x0, 0x0, 0x0, 0x0, 0x0,
    0x0, 0xef, 0xff, 0xff, 0xff, 0xff, 0xff, 0xff,
    0xff, 0xff, 0xff, 0xff, 0xff, 0xff, 0x20, 0x0,
    0x0, 0x0, 0x0, 0x0, 0x5, 0xff, 0xff, 0xff,
    0xff, 0xff, 0xff, 0xff, 0xff, 0xff, 0xff, 0xff,
    0xff, 0x80, 0x0, 0x0, 0x0, 0x0, 0x0, 0x0,
    0x4, 0xce, 0xff, 0xff, 0xff, 0xff, 0xff, 0xff,
    0xff, 0xff, 0xff, 0xfd, 0x60, 0x0, 0x0, 0x0,
    0x0,

    /* U+F0D91 "󰶑" */
    0x0, 0x0, 0x0, 0x0, 0x0, 0x0, 0x0, 0x39,
    0xa6, 0x0, 0x0, 0x0, 0x0, 0x0, 0x0, 0x0,
    0x0, 0x0, 0x0, 0x0, 0x0, 0x0, 0x0, 0x0,
    0x0, 0x0, 0x0, 0x5, 0xff, 0xff, 0xb0, 0x0,
    0x0, 0x0, 0x2, 0x21, 0x0, 0x12, 0x10, 0x1,
    0x22, 0x20, 0x0, 0x0, 0x0, 0x0, 0x0, 0x0,
    0xe, 0xff, 0xff, 0xf6, 0x0, 0x0, 0x0, 0xf,
    0xfa, 0x0, 0xdf, 0xc0, 0xb, 0xff, 0xf1, 0x0,
    0x0, 0x0, 0x0, 0x0, 0x0, 0x2f, 0xff, 0xff,
    0xfa, 0x0, 0x0, 0x0, 0xe, 0xfb, 0x0, 0xbf,
    0xf0, 0x6, 0xff, 0xf1, 0x0, 0x0, 0x0, 0x0,
    0x0, 0x0, 0x1f, 0xff, 0xff, 0xf9, 0x0, 0x0,
    0x0, 0xb, 0xfe, 0x0, 0x7f, 0xf5, 0x0, 0xbf,
    0xf1, 0x0, 0x0, 0x0, 0x0, 0x0, 0x0, 0xb,
    0xff, 0xff, 0xf2, 0x0, 0x0, 0x0, 0x8, 0xff,
    0x30, 0x1f, 0xfd, 0x10, 0x5, 0xa0, 0x0, 0x0,
    0x0, 0x0, 0x0, 0x0, 0x1, 0xaf, 0xfd, 0x30,
    0x0, 0x0, 0x0, 0x2, 0xff, 0x90, 0x7, 0xff,
    0xc1, 0x0, 0x0, 0x0, 0x0, 0x0, 0x0, 0x0,
    0x15, 0x72, 0x0, 0x0, 0x0, 0x0, 0x0, 0x0,
    0x0, 0xcf, 0xf2, 0x0, 0xaf, 0xfe, 0x82, 0x0,
    0x0, 0x0, 0x0, 0x2, 0x7c, 0xff, 0xff, 0x70,
    0x0, 0x0, 0x0, 0x0, 0x0, 0x0, 0x4f, 0xfc,
    0x0, 0x9, 0xff, 0xff, 0xf1, 0x0, 0x0, 0x38,
    0xdf, 0xff, 0xff, 0xff, 0xf3, 0x0, 0x0, 0x0,
    0x0, 0x0, 0x0, 0xb, 0xff, 0x90, 0x0, 0x5d,
    0xff, 0xf1, 0x4, 0x9e, 0xff, 0xff, 0xff, 0xff,
    0xff, 0xfc, 0x0, 0x0, 0x0, 0x0, 0x0, 0x0,
    0x1, 0xef, 0xf9, 0x0, 0x0, 0x37, 0x90, 0x2f,
    0xff, 0xff, 0xff, 0xff, 0xff, 0xff, 0xff, 0x60,
    0x0, 0x0, 0x0, 0x0, 0x0, 0x0, 0x2e, 0xff,
    0xd3, 0x0, 0x0, 0x0, 0x2f, 0xff, 0xff, 0xfc,
    0xef, 0xff, 0xff, 0xff, 0xf1, 0x0, 0x0, 0x0,
    0x0, 0x0, 0x0, 0x2, 0xdf, 0xff, 0xc6, 0x10,
    0x0, 0x2f, 0xff, 0xc6, 0x10, 0xef, 0xff, 0xff,
    0xff, 0xfa, 0x0, 0x0, 0x0, 0x0, 0x0, 0x0,
    0x0, 0x9, 0xff, 0xff, 0xff, 0xd1, 0x2f, 0xff,
    0x40, 0x2, 0xff, 0xff, 0xff, 0xff, 0xff, 0x40,
    0x0, 0x0, 0x0, 0x0, 0x0, 0x0, 0x0, 0x3a,
    0xff, 0xff, 0xf1, 0x2f, 0xff, 0x40, 0x6, 0xff,
    0xff, 0xff, 0xef, 0xff, 0xd7, 0x77, 0x77, 0x75,
    0x0, 0x0, 0x0, 0x0, 0x0, 0x15, 0x8b, 0xc0,
    0x2f, 0xff, 0x40, 0xa, 0xff, 0xff, 0xff, 0x3f,
    0xff, 0xff, 0xff, 0xff, 0xfc, 0x0, 0x0, 0x0,
    0x0, 0x0, 0x0, 0x0, 0x0, 0x2f, 0xff, 0x40,
    0xe, 0xff, 0xff, 0xfd, 0x6, 0xff, 0xff, 0xff,
    0xff, 0xfc, 0x0, 0x0, 0x0, 0x0, 0x0, 0x0,
    0x0, 0x0, 0x2f, 0xff, 0x40, 0x2f, 0xff, 0xff,
    0xf9, 0x0, 0xcf, 0xff, 0xff, 0xff, 0xfb, 0x0,
    0x0, 0x0, 0x0, 0x0, 0x0, 0x0, 0x0, 0x2f,
    0xff, 0x40, 0x6f, 0xff, 0xff, 0xf5, 0x0, 0x0,
    0x0, 0x0, 0x0, 0x0, 0x0, 0x0, 0x0, 0x0,
    0x0, 0x0, 0x0, 0x0, 0x2e, 0xee, 0x40, 0xaf,
    0xff, 0xff, 0xf1, 0x0, 0x0, 0x0, 0x0, 0x0,
    0x0, 0x0, 0x0, 0x0, 0x0, 0x0, 0x0, 0x0,
    0x0, 0x0, 0x0, 0x0, 0xef, 0xff, 0xff, 0xf3,
    0x0, 0x0, 0x0, 0x0, 0x0, 0x0, 0x0, 0x0,
    0x0, 0x0, 0x0, 0x0, 0x0, 0x0, 0x0, 0x0,
    0x3, 0xff, 0xff, 0xff, 0xfc, 0x0, 0x0, 0x0,
    0x0, 0x0, 0x0, 0x0, 0x0, 0x0, 0x0, 0x0,
    0x0, 0x0, 0x0, 0x0, 0x0, 0x7, 0xff, 0xff,
    0xff, 0xff, 0x40, 0x0, 0x0, 0x0, 0x0, 0x0,
    0x0, 0x0, 0x0, 0x0, 0x0, 0x0, 0x0, 0x0,
    0x0, 0x0, 0xb, 0xff, 0xff, 0xff, 0xff, 0xd0,
    0x0, 0x0, 0x0, 0x0, 0x0, 0x0, 0x0, 0x0,
    0x0, 0x0, 0x0, 0x0, 0x0, 0x0, 0x0, 0xf,
    0xff, 0xff, 0xff, 0xff, 0xf6, 0x0, 0x0, 0x0,
    0x0, 0x0, 0x0, 0x0, 0x0, 0x0, 0x0, 0x0,
    0x0, 0x0, 0x0, 0x0, 0x3f, 0xff, 0xfd, 0xff,
    0xff, 0xfe, 0x0, 0x0, 0x0, 0x0, 0x0, 0x0,
    0x0, 0x0, 0x0, 0x0, 0x0, 0x0, 0x0, 0x0,
    0x0, 0x7f, 0xff, 0xf6, 0x6f, 0xff, 0xff, 0x70,
    0x0, 0x0, 0x0, 0x0, 0x0, 0x0, 0x0, 0x0,
    0x0, 0x0, 0x0, 0x0, 0x0, 0x0, 0xbf, 0xff,
    0xf1, 0xa, 0xff, 0xff, 0xf1, 0x0, 0x0, 0x0,
    0x0, 0x0, 0x0, 0x0, 0x0, 0x0, 0x0, 0x0,
    0x0, 0x0, 0x0, 0xff, 0xff, 0xa0, 0x0, 0xdf,
    0xff, 0xf8, 0x0, 0x0, 0x0, 0x0, 0x0, 0x0,
    0x0, 0x0, 0x0, 0x0, 0x0, 0x0, 0x0, 0x3,
    0xff, 0xff, 0x50, 0x0, 0x2f, 0xff, 0xfb, 0x0,
    0x0, 0x0, 0x0, 0x0, 0x0, 0x0, 0x0, 0x0,
    0x0, 0x0, 0x0, 0x0, 0x7, 0xff, 0xff, 0x0,
    0x0, 0x6, 0xff, 0xfb, 0x0, 0x0, 0x0, 0x0,
    0x0, 0x0, 0x0, 0x0, 0x0, 0x0, 0x0, 0x0,
    0x0, 0xb, 0xff, 0xf9, 0x0, 0x0, 0x0, 0xcf,
    0xfb, 0x0, 0x0, 0x0, 0x0, 0x0, 0x0, 0x0,
    0x0, 0x0, 0x0, 0x0, 0x0, 0x0, 0xf, 0xff,
    0xf4, 0x0, 0x0, 0x0, 0xbf, 0xfb, 0x0, 0x0,
    0x0, 0x0, 0x0, 0x0, 0x0, 0x0, 0x0, 0x0,
    0x0, 0x0, 0x0, 0x3f, 0xff, 0xe0, 0x0, 0x0,
    0x0, 0xbf, 0xfb, 0x0, 0x0, 0x0, 0x0, 0x0,
    0x0, 0x0, 0x0, 0x0, 0x0, 0x0, 0x0, 0x0,
    0x8f, 0xff, 0x80, 0x0, 0x0, 0x0, 0xbf, 0xfb,
    0x0, 0x0, 0x0, 0x0, 0x0, 0x0, 0x0, 0x0,
    0x0, 0x0, 0x0, 0x0, 0x0, 0xcf, 0xff, 0x30,
    0x0, 0x0, 0x0, 0xbf, 0xfb, 0x0, 0x0, 0x0,
    0x0, 0x0, 0x0, 0x0, 0x0, 0x0, 0x0, 0x0,
    0x0, 0x0, 0xff, 0xfd, 0x0, 0x0, 0x0, 0x0,
    0xbf, 0xfb, 0x0, 0x0, 0x0, 0x0, 0x0, 0x0,
    0x0, 0x0, 0x0, 0x0, 0x0, 0x0, 0x4, 0xff,
    0xf8, 0x0, 0x0, 0x0, 0x0, 0xbf, 0xfb, 0x0,
    0x0, 0x0, 0x0, 0x0, 0x0, 0x0, 0x0, 0x0,
    0x0, 0x0, 0x0, 0x8, 0xff, 0xf2, 0x0, 0x0,
    0x0, 0x0, 0xbf, 0xfb, 0x0, 0x0, 0x0, 0x0,
    0x0, 0x0, 0x0, 0x0, 0x0, 0x0, 0x0, 0x0,
    0xc, 0xff, 0xc0, 0x0, 0x0, 0x0, 0x0, 0xbf,
    0xfb, 0x0, 0x0, 0x0, 0x0, 0x0, 0x0, 0x0,
    0x0, 0x0, 0x0, 0x0, 0x0, 0xe, 0xff, 0x60,
    0x0, 0x0, 0x0, 0x0, 0xaf, 0xfa, 0x0, 0x0,
    0x0, 0x0, 0x0, 0x0, 0x0, 0x0, 0x0, 0x0,
    0x0, 0x0,

    /* U+F0ECC "󰻌" */
    0x0, 0x0, 0x0, 0x0, 0x0, 0x0, 0x0, 0x0,
    0x0, 0x0, 0x0, 0x0, 0x0, 0x0, 0x0, 0x0,
    0x0, 0x0, 0x0, 0x0, 0x0, 0x0, 0x0, 0x0,
    0x0, 0x1, 0x7e, 0xe7, 0x10, 0x0, 0x0, 0x0,
    0x0, 0x0, 0x0, 0x0, 0x0, 0x0, 0x0, 0x0,
    0x0, 0x0, 0x2, 0x9f, 0xff, 0xff, 0xf9, 0x20,
    0x0, 0x0, 0x0, 0x0, 0x0, 0x0, 0x0, 0x0,
    0x0, 0x0, 0x0, 0x3, 0xaf, 0xff, 0xff, 0xff,
    0xff, 0xfa, 0x30, 0x0, 0x0, 0x0, 0x0, 0x0,
    0x0, 0x0, 0x0, 0x0, 0x5, 0xcf, 0xff, 0xff,
    0xff, 0xff, 0xff, 0xff, 0xfc, 0x50, 0x0, 0x0,
    0x0, 0x0, 0x0, 0x0, 0x0, 0x7, 0xdf, 0xff,
    0xff, 0xff, 0xff, 0xff, 0xff, 0xff, 0xff, 0xfd,
    0x70, 0x0, 0x0, 0x0, 0x0, 0x0, 0x18, 0xff,
    0xff, 0xff, 0xff, 0xff, 0xff, 0xff, 0xff, 0xff,
    0xff, 0xff, 0xff, 0x81, 0x0, 0x0, 0x0, 0x3a,
    0xff, 0xff, 0xff, 0xff, 0xff, 0xff, 0xff, 0xff,
    0xff, 0xff, 0xff, 0xff, 0xff, 0xff, 0xa3, 0x0,
    0x1c, 0xff, 0xff, 0xff, 0xff, 0xff, 0xff, 0xff,
    0xff, 0xff, 0xff, 0xff, 0xff, 0xff, 0xff, 0xff,
    0xff, 0xc1, 0x3f, 0xff, 0xff, 0xff, 0xff, 0xff,
    0xff, 0xff, 0xff, 0xff, 0xff, 0xff, 0xff, 0xff,
    0xff, 0xff, 0xff, 0xf3, 0x3f, 0xff, 0xff, 0xff,
    0xff, 0xff, 0xff, 0xff, 0xff, 0xff, 0xff, 0xff,
    0xff, 0xff, 0xff, 0xff, 0xff, 0xf3, 0x3f, 0xff,
    0xff, 0xff, 0xff, 0xff, 0xff, 0xff, 0xff, 0xff,
    0xff, 0xff, 0xff, 0xff, 0xff, 0xff, 0xff, 0xf3,
    0x3f, 0xff, 0xff, 0xff, 0xff, 0xff, 0xff, 0xff,
    0x65, 0x56, 0xff, 0xff, 0xff, 0xff, 0xff, 0xff,
    0xff, 0xf3, 0x3f, 0xff, 0xff, 0xff, 0xff, 0xff,
    0xff, 0xff, 0x10, 0x1, 0xff, 0xff, 0xff, 0xff,
    0xff, 0xff, 0xff, 0xf3, 0x3f, 0xff, 0xff, 0xff,
    0xff, 0xff, 0xff, 0xff, 0x10, 0x1, 0xff, 0xff,
    0xff, 0xff, 0xff, 0xff, 0xff, 0xf3, 0x3f, 0xff,
    0xff, 0xff, 0xff, 0xff, 0xff, 0xff, 0x10, 0x1,
    0xff, 0xff, 0xff, 0xff, 0xff, 0xff, 0xff, 0xf3,
    0x3f, 0xff, 0xff, 0xff, 0xff, 0xff, 0xff, 0xff,
    0x10, 0x1, 0xff, 0xff, 0xff, 0xff, 0xff, 0xff,
    0xff, 0xf3, 0x3f, 0xff, 0xff, 0xff, 0xff, 0xff,
    0xff, 0xff, 0x10, 0x1, 0xff, 0xff, 0xff, 0xff,
    0xff, 0xff, 0xff, 0xf3, 0x3f, 0xff, 0xff, 0xff,
    0xff, 0xff, 0xff, 0xff, 0x10, 0x1, 0xff, 0xff,
    0xff, 0xff, 0xff, 0xff, 0xff, 0xf3, 0x3f, 0xff,
    0xff, 0xff, 0xff, 0xff, 0xff, 0xff, 0x10, 0x1,
    0xff, 0xff, 0xff, 0xff, 0xff, 0xff, 0xff, 0xf3,
    0x3f, 0xff, 0xff, 0xff, 0xff, 0xff, 0xff, 0xff,
    0x10, 0x1, 0xff, 0xff, 0xff, 0xff, 0xff, 0xff,
    0xff, 0xf3, 0x2f, 0xff, 0xff, 0xff, 0xff, 0xff,
    0xff, 0xff, 0x10, 0x1, 0xff, 0xff, 0xff, 0xff,
    0xff, 0xff, 0xff, 0xf2, 0x1f, 0xff, 0xff, 0xff,
    0xff, 0xff, 0xff, 0xff, 0x10, 0x1, 0xff, 0xff,
    0xff, 0xff, 0xff, 0xff, 0xff, 0xf1, 0xf, 0xff,
    0xff, 0xff, 0xff, 0xff, 0xff, 0xff, 0x32, 0x23,
    0xff, 0xff, 0xff, 0xff, 0xff, 0xff, 0xff, 0xf0,
    0xc, 0xff, 0xff, 0xff, 0xff, 0xff, 0xff, 0xff,
    0xff, 0xff, 0xff, 0xff, 0xff, 0xff, 0xff, 0xff,
    0xff, 0xc0, 0x9, 0xff, 0xff, 0xff, 0xff, 0xff,
    0xff, 0xff, 0xff, 0xff, 0xff, 0xff, 0xff, 0xff,
    0xff, 0xff, 0xff, 0x90, 0x5, 0xff, 0xff, 0xff,
    0xff, 0xff, 0xff, 0xff, 0xff, 0xff, 0xff, 0xff,
    0xff, 0xff, 0xff, 0xff, 0xff, 0x50, 0x0, 0xff,
    0xff, 0xff, 0xff, 0xff, 0xff, 0xff, 0xbb, 0xbb,
    0xff, 0xff, 0xff, 0xff, 0xff, 0xff, 0xff, 0x0,
    0x0, 0xaf, 0xff, 0xff, 0xff, 0xff, 0xff, 0xff,
    0x10, 0x1, 0xff, 0xff, 0xff, 0xff, 0xff, 0xff,
    0xfa, 0x0, 0x0, 0x4f, 0xff, 0xff, 0xff, 0xff,
    0xff, 0xff, 0x10, 0x1, 0xff, 0xff, 0xff, 0xff,
    0xff, 0xff, 0xf4, 0x0, 0x0, 0xd, 0xff, 0xff,
    0xff, 0xff, 0xff, 0xff, 0x10, 0x1, 0xff, 0xff,
    0xff, 0xff, 0xff, 0xff, 0xd0, 0x0, 0x0, 0x4,
    0xff, 0xff, 0xff, 0xff, 0xff, 0xff, 0x76, 0x67,
    0xff, 0xff, 0xff, 0xff, 0xff, 0xff, 0x40, 0x0,
    0x0, 0x0, 0xbf, 0xff, 0xff, 0xff, 0xff, 0xff,
    0xff, 0xff, 0xff, 0xff, 0xff, 0xff, 0xff, 0xfb,
    0x0, 0x0, 0x0, 0x0, 0x2f, 0xff, 0xff, 0xff,
    0xff, 0xff, 0xff, 0xff, 0xff, 0xff, 0xff, 0xff,
    0xff, 0xf2, 0x0, 0x0, 0x0, 0x0, 0x6, 0xff,
    0xff, 0xff, 0xff, 0xff, 0xff, 0xff, 0xff, 0xff,
    0xff, 0xff, 0xff, 0x60, 0x0, 0x0, 0x0, 0x0,
    0x0, 0x9f, 0xff, 0xff, 0xff, 0xff, 0xff, 0xff,
    0xff, 0xff, 0xff, 0xff, 0xf9, 0x0, 0x0, 0x0,
    0x0, 0x0, 0x0, 0xb, 0xff, 0xff, 0xff, 0xff,
    0xff, 0xff, 0xff, 0xff, 0xff, 0xff, 0xb0, 0x0,
    0x0, 0x0, 0x0, 0x0, 0x0, 0x0, 0xbf, 0xff,
    0xff, 0xff, 0xff, 0xff, 0xff, 0xff, 0xff, 0xfb,
    0x0, 0x0, 0x0, 0x0, 0x0, 0x0, 0x0, 0x0,
    0xa, 0xff, 0xff, 0xff, 0xff, 0xff, 0xff, 0xff,
    0xff, 0xa0, 0x0, 0x0, 0x0, 0x0, 0x0, 0x0,
    0x0, 0x0, 0x0, 0x6f, 0xff, 0xff, 0xff, 0xff,
    0xff, 0xff, 0xf6, 0x0, 0x0, 0x0, 0x0, 0x0,
    0x0, 0x0, 0x0, 0x0, 0x0, 0x2, 0xcf, 0xff,
    0xff, 0xff, 0xff, 0xfc, 0x20, 0x0, 0x0, 0x0,
    0x0, 0x0, 0x0, 0x0, 0x0, 0x0, 0x0, 0x0,
    0x5, 0xcf, 0xff, 0xff, 0xfc, 0x50, 0x0, 0x0,
    0x0, 0x0, 0x0, 0x0, 0x0, 0x0, 0x0, 0x0,
    0x0, 0x0, 0x0, 0x4, 0x9e, 0xe9, 0x40, 0x0,
    0x0, 0x0, 0x0, 0x0, 0x0, 0x0, 0x0, 0x0,
    0x0, 0x0, 0x0, 0x0, 0x0, 0x0, 0x0, 0x0,
    0x0, 0x0, 0x0, 0x0, 0x0, 0x0, 0x0, 0x0,

    /* U+F0FC6 "󰿆" */
    0x0, 0x0, 0x0, 0x0, 0x0, 0x0, 0x0, 0x0,
    0x0, 0x0, 0x0, 0x0, 0x0, 0x0, 0x0, 0x11,
    0x10, 0x0, 0x0, 0x0, 0x0, 0x0, 0x0, 0x0,
    0x0, 0x0, 0x0, 0x0, 0x0, 0x0, 0x0, 0x0,
    0x0, 0x0, 0x3, 0xae, 0xff, 0xfe, 0xa4, 0x0,
    0x0, 0x0, 0x0, 0x0, 0x0, 0x0, 0x0, 0x0,
    0x0, 0x0, 0x0, 0x0, 0x0, 0x0, 0x0, 0xaf,
    0xff, 0xff, 0xff, 0xff, 0xb1, 0x0, 0x0, 0x0,
    0x0, 0x0, 0x0, 0x0, 0x0, 0x0, 0x0, 0x0,
    0x0, 0x0, 0x0, 0x2d, 0xff, 0xff, 0xff, 0xff,
    0xff, 0xfe, 0x20, 0x0, 0x0, 0x0, 0x0, 0x0,
    0x0, 0x0, 0x0, 0x0, 0x0, 0x0, 0x0, 0x0,
    0xdf, 0xff, 0xff, 0xdb, 0xdf, 0xff, 0xff, 0xd1,
    0x0, 0x0, 0x0, 0x0, 0x0, 0x0, 0x0, 0x0,
    0x0, 0x0, 0x0, 0x0, 0xa, 0xff, 0xff, 0x81,
    0x0, 0x1, 0x8f, 0xff, 0xfb, 0x0, 0x0, 0x0,
    0x0, 0x0, 0x0, 0x0, 0x0, 0x0, 0x0, 0x0,
    0x0, 0x3f, 0xff, 0xf5, 0x0, 0x0, 0x0, 0x5,
    0xff, 0xff, 0x30, 0x0, 0x0, 0x0, 0x0, 0x0,
    0x0, 0x0, 0x0, 0x0, 0x0, 0x0, 0x9f, 0xff,
    0x90, 0x0, 0x0, 0x0, 0x0, 0x8f, 0xff, 0xa0,
    0x0, 0x0, 0x0, 0x0, 0x0, 0x0, 0x0, 0x0,
    0x0, 0x0, 0x0, 0xdf, 0xff, 0x20, 0x0, 0x0,
    0x0, 0x0, 0x1f, 0xff, 0xe0, 0x0, 0x0, 0x0,
    0x0, 0x0, 0x0, 0x0, 0x0, 0x0, 0x0, 0x0,
    0xff, 0xfe, 0x0, 0x0, 0x0, 0x0, 0x0, 0xd,
    0xff, 0xf0, 0x0, 0x0, 0x0, 0x0, 0x0, 0x0,
    0x0, 0x0, 0x0, 0x0, 0x0, 0xff, 0xfd, 0x0,
    0x0, 0x0, 0x0, 0x0, 0xc, 0xff, 0xf1, 0x0,
    0x0, 0x0, 0x0, 0x0, 0x0, 0x0, 0x0, 0x0,
    0x0, 0x0, 0xff, 0xfc, 0x0, 0x0, 0x0, 0x0,
    0x0, 0xc, 0xff, 0xf1, 0x0, 0x0, 0x0, 0x0,
    0x0, 0x0, 0x0, 0x0, 0x0, 0x0, 0x0, 0xff,
    0xfc, 0x0, 0x0, 0x0, 0x0, 0x0, 0xc, 0xff,
    0xf1, 0x0, 0x0, 0x0, 0x0, 0x0, 0x0, 0x0,
    0x0, 0x0, 0x0, 0x0, 0xff, 0xfc, 0x0, 0x0,
    0x0, 0x0, 0x0, 0xc, 0xff, 0xf1, 0x0, 0x2a,
    0xde, 0xee, 0xee, 0xee, 0xee, 0xee, 0xee, 0xee,
    0xee, 0xff, 0xff, 0xee, 0xc6, 0x0, 0x0, 0x0,
    0x1, 0x11, 0x10, 0x3, 0xff, 0xff, 0xff, 0xff,
    0xff, 0xff, 0xff, 0xff, 0xff, 0xff, 0xff, 0xff,
    0xff, 0xff, 0xa0, 0x0, 0x0, 0x0, 0x0, 0x0,
    0xc, 0xff, 0xff, 0xff, 0xff, 0xff, 0xff, 0xff,
    0xff, 0xff, 0xff, 0xff, 0xff, 0xff, 0xff, 0xf4,
    0x0, 0x0, 0x0, 0x0, 0x0, 0xf, 0xff, 0xff,
    0xff, 0xff, 0xff, 0xff, 0xff, 0xff, 0xff, 0xff,
    0xff, 0xff, 0xff, 0xff, 0xf8, 0x0, 0x0, 0x0,
    0x0, 0x0, 0x1f, 0xff, 0xff, 0xff, 0xff, 0xff,
    0xff, 0xff, 0xff, 0xff, 0xff, 0xff, 0xff, 0xff,
    0xff, 0xf8, 0x0, 0x0, 0x0, 0x0, 0x0, 0x1f,
    0xff, 0xff, 0xff, 0xff, 0xff, 0xff, 0xff, 0xff,
    0xff, 0xff, 0xff, 0xff, 0xff, 0xff, 0xf8, 0x0,
    0x0, 0x0, 0x0, 0x0, 0x1f, 0xff, 0xff, 0xff,
    0xff, 0xff, 0xff, 0xff, 0xff, 0xff, 0xff, 0xff,
    0xff, 0xff, 0xff, 0xf8, 0x0, 0x0, 0x0, 0x0,
    0x0, 0x1f, 0xff, 0xff, 0xff, 0xff, 0xff, 0xff,
    0xff, 0xff, 0xff, 0xff, 0xff, 0xff, 0xff, 0xff,
    0xf8, 0x0, 0x0, 0x0, 0x0, 0x0, 0x1f, 0xff,
    0xff, 0xff, 0xff, 0xff, 0xff, 0xff, 0xff, 0xff,
    0xff, 0xff, 0xff, 0xff, 0xff, 0xf8, 0x0, 0x0,
    0x0, 0x0, 0x0, 0x1f, 0xff, 0xff, 0xff, 0xff,
    0xff, 0xff, 0xfb, 0xad, 0xff, 0xff, 0xff, 0xff,
    0xff, 0xff, 0xf8, 0x0, 0x0, 0x0, 0x0, 0x0,
    0x1f, 0xff, 0xff, 0xff, 0xff, 0xff, 0xfc, 0x10,
    0x0, 0x6f, 0xff, 0xff, 0xff, 0xff, 0xff, 0xf8,
    0x0, 0x0, 0x0, 0x0, 0x0, 0x1f, 0xff, 0xff,
    0xff, 0xff, 0xff, 0xe1, 0x0, 0x0, 0x8, 0xff,
    0xff, 0xff, 0xff, 0xff, 0xf8, 0x0, 0x0, 0x0,
    0x0, 0x0, 0x1f, 0xff, 0xff, 0xff, 0xff, 0xff,
    0x90, 0x0, 0x0, 0x1, 0xff, 0xff, 0xff, 0xff,
    0xff, 0xf8, 0x0, 0x0, 0x0, 0x0, 0x0, 0x1f,
    0xff, 0xff, 0xff, 0xff, 0xff, 0x70, 0x0, 0x0,
    0x0, 0xff, 0xff, 0xff, 0xff, 0xff, 0xf8, 0x0,
    0x0, 0x0, 0x0, 0x0, 0x1f, 0xff, 0xff, 0xff,
    0xff, 0xff, 0x80, 0x0, 0x0, 0x1, 0xff, 0xff,
    0xff, 0xff, 0xff, 0xf8, 0x0, 0x0, 0x0, 0x0,
    0x0, 0x1f, 0xff, 0xff, 0xff, 0xff, 0xff, 0xe0,
    0x0, 0x0, 0x7, 0xff, 0xff, 0xff, 0xff, 0xff,
    0xf8, 0x0, 0x0, 0x0, 0x0, 0x0, 0x1f, 0xff,
    0xff, 0xff, 0xff, 0xff, 0xfb, 0x10, 0x0, 0x5f,
    0xff, 0xff, 0xff, 0xff, 0xff, 0xf8, 0x0, 0x0,
    0x0, 0x0, 0x0, 0x1f, 0xff, 0xff, 0xff, 0xff,
    0xff, 0xff, 0xfa, 0x9c, 0xff, 0xff, 0xff, 0xff,
    0xff, 0xff, 0xf8, 0x0, 0x0, 0x0, 0x0, 0x0,
    0x1f, 0xff, 0xff, 0xff, 0xff, 0xff, 0xff, 0xff,
    0xff, 0xff, 0xff, 0xff, 0xff, 0xff, 0xff, 0xf8,
    0x0, 0x0, 0x0, 0x0, 0x0, 0x1f, 0xff, 0xff,
    0xff, 0xff, 0xff, 0xff, 0xff, 0xff, 0xff, 0xff,
    0xff, 0xff, 0xff, 0xff, 0xf8, 0x0, 0x0, 0x0,
    0x0, 0x0, 0x1f, 0xff, 0xff, 0xff, 0xff, 0xff,
    0xff, 0xff, 0xff, 0xff, 0xff, 0xff, 0xff, 0xff,
    0xff, 0xf8, 0x0, 0x0, 0x0, 0x0, 0x0, 0x1f,
    0xff, 0xff, 0xff, 0xff, 0xff, 0xff, 0xff, 0xff,
    0xff, 0xff, 0xff, 0xff, 0xff, 0xff, 0xf8, 0x0,
    0x0, 0x0, 0x0, 0x0, 0x1f, 0xff, 0xff, 0xff,
    0xff, 0xff, 0xff, 0xff, 0xff, 0xff, 0xff, 0xff,
    0xff, 0xff, 0xff, 0xf8, 0x0, 0x0, 0x0, 0x0,
    0x0, 0xf, 0xff, 0xff, 0xff, 0xff, 0xff, 0xff,
    0xff, 0xff, 0xff, 0xff, 0xff, 0xff, 0xff, 0xff,
    0xf8, 0x0, 0x0, 0x0, 0x0, 0x0, 0xc, 0xff,
    0xff, 0xff, 0xff, 0xff, 0xff, 0xff, 0xff, 0xff,
    0xff, 0xff, 0xff, 0xff, 0xff, 0xf4, 0x0, 0x0,
    0x0, 0x0, 0x0, 0x3, 0xff, 0xff, 0xff, 0xff,
    0xff, 0xff, 0xff, 0xff, 0xff, 0xff, 0xff, 0xff,
    0xff, 0xff, 0xb0, 0x0, 0x0, 0x0, 0x0, 0x0,
    0x0, 0x3b, 0xef, 0xff, 0xff, 0xff, 0xff, 0xff,
    0xff, 0xff, 0xff, 0xff, 0xff, 0xff, 0xd7, 0x0,
    0x0, 0x0, 0x0, 0x0, 0x0,

    /* U+F0FCE "󰿎" */
    0x0, 0x0, 0x0, 0x0, 0x0, 0x0, 0x0, 0x0,
    0x0, 0x0, 0x0, 0x0, 0x0, 0x0, 0x0, 0x0,
    0x1, 0x47, 0xad, 0x10, 0x0, 0x0, 0x0, 0x0,
    0x0, 0x0, 0x0, 0x0, 0x0, 0x0, 0x0, 0x0,
    0x0, 0x0, 0x0, 0x3, 0xbe, 0xff, 0xff, 0xf4,
    0x0, 0x0, 0x0, 0x0, 0x0, 0x0, 0x0, 0x0,
    0x0, 0x0, 0x0, 0x0, 0x1, 0x40, 0x0, 0x0,
    0xc, 0xff, 0xff, 0xff, 0x70, 0x0, 0x0, 0x0,
    0x0, 0x0, 0x0, 0x0, 0x0, 0x0, 0x0, 0x0,
    0x9e, 0xff, 0x70, 0x0, 0x0, 0x1e, 0xff, 0xff,
    0xfa, 0x0, 0x0, 0x0, 0x0, 0x0, 0x0, 0x0,
    0x2, 0x64, 0x0, 0x0, 0x2, 0xff, 0xff, 0x30,
    0x0, 0x0, 0x4f, 0xff, 0xff, 0xd0, 0x0, 0x0,
    0x0, 0x0, 0x0, 0x0, 0x2e, 0xff, 0xf3, 0x0,
    0x0, 0x5, 0xff, 0xfe, 0x10, 0x0, 0x0, 0x7f,
    0xff, 0xff, 0x0, 0x0, 0x1, 0x69, 0x20, 0x0,
    0x0, 0x7f, 0xff, 0xd1, 0x0, 0x0, 0x8, 0xff,
    0xfb, 0x0, 0x0, 0x0, 0xbf, 0xff, 0xf3, 0x0,
    0x7, 0xff, 0xfd, 0x0, 0x0, 0x0, 0xaf, 0xff,
    0xb0, 0x0, 0x0, 0xb, 0xff, 0xf8, 0x0, 0x0,
    0x1, 0xef, 0xea, 0x30, 0x6, 0xff, 0xff, 0xfa,
    0x0, 0x0, 0x0, 0xdf, 0xff, 0x70, 0x0, 0x0,
    0x1e, 0xff, 0xf4, 0x0, 0x0, 0x2, 0x10, 0x0,
    0x0, 0xdf, 0xff, 0xff, 0xf6, 0x0, 0x0, 0x2,
    0xff, 0xff, 0x40, 0x0, 0x0, 0x3f, 0xda, 0x60,
    0x0, 0x0, 0x0, 0x0, 0x0, 0xf, 0xff, 0xff,
    0xff, 0xf3, 0x0, 0x0, 0x5, 0xff, 0xfe, 0x10,
    0x0, 0x0, 0x0, 0x0, 0x0, 0x0, 0x0, 0x0,
    0x0, 0x0, 0xef, 0xff, 0xff, 0xff, 0xd1, 0x0,
    0x0, 0x8, 0xda, 0x72, 0x0, 0x0, 0x0, 0x0,
    0x0, 0x0, 0x0, 0x0, 0x0, 0x0, 0xa, 0xff,
    0xff, 0xff, 0xff, 0xb0, 0x0, 0x0, 0x0, 0x0,
    0x0, 0x0, 0x0, 0x0, 0x0, 0x0, 0x0, 0x0,
    0x0, 0x0, 0x0, 0x7f, 0xff, 0xff, 0xda, 0x74,
    0x0, 0x0, 0x0, 0x0, 0x0, 0x0, 0x0, 0x0,
    0x0, 0x0, 0x0, 0x0, 0x0, 0x0, 0x0, 0x3,
    0xea, 0x74, 0x10, 0x0, 0x0, 0x0, 0x0, 0x0,
    0x0, 0x0, 0x0, 0x0, 0x0, 0x0, 0x0, 0x0,
    0x0, 0x0, 0x0, 0x0, 0x2f, 0xff, 0xff, 0xff,
    0xff, 0xff, 0xff, 0xff, 0xff, 0xff, 0xff, 0xff,
    0xff, 0xff, 0xff, 0xff, 0xff, 0xff, 0xff, 0xf2,
    0x2, 0xff, 0xff, 0xff, 0xff, 0xff, 0xff, 0xff,
    0xff, 0xff, 0xff, 0xff, 0xff, 0xff, 0xff, 0xff,
    0xff, 0xff, 0xff, 0xff, 0x20, 0x2f, 0xff, 0xff,
    0xff, 0xff, 0xff, 0xff, 0xff, 0xff, 0xff, 0xff,
    0xff, 0xff, 0xff, 0xff, 0xff, 0xff, 0xff, 0xff,
    0xf2, 0x2, 0xff, 0xff, 0xff, 0xff, 0xff, 0xff,
    0xff, 0xff, 0xff, 0xff, 0xff, 0xff, 0xff, 0xff,
    0xff, 0xff, 0xff, 0xff, 0xff, 0x20, 0x2f, 0xff,
    0xff, 0xff, 0xff, 0xff, 0xff, 0xff, 0xff, 0xff,
    0xff, 0xff, 0xff, 0xff, 0xff, 0xff, 0xff, 0xff,
    0xff, 0xf2, 0x2, 0xff, 0xff, 0xff, 0xff, 0xff,
    0xff, 0xff, 0xff, 0xff, 0xff, 0xff, 0xff, 0xff,
    0xff, 0xff, 0xff, 0xff, 0xff, 0xff, 0x20, 0x2f,
    0xff, 0xff, 0xff, 0xff, 0xff, 0xff, 0xff, 0xff,
    0xff, 0xff, 0xff, 0xff, 0xff, 0xff, 0xff, 0xff,
    0xff, 0xff, 0xf2, 0x2, 0xff, 0xff, 0xff, 0xff,
    0xff, 0xff, 0xff, 0xff, 0xff, 0xff, 0xff, 0xff,
    0xff, 0xff, 0xff, 0xff, 0xff, 0xff, 0xff, 0x20,
    0x2f, 0xff, 0xff, 0xff, 0xff, 0xff, 0xff, 0xff,
    0xff, 0xff, 0xff, 0xff, 0xff, 0xff, 0xff, 0xff,
    0xff, 0xff, 0xff, 0xf2, 0x2, 0xff, 0xff, 0xff,
    0xff, 0xff, 0xff, 0xff, 0xff, 0xff, 0xff, 0xff,
    0xff, 0xff, 0xff, 0xff, 0xff, 0xff, 0xff, 0xff,
    0x20, 0x2f, 0xff, 0xff, 0xff, 0xff, 0xff, 0xff,
    0xff, 0xff, 0xff, 0xff, 0xff, 0xff, 0xff, 0xff,
    0xff, 0xff, 0xff, 0xff, 0xf2, 0x2, 0xff, 0xff,
    0xff, 0xff, 0xff, 0xff, 0xff, 0xff, 0xff, 0xff,
    0xff, 0xff, 0xff, 0xff, 0xff, 0xff, 0xff, 0xff,
    0xff, 0x20, 0x2f, 0xff, 0xff, 0xff, 0xff, 0xff,
    0xff, 0xff, 0xff, 0xff, 0xff, 0xff, 0xff, 0xff,
    0xff, 0xff, 0xff, 0xff, 0xff, 0xf2, 0x2, 0xff,
    0xff, 0xff, 0xff, 0xff, 0xff, 0xff, 0xff, 0xff,
    0xff, 0xff, 0xff, 0xff, 0xff, 0xff, 0xff, 0xff,
    0xff, 0xff, 0x20, 0x2f, 0xff, 0xff, 0xff, 0xff,
    0xff, 0xff, 0xff, 0xff, 0xff, 0xff, 0xff, 0xff,
    0xff, 0xff, 0xff, 0xff, 0xff, 0xff, 0xf2, 0x2,
    0xff, 0xff, 0xff, 0xff, 0xff, 0xff, 0xff, 0xff,
    0xff, 0xff, 0xff, 0xff, 0xff, 0xff, 0xff, 0xff,
    0xff, 0xff, 0xff, 0x20, 0x2f, 0xff, 0xff, 0xff,
    0xff, 0xff, 0xff, 0xff, 0xff, 0xff, 0xff, 0xff,
    0xff, 0xff, 0xff, 0xff, 0xff, 0xff, 0xff, 0xf2,
    0x2, 0xff, 0xff, 0xff, 0xff, 0xff, 0xff, 0xff,
    0xff, 0xff, 0xff, 0xff, 0xff, 0xff, 0xff, 0xff,
    0xff, 0xff, 0xff, 0xff, 0x20, 0x2f, 0xff, 0xff,
    0xff, 0xff, 0xff, 0xff, 0xff, 0xff, 0xff, 0xff,
    0xff, 0xff, 0xff, 0xff, 0xff, 0xff, 0xff, 0xff,
    0xf2, 0x1, 0xff, 0xff, 0xff, 0xff, 0xff, 0xff,
    0xff, 0xff, 0xff, 0xff, 0xff, 0xff, 0xff, 0xff,
    0xff, 0xff, 0xff, 0xff, 0xff, 0x10, 0xd, 0xff,
    0xff, 0xff, 0xff, 0xff, 0xff, 0xff, 0xff, 0xff,
    0xff, 0xff, 0xff, 0xff, 0xff, 0xff, 0xff, 0xff,
    0xff, 0xd0, 0x0, 0x4f, 0xff, 0xff, 0xff, 0xff,
    0xff, 0xff, 0xff, 0xff, 0xff, 0xff, 0xff, 0xff,
    0xff, 0xff, 0xff, 0xff, 0xff, 0xf4, 0x0, 0x0,
    0x4c, 0xef, 0xff, 0xff, 0xff, 0xff, 0xff, 0xff,
    0xff, 0xff, 0xff, 0xff, 0xff, 0xff, 0xff, 0xff,
    0xfe, 0xc3, 0x0,

    /* U+F1051 "󱁑" */
    0x0, 0x24, 0x0, 0x0, 0x0, 0x0, 0x0, 0x0,
    0x0, 0x0, 0x0, 0x0, 0x0, 0x0, 0x0, 0x0,
    0x0, 0x0, 0x0, 0x0, 0x0, 0x9f, 0xfc, 0x84,
    0x0, 0x0, 0x0, 0x0, 0x0, 0x0, 0x0, 0x0,
    0x0, 0x0, 0x0, 0x0, 0x0, 0x0, 0x0, 0x0,
    0x0, 0xdf, 0xff, 0xff, 0xfc, 0x84, 0x0, 0x0,
    0x0, 0x0, 0x0, 0x0, 0x0, 0x0, 0x0, 0x0,
    0x0, 0x0, 0x0, 0x0, 0x1, 0xff, 0xfd, 0x6a,
    0xef, 0xff, 0xfc, 0x84, 0x0, 0x0, 0x0, 0x0,
    0x0, 0x0, 0x0, 0x0, 0x0, 0x0, 0x0, 0x0,
    0x4, 0xff, 0xf9, 0x0, 0x9, 0xff, 0xff, 0xff,
    0xfc, 0x84, 0x0, 0x0, 0x0, 0x0, 0x0, 0x0,
    0x0, 0x0, 0x0, 0x0, 0x8, 0xff, 0xf5, 0x0,
    0xb, 0xff, 0xf5, 0x7b, 0xff, 0xff, 0xfc, 0x84,
    0x0, 0x0, 0x0, 0x0, 0x0, 0x0, 0x0, 0x0,
    0xc, 0xff, 0xf2, 0x0, 0xf, 0xff, 0xe0, 0x0,
    0x2f, 0xff, 0xff, 0xff, 0xfc, 0x84, 0x0, 0x0,
    0x0, 0x0, 0x0, 0x0, 0xf, 0xff, 0xfd, 0x95,
    0x4f, 0xff, 0xb0, 0x0, 0x6f, 0xff, 0x83, 0x7b,
    0xff, 0xff, 0xfb, 0x73, 0x0, 0x0, 0x0, 0x0,
    0x1, 0x59, 0xdf, 0xff, 0xff, 0xff, 0x70, 0x0,
    0xaf, 0xff, 0x40, 0x0, 0xdf, 0xff, 0xff, 0xff,
    0xfb, 0x73, 0x0, 0x0, 0x0, 0x0, 0x1, 0x59,
    0xdf, 0xff, 0xfd, 0x94, 0xef, 0xff, 0x0, 0x1,
    0xff, 0xfe, 0x3, 0x7b, 0xff, 0xfb, 0x0, 0x0,
    0x0, 0x0, 0x0, 0x0, 0x2, 0x6a, 0xef, 0xff,
    0xff, 0xfd, 0x10, 0x4, 0xff, 0xfa, 0x0, 0x6,
    0xff, 0xf8, 0x0, 0x0, 0x0, 0x0, 0x0, 0x0,
    0x0, 0x0, 0x2, 0x6a, 0xef, 0xff, 0xfd, 0x9b,
    0xff, 0xf6, 0x0, 0xa, 0xff, 0xf4, 0x0, 0x0,
    0x0, 0x0, 0x0, 0x0, 0x0, 0x0, 0x0, 0x0,
    0x2, 0x6a, 0xef, 0xff, 0xff, 0xf6, 0x0, 0xe,
    0xff, 0xf0, 0x0, 0x0, 0x0, 0x0, 0x0, 0x0,
    0x0, 0x0, 0x0, 0x0, 0x0, 0x0, 0x2, 0x6a,
    0xef, 0xff, 0xfc, 0x9f, 0xff, 0xc0, 0x0, 0x0,
    0x0, 0x0, 0x0, 0x0, 0x0, 0x0, 0x0, 0x0,
    0x16, 0x95, 0x10, 0x0, 0x2, 0x6a, 0xef, 0xff,
    0xff, 0x80, 0x0, 0x0, 0x0, 0x0, 0x0, 0x0,
    0x0, 0x0, 0x0, 0x4a, 0xff, 0xff, 0xfd, 0x95,
    0x10, 0x0, 0x2, 0x6a, 0xef, 0x40, 0x0, 0x0,
    0x0, 0x0, 0x0, 0x0, 0x0, 0x1, 0x7d, 0xff,
    0xff, 0xff, 0xff, 0xff, 0xfd, 0x95, 0x10, 0x0,
    0x2, 0x0, 0x0, 0x0, 0x0, 0x0, 0x0, 0x0,
    0x4, 0xaf, 0xff, 0xff, 0xff, 0xff, 0xff, 0xff,
    0xff, 0xff, 0xfd, 0x50, 0x0, 0x0, 0x0, 0x0,
    0x0, 0x0, 0x0, 0x0, 0x1, 0x59, 0xdf, 0xff,
    0xff, 0xff, 0xff, 0xff, 0xff, 0xfe, 0x92, 0x0,
    0x0, 0x0, 0x0, 0x0, 0x0, 0x0, 0x2, 0xa6,
    0x20, 0x0, 0x1, 0x59, 0xdf, 0xff, 0xff, 0xff,
    0xfb, 0x50, 0x0, 0x0, 0x0, 0x0, 0x0, 0x0,
    0x0, 0x0, 0x6, 0xff, 0xfe, 0xa6, 0x20, 0x0,
    0x1, 0x59, 0xdf, 0xe8, 0x20, 0x0, 0x0, 0x0,
    0x0, 0x0, 0x0, 0x0, 0x0, 0x0, 0xa, 0xff,
    0xff, 0xff, 0xfe, 0xa6, 0x20, 0x0, 0x1, 0x0,
    0x0, 0x0, 0x0, 0x0, 0x0, 0x0, 0x0, 0x0,
    0x0, 0x0, 0xe, 0xff, 0xf1, 0x48, 0xcf, 0xff,
    0xfe, 0xa6, 0x20, 0x0, 0x0, 0x0, 0x0, 0x0,
    0x0, 0x0, 0x0, 0x0, 0x0, 0x0, 0x2f, 0xff,
    0xc0, 0x0, 0x4f, 0xff, 0xff, 0xff, 0xfe, 0xa6,
    0x20, 0x0, 0x0, 0x0, 0x0, 0x0, 0x0, 0x0,
    0x0, 0x0, 0x6f, 0xff, 0x80, 0x0, 0x8f, 0xff,
    0x61, 0x59, 0xef, 0xff, 0xfe, 0xa6, 0x20, 0x0,
    0x0, 0x0, 0x0, 0x0, 0x0, 0x0, 0xaf, 0xff,
    0x60, 0x0, 0xcf, 0xff, 0x30, 0x0, 0xef, 0xff,
    0xcf, 0xff, 0xfe, 0x95, 0x10, 0x0, 0x0, 0x0,
    0x0, 0x0, 0xaf, 0xff, 0xfe, 0xb7, 0xff, 0xfe,
    0x0, 0x2, 0xff, 0xfc, 0x1, 0x5b, 0xff, 0xff,
    0xfd, 0x95, 0x10, 0x0, 0x0, 0x0, 0x0, 0x37,
    0xbf, 0xff, 0xff, 0xfd, 0x30, 0x6, 0xff, 0xf8,
    0x0, 0x9, 0xff, 0xfb, 0xdf, 0xff, 0xfd, 0x90,
    0x0, 0x0, 0x0, 0x0, 0x0, 0x48, 0xcf, 0xff,
    0xff, 0xbc, 0xff, 0xf4, 0x0, 0xd, 0xff, 0xf1,
    0x1, 0x5f, 0xff, 0xe0, 0x0, 0x0, 0x0, 0x0,
    0x0, 0x0, 0x0, 0x48, 0xcf, 0xff, 0xff, 0xf8,
    0x30, 0x1f, 0xff, 0xd0, 0x0, 0x4f, 0xff, 0xa0,
    0x0, 0x0, 0x0, 0x0, 0x0, 0x0, 0x0, 0x0,
    0x0, 0x48, 0xcf, 0xff, 0xff, 0xcf, 0xff, 0x90,
    0x0, 0x7f, 0xff, 0x60, 0x0, 0x0, 0x0, 0x0,
    0x0, 0x0, 0x0, 0x0, 0x0, 0x0, 0x0, 0x48,
    0xcf, 0xff, 0xff, 0xc6, 0x20, 0xbf, 0xff, 0x20,
    0x0, 0x0, 0x0, 0x0, 0x0, 0x0, 0x0, 0x0,
    0x0, 0x0, 0x0, 0x0, 0x0, 0x48, 0xcf, 0xff,
    0xfe, 0xff, 0xfe, 0x0, 0x0, 0x0, 0x0, 0x0,
    0x0, 0x0, 0x0, 0x0, 0x0, 0x0, 0x0, 0x0,
    0x0, 0x0, 0x0, 0x48, 0xcf, 0xff, 0xfb, 0x0,
    0x0, 0x0, 0x0, 0x0, 0x0, 0x0, 0x0, 0x0,
    0x0, 0x0, 0x0, 0x0, 0x0, 0x0, 0x0, 0x0,
    0x0, 0x48, 0xc7, 0x0,

    /* U+F10C2 "󱃂" */
    0x0, 0x0, 0x0, 0x0, 0x16, 0x88, 0x61, 0x0,
    0x0, 0x0, 0x0, 0x0, 0x0, 0x0, 0x6, 0xff,
    0xff, 0xff, 0x60, 0x0, 0x0, 0x0, 0x0, 0x0,
    0x0, 0x7f, 0xff, 0xff, 0xff, 0xf7, 0x0, 0x0,
    0x0, 0x0, 0x0, 0x2, 0xff, 0xff, 0xff, 0xff,
    0xff, 0x20, 0x0, 0x0, 0x0, 0x0, 0x8, 0xff,
    0xfe, 0x44, 0xef, 0xff, 0x80, 0x0, 0x0, 0x0,
    0x0, 0xb, 0xff, 0xf4, 0x0, 0x4f, 0xff, 0xb0,
    0x0, 0x0, 0x0, 0x0, 0xc, 0xff, 0xfa, 0x99,
    0xaf, 0xff, 0xc0, 0x0, 0x0, 0x0, 0x0, 0xc,
    0xff, 0xff, 0xff, 0xff, 0xff, 0xc0, 0x0, 0x0,
    0x0, 0x0, 0xc, 0xff, 0xff, 0xff, 0xff, 0xff,
    0xc0, 0x0, 0x0, 0x0, 0x0, 0xc, 0xff, 0xff,
    0xff, 0xff, 0xff, 0xc0, 0x0, 0x0, 0x0, 0x0,
    0xc, 0xff, 0xff, 0xff, 0xff, 0xff, 0xc0, 0x0,
    0x0, 0x0, 0x0, 0xc, 0xff, 0xff, 0xff, 0xff,
    0xff, 0xc0, 0x0, 0x0, 0x0, 0x0, 0xc, 0xff,
    0xff, 0xff, 0xff, 0xff, 0xc0, 0x0, 0x0, 0x0,
    0x0, 0xc, 0xff, 0xff, 0xff, 0xff, 0xff, 0xc0,
    0x0, 0x0, 0x0, 0x0, 0xc, 0xff, 0xff, 0xff,
    0xff, 0xff, 0xc0, 0x0, 0x0, 0x0, 0x0, 0xc,
    0xff, 0xff, 0xff, 0xff, 0xff, 0xc0, 0x0, 0x0,
    0x0, 0x0, 0xc, 0xff, 0xff, 0xff, 0xff, 0xff,
    0xc0, 0x0, 0x0, 0x0, 0x0, 0xc, 0xff, 0xff,
    0xff, 0xff, 0xff, 0xc0, 0x0, 0x0, 0x0, 0x0,
    0xc, 0xff, 0xff, 0xff, 0xff, 0xff, 0xc0, 0x0,
    0x0, 0x0, 0x0, 0xc, 0xff, 0xff, 0xff, 0xff,
    0xff, 0xc0, 0x0, 0x0, 0x0, 0x0, 0xc, 0xff,
    0xff, 0xff, 0xff, 0xff, 0xc0, 0x0, 0x0, 0x0,
    0x0, 0xd, 0xff, 0xff, 0xff, 0xff, 0xff, 0xd0,
    0x0, 0x0, 0x0, 0x0, 0xaf, 0xff, 0xff, 0xff,
    0xff, 0xff, 0xfa, 0x0, 0x0, 0x0, 0x9, 0xff,
    0xff, 0xff, 0xff, 0xff, 0xff, 0xff, 0x90, 0x0,
    0x0, 0x4f, 0xff, 0xff, 0xff, 0xff, 0xff, 0xff,
    0xff, 0xf4, 0x0, 0x0, 0xcf, 0xff, 0xff, 0xff,
    0xff, 0xff, 0xff, 0xff, 0xfc, 0x0, 0x2, 0xff,
    0xff, 0xff, 0xff, 0xff, 0xff, 0xff, 0xff, 0xff,
    0x20, 0x6, 0xff, 0xff, 0xff, 0xff, 0xff, 0xff,
    0xff, 0xff, 0xff, 0x60, 0x8, 0xff, 0xff, 0xff,
    0xff, 0xff, 0xff, 0xff, 0xff, 0xff, 0x80, 0x9,
    0xff, 0xff, 0xff, 0xff, 0xff, 0xff, 0xff, 0xff,
    0xff, 0x90, 0x8, 0xff, 0xff, 0xff, 0xff, 0xff,
    0xff, 0xff, 0xff, 0xff, 0x80, 0x5, 0xff, 0xff,
    0xff, 0xff, 0xff, 0xff, 0xff, 0xff, 0xff, 0x50,
    0x1, 0xff, 0xff, 0xff, 0xff, 0xff, 0xff, 0xff,
    0xff, 0xff, 0x10, 0x0, 0xaf, 0xff, 0xff, 0xff,
    0xff, 0xff, 0xff, 0xff, 0xfa, 0x0, 0x0, 0x2f,
    0xff, 0xff, 0xff, 0xff, 0xff, 0xff, 0xff, 0xf2,
    0x0, 0x0, 0x5, 0xff, 0xff, 0xff, 0xff, 0xff,
    0xff, 0xff, 0x50, 0x0, 0x0, 0x0, 0x6f, 0xff,
    0xff, 0xff, 0xff, 0xff, 0xf6, 0x0, 0x0, 0x0,
    0x0, 0x3, 0xcf, 0xff, 0xff, 0xff, 0xfc, 0x30,
    0x0, 0x0, 0x0, 0x0, 0x0, 0x4, 0x9d, 0xee,
    0xd9, 0x40, 0x0, 0x0, 0x0,

    /* U+F10C3 "󱃃" */
    0x0, 0x0, 0x0, 0x0, 0x16, 0x88, 0x61, 0x0,
    0x0, 0x0, 0x0, 0x0, 0x0, 0x0, 0x6, 0xff,
    0xff, 0xff, 0x60, 0x0, 0x0, 0x0, 0x0, 0x0,
    0x0, 0x7f, 0xff, 0xff, 0xff, 0xf7, 0x0, 0x0,
    0x0, 0x0, 0x0, 0x2, 0xff, 0xff, 0xff, 0xff,
    0xff, 0x20, 0x0, 0x0, 0x0, 0x0, 0x8, 0xff,
    0xfd, 0x44, 0xdf, 0xff, 0x80, 0x0, 0x0, 0x0,
    0x0, 0xb, 0xff, 0xf3, 0x0, 0x3f, 0xff, 0xb0,
    0x0, 0x0, 0x0, 0x0, 0xc, 0xff, 0xf1, 0x0,
    0x1f, 0xff, 0xc0, 0x0, 0x0, 0x0, 0x0, 0xc,
    0xff, 0xf1, 0x0, 0x1f, 0xff, 0xc0, 0x0, 0x0,
    0x0, 0x0, 0xc, 0xff, 0xf1, 0x0, 0x1f, 0xff,
    0xc0, 0x0, 0x0, 0x0, 0x0, 0xc, 0xff, 0xf1,
    0x0, 0x1f, 0xff, 0xc0, 0x0, 0x0, 0x0, 0x0,
    0xc, 0xff, 0xf1, 0x0, 0x1f, 0xff, 0xc0, 0x0,
    0x0, 0x0, 0x0, 0xc, 0xff, 0xf1, 0x0, 0x1f,
    0xff, 0xc0, 0x0, 0x0, 0x0, 0x0, 0xc, 0xff,
    0xf1, 0x0, 0x1f, 0xff, 0xc0, 0x0, 0x0, 0x0,
    0x0, 0xc, 0xff, 0xf1, 0x0, 0x1f, 0xff, 0xc0,
    0x0, 0x0, 0x0, 0x0, 0xc, 0xff, 0xf1, 0x0,
    0x1f, 0xff, 0xc0, 0x0, 0x0, 0x0, 0x0, 0xc,
    0xff, 0xf1, 0x0, 0x1f, 0xff, 0xc0, 0x0, 0x0,
    0x0, 0x0, 0xc, 0xff, 0xf1, 0x0, 0x1f, 0xff,
    0xc0, 0x0, 0x0, 0x0, 0x0, 0xc, 0xff, 0xf1,
    0x0, 0x1f, 0xff, 0xc0, 0x0, 0x0, 0x0, 0x0,
    0xc, 0xff, 0xf1, 0x0, 0x1f, 0xff, 0xc0, 0x0,
    0x0, 0x0, 0x0, 0xc, 0xff, 0xf4, 0x22, 0x4f,
    0xff, 0xc0, 0x0, 0x0, 0x0, 0x0, 0xc, 0xff,
    0xff, 0xff, 0xff, 0xff, 0xc0, 0x0, 0x0, 0x0,
    0x0, 0xd, 0xff, 0xff, 0xff, 0xff, 0xff, 0xd0,
    0x0, 0x0, 0x0, 0x0, 0xaf, 0xff, 0xff, 0xff,
    0xff, 0xff, 0xfa, 0x0, 0x0, 0x0, 0x9, 0xff,
    0xff, 0xff, 0xff, 0xff, 0xff, 0xff, 0x90, 0x0,
    0x0, 0x4f, 0xff, 0xff, 0xff, 0xff, 0xff, 0xff,
    0xff, 0xf4, 0x0, 0x0, 0xcf, 0xff, 0xff, 0xff,
    0xff, 0xff, 0xff, 0xff, 0xfc, 0x0, 0x2, 0xff,
    0xff, 0xff, 0xff, 0xff, 0xff, 0xff, 0xff, 0xff,
    0x20, 0x6, 0xff, 0xff, 0xff, 0xff, 0xff, 0xff,
    0xff, 0xff, 0xff, 0x60, 0x8, 0xff, 0xff, 0xff,
    0xff, 0xff, 0xff, 0xff, 0xff, 0xff, 0x80, 0x9,
    0xff, 0xff, 0xff, 0xff, 0xff, 0xff, 0xff, 0xff,
    0xff, 0x90, 0x8, 0xff, 0xff, 0xff, 0xff, 0xff,
    0xff, 0xff, 0xff, 0xff, 0x80, 0x5, 0xff, 0xff,
    0xff, 0xff, 0xff, 0xff, 0xff, 0xff, 0xff, 0x50,
    0x1, 0xff, 0xff, 0xff, 0xff, 0xff, 0xff, 0xff,
    0xff, 0xff, 0x10, 0x0, 0xaf, 0xff, 0xff, 0xff,
    0xff, 0xff, 0xff, 0xff, 0xfa, 0x0, 0x0, 0x2f,
    0xff, 0xff, 0xff, 0xff, 0xff, 0xff, 0xff, 0xf2,
    0x0, 0x0, 0x5, 0xff, 0xff, 0xff, 0xff, 0xff,
    0xff, 0xff, 0x50, 0x0, 0x0, 0x0, 0x6f, 0xff,
    0xff, 0xff, 0xff, 0xff, 0xf6, 0x0, 0x0, 0x0,
    0x0, 0x3, 0xcf, 0xff, 0xff, 0xff, 0xfc, 0x30,
    0x0, 0x0, 0x0, 0x0, 0x0, 0x4, 0x9d, 0xee,
    0xd9, 0x40, 0x0, 0x0, 0x0,

    /* U+F1253 "󱉓" */
    0x0, 0x0, 0x0, 0x0, 0x0, 0x0, 0x0, 0x0,
    0x38, 0xbd, 0xca, 0x71, 0x0, 0x0, 0x0, 0x0,
    0x0, 0x0, 0x0, 0x0, 0x0, 0x0, 0x0, 0x0,
    0x0, 0x0, 0x0, 0x3c, 0xff, 0xff, 0xff, 0xff,
    0x91, 0x0, 0x0, 0x0, 0x0, 0x0, 0x0, 0x0,
    0x0, 0x0, 0x0, 0x0, 0x0, 0x0, 0x6, 0xff,
    0xff, 0xff, 0xff, 0xff, 0xfe, 0x30, 0x0, 0x0,
    0x0, 0x0, 0x0, 0x0, 0x0, 0x0, 0x0, 0x0,
    0x0, 0x0, 0x6f, 0xff, 0xff, 0xff, 0xff, 0xff,
    0xff, 0xe2, 0x0, 0x0, 0x0, 0x0, 0x0, 0x0,
    0x0, 0x0, 0x18, 0xd7, 0x0, 0x2, 0xff, 0xff,
    0xff, 0xff, 0xff, 0xff, 0xff, 0xfd, 0x0, 0x0,
    0xcb, 0x50, 0x0, 0x0, 0x0, 0x5, 0xef, 0xf1,
    0x0, 0xb, 0xff, 0xff, 0xff, 0xff, 0xff, 0xff,
    0xff, 0xff, 0x60, 0x0, 0x6f, 0xfc, 0x20, 0x0,
    0x0, 0x5f, 0xff, 0xc0, 0x0, 0x2f, 0xff, 0xff,
    0xff, 0xff, 0xff, 0xff, 0xff, 0xff, 0xd0, 0x0,
    0x1f, 0xff, 0xe2, 0x0, 0x2, 0xff, 0xff, 0x90,
    0x0, 0x7f, 0xff, 0xff, 0xff, 0xff, 0xff, 0xff,
    0xff, 0xff, 0xf2, 0x0, 0xe, 0xff, 0xfc, 0x0,
    0xa, 0xff, 0xff, 0x70, 0x0, 0xaf, 0xff, 0xff,
    0xff, 0xff, 0xff, 0xff, 0xff, 0xff, 0xf5, 0x0,
    0xc, 0xff, 0xff, 0x50, 0xf, 0xff, 0xff, 0x70,
    0x0, 0xbf, 0xff, 0xff, 0xff, 0xff, 0xff, 0xff,
    0xff, 0xff, 0xf6, 0x0, 0xc, 0xff, 0xff, 0xa0,
    0x3f, 0xff, 0xff, 0x80, 0x0, 0xbf, 0xff, 0xff,
    0xff, 0xff, 0xff, 0xff, 0xff, 0xff, 0xf5, 0x0,
    0xd, 0xff, 0xff, 0xe0, 0x4f, 0xff, 0xff, 0x90,
    0x0, 0x9f, 0xff, 0xff, 0xff, 0xff, 0xff, 0xff,
    0xff, 0xff, 0xf3, 0x0, 0xe, 0xff, 0xff, 0xf0,
    0x3f, 0xff, 0xff, 0xc0, 0x0, 0x5f, 0xff, 0xff,
    0xff, 0xff, 0xff, 0xff, 0xff, 0xff, 0xf0, 0x0,
    0x1f, 0xff, 0xff, 0xe0, 0x1f, 0xff, 0xff, 0xf1,
    0x0, 0xe, 0xff, 0xff, 0xff, 0xff, 0xff, 0xff,
    0xff, 0xff, 0xa0, 0x0, 0x5f, 0xff, 0xff, 0xb0,
    0xb, 0xff, 0xff, 0xf5, 0x0, 0x7, 0xff, 0xff,
    0xff, 0xff, 0xff, 0xff, 0xff, 0xff, 0x20, 0x0,
    0xaf, 0xff, 0xff, 0x60, 0x3, 0xff, 0xff, 0xfc,
    0x0, 0x0, 0xcf, 0xff, 0xff, 0xff, 0xff, 0xff,
    0xff, 0xf7, 0x0, 0x2, 0xff, 0xff, 0xfd, 0x0,
    0x0, 0x8f, 0xff, 0xff, 0x50, 0x0, 0x1d, 0xff,
    0xff, 0xff, 0xff, 0xff, 0xff, 0x90, 0x0, 0xa,
    0xff, 0xff, 0xf3, 0x0, 0x0, 0x8, 0xff, 0xff,
    0xe1, 0x0, 0x0, 0xff, 0xff, 0xff, 0xff, 0xff,
    0xfa, 0x0, 0x0, 0x4f, 0xff, 0xfe, 0x40, 0x0,
    0x0, 0x0, 0x8f, 0xff, 0xfc, 0x0, 0x0, 0xef,
    0xff, 0xff, 0xff, 0xff, 0xf9, 0x0, 0x2, 0xff,
    0xff, 0xf3, 0x0, 0x0, 0x0, 0x0, 0x8f, 0xff,
    0xff, 0x30, 0x0, 0xef, 0xff, 0xff, 0xff, 0xff,
    0xf9, 0x0, 0x8, 0xff, 0xff, 0xf3, 0x0, 0x0,
    0x0, 0x0, 0x8f, 0xff, 0xff, 0x30, 0x0, 0xef,
    0xff, 0xff, 0xff, 0xff, 0xf9, 0x0, 0x8, 0xff,
    0xff, 0xf3, 0x0, 0x0, 0x0, 0x0, 0x7f, 0xff,
    0xff, 0x30, 0x0, 0xdf, 0xff, 0xff, 0xff, 0xff,
    0xf8, 0x0, 0x8, 0xff, 0xff, 0xf2, 0x0, 0x0,
    0x0, 0x0, 0x1d, 0xff, 0xff, 0x30, 0x0, 0x5f,
    0xff, 0xff, 0xff, 0xff, 0xe2, 0x0, 0x8, 0xff,
    0xff, 0x90, 0x0, 0x0, 0x0, 0x0, 0x0, 0x22,
    0x22, 0x0, 0x0, 0x1, 0x22, 0x22, 0x22, 0x22,
    0x0, 0x0, 0x1, 0x22, 0x21, 0x0, 0x0, 0x0,
    0x0, 0x0, 0x0, 0x0, 0x0, 0x0, 0x0, 0x0,
    0x0, 0x0, 0x0, 0x0, 0x0, 0x0, 0x0, 0x0,
    0x0, 0x0, 0x0, 0x0, 0x0, 0x0, 0x0, 0x8f,
    0xff, 0x30, 0x0, 0x0, 0xff, 0xff, 0xff, 0xfa,
    0x0, 0x0, 0x8, 0xff, 0xf3, 0x0, 0x0, 0x0,
    0x0, 0x0, 0x0, 0x8f, 0xff, 0x30, 0x0, 0x0,
    0xff, 0xff, 0xff, 0xfb, 0x0, 0x0, 0x8, 0xff,
    0xf3, 0x0, 0x0, 0x0, 0x0, 0x0, 0x0, 0x6f,
    0xff, 0x40, 0x0, 0x0, 0xef, 0xff, 0xff, 0xf9,
    0x0, 0x0, 0x9, 0xff, 0xf1, 0x0, 0x0, 0x0,
    0x0, 0x0, 0x0, 0xa, 0xee, 0x60, 0x0, 0x0,
    0x3c, 0xee, 0xee, 0xb1, 0x0, 0x0, 0xb, 0xed,
    0x60, 0x0, 0x0, 0x0,

    /* U+F1254 "󱉔" */
    0x0, 0x0, 0x0, 0x0, 0x0, 0x0, 0x0, 0x0,
    0x0, 0x0, 0x0, 0x0, 0x0, 0x0, 0x0, 0x0,
    0x0, 0x0, 0x0, 0x0, 0x0, 0x0, 0x0, 0x0,
    0x0, 0x0, 0x0, 0x0, 0x4, 0x8b, 0xb9, 0x62,
    0x0, 0x0, 0x0, 0x0, 0x0, 0x0, 0x0, 0x0,
    0x0, 0x0, 0x0, 0x0, 0x0, 0x0, 0x0, 0x6,
    0xef, 0xff, 0xff, 0xff, 0xa2, 0x0, 0x0, 0x0,
    0x0, 0x0, 0x0, 0x0, 0x0, 0x0, 0x0, 0x0,
    0x0, 0x0, 0x1, 0xcf, 0xff, 0xff, 0xff, 0xff,
    0xff, 0x50, 0x0, 0x0, 0x0, 0x0, 0x0, 0x0,
    0x0, 0x0, 0x0, 0x0, 0x0, 0x0, 0x1d, 0xff,
    0xff, 0xff, 0xff, 0xff, 0xff, 0xf5, 0x0, 0x0,
    0x0, 0x0, 0x0, 0x0, 0x0, 0x0, 0x3, 0x9b,
    0x0, 0x0, 0xbf, 0xff, 0xfc, 0x52, 0x14, 0x9f,
    0xff, 0xff, 0x20, 0x0, 0x6b, 0x60, 0x0, 0x0,
    0x0, 0x0, 0x9f, 0xf8, 0x0, 0x4, 0xff, 0xff,
    0x70, 0x0, 0x0, 0x3, 0xff, 0xff, 0xb0, 0x0,
    0x1f, 0xfd, 0x30, 0x0, 0x0, 0xc, 0xff, 0xf3,
    0x0, 0xb, 0xff, 0xf8, 0x0, 0x0, 0x0, 0x0,
    0x5f, 0xff, 0xf3, 0x0, 0xc, 0xff, 0xf4, 0x0,
    0x0, 0xaf, 0xff, 0xf0, 0x0, 0x1f, 0xff, 0xe0,
    0x0, 0x0, 0x0, 0x0, 0xb, 0xff, 0xf8, 0x0,
    0x9, 0xff, 0xff, 0x20, 0x3, 0xff, 0xff, 0xe0,
    0x0, 0x4f, 0xff, 0xa0, 0x0, 0x0, 0x0, 0x0,
    0x6, 0xff, 0xfb, 0x0, 0x7, 0xff, 0xff, 0xa0,
    0x9, 0xff, 0xff, 0xd0, 0x0, 0x5f, 0xff, 0x70,
    0x0, 0x0, 0x0, 0x0, 0x4, 0xff, 0xfc, 0x0,
    0x6, 0xff, 0xff, 0xf0, 0xd, 0xff, 0xff, 0xe0,
    0x0, 0x5f, 0xff, 0x80, 0x0, 0x0, 0x0, 0x0,
    0x4, 0xff, 0xfc, 0x0, 0x7, 0xff, 0xff, 0xf3,
    0xe, 0xff, 0xff, 0xf0, 0x0, 0x3f, 0xff, 0xb0,
    0x0, 0x0, 0x0, 0x0, 0x7, 0xff, 0xfa, 0x0,
    0x8, 0xff, 0xff, 0xf5, 0xe, 0xff, 0xff, 0xf1,
    0x0, 0xf, 0xff, 0xf2, 0x0, 0x0, 0x0, 0x0,
    0xd, 0xff, 0xf6, 0x0, 0xa, 0xff, 0xff, 0xf4,
    0xb, 0xff, 0xff, 0xf6, 0x0, 0x9, 0xff, 0xfc,
    0x0, 0x0, 0x0, 0x0, 0x9f, 0xff, 0xf1, 0x0,
    0xf, 0xff, 0xff, 0xf2, 0x6, 0xff, 0xff, 0xfb,
    0x0, 0x2, 0xff, 0xff, 0xc2, 0x0, 0x0, 0x9,
    0xff, 0xff, 0x80, 0x0, 0x4f, 0xff, 0xff, 0xd0,
    0x0, 0xef, 0xff, 0xff, 0x20, 0x0, 0x8f, 0xff,
    0xff, 0x40, 0x0, 0xdf, 0xff, 0xfc, 0x0, 0x0,
    0xaf, 0xff, 0xff, 0x50, 0x0, 0x4f, 0xff, 0xff,
    0xa0, 0x0, 0xa, 0xff, 0xff, 0x50, 0x0, 0xef,
    0xff, 0xd1, 0x0, 0x3, 0xff, 0xff, 0xfb, 0x0,
    0x0, 0x5, 0xff, 0xff, 0xf4, 0x0, 0x0, 0xbf,
    0xff, 0x50, 0x0, 0xef, 0xfd, 0x0, 0x0, 0xc,
    0xff, 0xff, 0xb0, 0x0, 0x0, 0x0, 0x3f, 0xff,
    0xfe, 0x20, 0x0, 0x8f, 0xff, 0x50, 0x0, 0xef,
    0xfc, 0x0, 0x0, 0x9f, 0xff, 0xfa, 0x0, 0x0,
    0x0, 0x0, 0x2f, 0xff, 0xff, 0x90, 0x0, 0x8f,
    0xff, 0xb9, 0x99, 0xff, 0xfc, 0x0, 0x2, 0xff,
    0xff, 0xf9, 0x0, 0x0, 0x0, 0x0, 0x2f, 0xff,
    0xff, 0x90, 0x0, 0x8f, 0xff, 0xff, 0xff, 0xff,
    0xfc, 0x0, 0x2, 0xff, 0xff, 0xf9, 0x0, 0x0,
    0x0, 0x0, 0x1f, 0xff, 0xff, 0x90, 0x0, 0x7f,
    0xff, 0xff, 0xff, 0xff, 0xfb, 0x0, 0x2, 0xff,
    0xff, 0xf8, 0x0, 0x0, 0x0, 0x0, 0xa, 0xff,
    0xff, 0x90, 0x0, 0x2f, 0xff, 0xff, 0xff, 0xff,
    0xf5, 0x0, 0x2, 0xff, 0xff, 0xf2, 0x0, 0x0,
    0x0, 0x0, 0x0, 0x34, 0x44, 0x20, 0x0, 0x1,
    0x44, 0x44, 0x44, 0x44, 0x20, 0x0, 0x0, 0x44,
    0x44, 0x10, 0x0, 0x0, 0x0, 0x0, 0x0, 0x0,
    0x0, 0x0, 0x0, 0x0, 0x0, 0x0, 0x0, 0x0,
    0x0, 0x0, 0x0, 0x0, 0x0, 0x0, 0x0, 0x0,
    0x0, 0x0, 0x0, 0x2d, 0xdd, 0x70, 0x0, 0x0,
    0x8c, 0xcc, 0xcc, 0xcc, 0x10, 0x0, 0x2, 0xcc,
    0xc7, 0x0, 0x0, 0x0, 0x0, 0x0, 0x0, 0x2f,
    0xff, 0x90, 0x0, 0x0, 0xaf, 0xff, 0xff, 0xff,
    0x10, 0x0, 0x2, 0xff, 0xf9, 0x0, 0x0, 0x0,
    0x0, 0x0, 0x0, 0x1f, 0xff, 0xa0, 0x0, 0x0,
    0x8f, 0xff, 0xff, 0xff, 0x0, 0x0, 0x3, 0xff,
    0xf8, 0x0, 0x0, 0x0, 0x0, 0x0, 0x0, 0x7,
    0xff, 0xd0, 0x0, 0x0, 0x1c, 0xff, 0xff, 0xf6,
    0x0, 0x0, 0x6, 0xff, 0xd1, 0x0, 0x0, 0x0,
    0x0, 0x0, 0x0, 0x0, 0x0, 0x0, 0x0, 0x0,
    0x0, 0x0, 0x0, 0x0, 0x0, 0x0, 0x0, 0x0,
    0x0, 0x0, 0x0, 0x0,

    /* U+F12A8 "󱊨" */
    0x0, 0x4, 0x77, 0x77, 0x77, 0x77, 0x77, 0x77,
    0x77, 0x77, 0x77, 0x77, 0x77, 0x77, 0x77, 0x77,
    0x77, 0x77, 0x50, 0x0, 0x0, 0xcf, 0xff, 0xff,
    0xff, 0xff, 0xff, 0xff, 0xff, 0xff, 0xff, 0xff,
    0xff, 0xff, 0xff, 0xff, 0xff, 0xff, 0xfd, 0x10,
    0xa, 0xff, 0xff, 0xff, 0xff, 0xff, 0xff, 0xff,
    0xff, 0xff, 0xff, 0xff, 0xff, 0xff, 0xff, 0xff,
    0xff, 0xff, 0xff, 0xc0, 0xf, 0xff, 0xff, 0xff,
    0xff, 0xff, 0xff, 0xff, 0xff, 0xff, 0xff, 0xff,
    0xff, 0xff, 0xff, 0xff, 0xff, 0xff, 0xff, 0xf2,
    0x2f, 0xff, 0xb4, 0x44, 0x44, 0x44, 0x44, 0x44,
    0x44, 0x44, 0x44, 0x44, 0x44, 0x44, 0x44, 0x44,
    0x44, 0x4a, 0xff, 0xf4, 0x2f, 0xff, 0xa0, 0x0,
    0x0, 0x0, 0x0, 0x0, 0x0, 0x0, 0x0, 0x0,
    0x0, 0x0, 0x0, 0x0, 0x0, 0x8, 0xff, 0xf4,
    0x2f, 0xff, 0xa0, 0x0, 0x0, 0x0, 0x0, 0x0,
    0x0, 0x5, 0x9b, 0xb9, 0x50, 0x0, 0x0, 0x0,
    0x0, 0x8, 0xff, 0xf4, 0x2f, 0xff, 0xa0, 0x0,
    0x0, 0x0, 0x0, 0x0, 0x4, 0xef, 0xff, 0xff,
    0xfd, 0x40, 0x0, 0x0, 0x0, 0x8, 0xff, 0xf4,
    0x2f, 0xff, 0xa0, 0x0, 0x0, 0x0, 0x0, 0x0,
    0x6f, 0xfb, 0x52, 0x35, 0xbf, 0xf6, 0x0, 0x0,
    0x0, 0x8, 0xff, 0xf4, 0x2f, 0xff, 0xa0, 0x0,
    0x0, 0x0, 0x0, 0x4, 0xff, 0x40, 0x0, 0x0,
    0x5, 0xff, 0x40, 0x0, 0x0, 0x8, 0xff, 0xf4,
    0x2f, 0xff, 0xa0, 0x0, 0x0, 0x0, 0x0, 0xe,
    0xf4, 0x0, 0x0, 0x0, 0x0, 0x5f, 0xd0, 0x0,
    0x0, 0x8, 0xff, 0xf4, 0x2f, 0xff, 0xa0, 0x0,
    0x0, 0x0, 0x0, 0x5f, 0xb0, 0x0, 0x0, 0x0,
    0x0, 0xc, 0xf5, 0x0, 0x0, 0x8, 0xff, 0xf4,
    0x2f, 0xff, 0xa0, 0x0, 0x0, 0x0, 0x0, 0x9f,
    0x50, 0x0, 0x3b, 0xb2, 0x0, 0x6, 0xf9, 0x0,
    0x0, 0x8, 0xff, 0xf4, 0x2f, 0xff, 0xa0, 0x0,
    0x0, 0x0, 0x0, 0xbf, 0x20, 0x0, 0xdf, 0xfb,
    0x0, 0x4, 0xfb, 0x0, 0x0, 0x8, 0xff, 0xf4,
    0x2f, 0xff, 0xa0, 0x0, 0x0, 0x0, 0x0, 0xbf,
    0x30, 0x0, 0xff, 0xfd, 0x0, 0x4, 0xfb, 0x0,
    0x0, 0x8, 0xff, 0xf4, 0x2f, 0xff, 0xa0, 0x0,
    0x0, 0x0, 0x0, 0x9f, 0x50, 0x0, 0xff, 0xfd,
    0x0, 0x7, 0xf9, 0x0, 0x0, 0x8, 0xff, 0xf4,
    0x2f, 0xff, 0xa0, 0x0, 0x0, 0x0, 0x0, 0x5f,
    0xc0, 0x0, 0xff, 0xfd, 0x0, 0xd, 0xf4, 0x0,
    0x0, 0x8, 0xff, 0xf4, 0x2f, 0xff, 0xa0, 0x0,
    0x0, 0x0, 0x0, 0xd, 0xf6, 0x0, 0xff, 0xfd,
    0x0, 0x7f, 0xd0, 0x0, 0x0, 0x8, 0xff, 0xf4,
    0x2f, 0xff, 0xa0, 0x0, 0x0, 0x0, 0x0, 0x3,
    0xff, 0x10, 0xff, 0xfd, 0x1, 0xff, 0x30, 0x0,
    0x0, 0x8, 0xff, 0xf4, 0x2f, 0xff, 0xc5, 0x55,
    0x55, 0x55, 0x20, 0x0, 0x5f, 0x10, 0xff, 0xfd,
    0x2, 0xf5, 0x0, 0x2, 0x55, 0x5b, 0xff, 0xf4,
    0x1f, 0xff, 0xff, 0xff, 0xff, 0xff, 0x50, 0x0,
    0x2, 0x0, 0xff, 0xfd, 0x1, 0x20, 0x0, 0x5,
    0xff, 0xff, 0xff, 0xf2, 0xb, 0xff, 0xff, 0xff,
    0xff, 0xff, 0x50, 0x0, 0x0, 0x0, 0xff, 0xfd,
    0x0, 0x0, 0x0, 0x5, 0xff, 0xff, 0xff, 0xd0,
    0x2, 0xef, 0xff, 0xff, 0xff, 0xff, 0x50, 0x0,
    0x0, 0x0, 0xff, 0xfe, 0x64, 0x0, 0x0, 0x5,
    0xff, 0xff, 0xff, 0x30, 0x0, 0x17, 0xaa, 0xaa,
    0xaa, 0xaa, 0x30, 0x0, 0x0, 0x0, 0xff, 0xff,
    0xff, 0xe6, 0x0, 0x4, 0xaa, 0xaa, 0x82, 0x0,
    0x0, 0x0, 0x0, 0x0, 0x0, 0x0, 0x0, 0x0,
    0x0, 0x0, 0xff, 0xff, 0xff, 0xff, 0xd5, 0x0,
    0x0, 0x0, 0x0, 0x0, 0x0, 0x0, 0x0, 0x0,
    0x0, 0x0, 0x0, 0x0, 0x0, 0x0, 0xff, 0xff,
    0xff, 0xff, 0xff, 0xc3, 0x0, 0x0, 0x0, 0x0,
    0x0, 0x0, 0x0, 0x0, 0x0, 0x0, 0x0, 0x0,
    0x0, 0x0, 0xff, 0xff, 0xff, 0xff, 0xff, 0xff,
    0xa2, 0x0, 0x0, 0x0, 0x0, 0x0, 0x0, 0x0,
    0x0, 0x0, 0x0, 0x0, 0x0, 0x0, 0xff, 0xff,
    0xff, 0xff, 0xff, 0xff, 0xff, 0x70, 0x0, 0x0,
    0x0, 0x0, 0x0, 0x0, 0x0, 0x0, 0x3, 0xdf,
    0x50, 0x0, 0xff, 0xff, 0xff, 0xff, 0xff, 0xff,
    0xff, 0xf3, 0x0, 0x0, 0x0, 0x0, 0x0, 0x0,
    0x0, 0x0, 0x2e, 0xff, 0xf9, 0x0, 0xff, 0xff,
    0xff, 0xff, 0xff, 0xff, 0xff, 0xf7, 0x0, 0x0,
    0x0, 0x0, 0x0, 0x0, 0x0, 0x0, 0x4f, 0xff,
    0xff, 0xc2, 0xff, 0xff, 0xff, 0xff, 0xff, 0xff,
    0xff, 0xf7, 0x0, 0x0, 0x0, 0x0, 0x0, 0x0,
    0x0, 0x0, 0x5, 0xff, 0xff, 0xfe, 0xff, 0xff,
    0xff, 0xff, 0xff, 0xff, 0xff, 0xf7, 0x0, 0x0,
    0x0, 0x0, 0x0, 0x0, 0x0, 0x0, 0x0, 0x6f,
    0xff, 0xff, 0xff, 0xff, 0xff, 0xff, 0xff, 0xff,
    0xff, 0xf7, 0x0, 0x0, 0x0, 0x0, 0x0, 0x0,
    0x0, 0x0, 0x0, 0x6, 0xff, 0xff, 0xff, 0xff,
    0xff, 0xff, 0xff, 0xff, 0xff, 0xf7, 0x0, 0x0,
    0x0, 0x0, 0x0, 0x0, 0x0, 0x0, 0x0, 0x0,
    0x7f, 0xff, 0xff, 0xff, 0xff, 0xff, 0xff, 0xff,
    0xff, 0xf7, 0x0, 0x0, 0x0, 0x0, 0x0, 0x0,
    0x0, 0x0, 0x0, 0x0, 0x7, 0xff, 0xff, 0xff,
    0xff, 0xff, 0xff, 0xff, 0xff, 0xf7, 0x0, 0x0,
    0x0, 0x0, 0x0, 0x0, 0x0, 0x0, 0x0, 0x0,
    0x0, 0x8f, 0xff, 0xff, 0xff, 0xff, 0xff, 0xff,
    0xff, 0xf6, 0x0, 0x0, 0x0, 0x0, 0x0, 0x0,
    0x0, 0x0, 0x0, 0x0, 0x0, 0x9, 0xff, 0xff,
    0xff, 0xff, 0xff, 0xff, 0xff, 0xe1, 0x0, 0x0,
    0x0, 0x0, 0x0, 0x0, 0x0, 0x0, 0x0, 0x0,
    0x0, 0x0, 0x7d, 0xff, 0xff, 0xff, 0xff, 0xff,
    0xec, 0x20, 0x0, 0x0,

    /* U+F140B "󱐋" */
    0x0, 0x0, 0x0, 0x0, 0x0, 0x0, 0x0, 0x0,
    0x0, 0x0, 0x0, 0x0, 0x0, 0x0, 0x0, 0x0,
    0x0, 0x0, 0x6, 0x0, 0x0, 0x0, 0x0, 0x0,
    0x0, 0x0, 0x0, 0x0, 0x0, 0x0, 0x1d, 0x0,
    0x0, 0x0, 0x0, 0x0, 0x0, 0x0, 0x0, 0x0,
    0x0, 0x0, 0x8e, 0x0, 0x0, 0x0, 0x0, 0x0,
    0x0, 0x0, 0x0, 0x0, 0x0, 0x1, 0xfe, 0x0,
    0x0, 0x0, 0x0, 0x0, 0x0, 0x0, 0x0, 0x0,
    0x0, 0x8, 0xfe, 0x0, 0x0, 0x0, 0x0, 0x0,
    0x0, 0x0, 0x0, 0x0, 0x0, 0x1f, 0xfe, 0x0,
    0x0, 0x0, 0x0, 0x0, 0x0, 0x0, 0x0, 0x0,
    0x0, 0x8f, 0xfe, 0x0, 0x0, 0x0, 0x0, 0x0,
    0x0, 0x0, 0x0, 0x0, 0x1, 0xff, 0xfe, 0x0,
    0x0, 0x0, 0x0, 0x0, 0x0, 0x0, 0x0, 0x0,
    0x8, 0xff, 0xfe, 0x0, 0x0, 0x0, 0x0, 0x0,
    0x0, 0x0, 0x0, 0x0, 0x1f, 0xff, 0xfe, 0x0,
    0x0, 0x0, 0x0, 0x0, 0x0, 0x0, 0x0, 0x0,
    0x8f, 0xff, 0xfe, 0x0, 0x0, 0x0, 0x0, 0x0,
    0x0, 0x0, 0x0, 0x1, 0xff, 0xff, 0xfe, 0x0,
    0x0, 0x0, 0x0, 0x0, 0x0, 0x0, 0x0, 0x8,
    0xff, 0xff, 0xfe, 0x0, 0x0, 0x0, 0x0, 0x0,
    0x0, 0x0, 0x0, 0x1f, 0xff, 0xff, 0xfe, 0x0,
    0x0, 0x0, 0x0, 0x0, 0x0, 0x0, 0x0, 0x8f,
    0xff, 0xff, 0xfe, 0x0, 0x0, 0x0, 0x0, 0x0,
    0x0, 0x0, 0x1, 0xff, 0xff, 0xff, 0xff, 0xff,
    0xff, 0xff, 0xff, 0xf3, 0x0, 0x0, 0x8, 0xff,
    0xff, 0xff, 0xff, 0xff, 0xff, 0xff, 0xff, 0xc0,
    0x0, 0x0, 0x1f, 0xff, 0xff, 0xff, 0xff, 0xff,
    0xff, 0xff, 0xff, 0x40, 0x0, 0x0, 0x8f, 0xff,
    0xff, 0xff, 0xff, 0xff, 0xff, 0xff, 0xfc, 0x0,
    0x0, 0x1, 0xff, 0xff, 0xff, 0xff, 0xff, 0xff,
    0xff, 0xff, 0xf4, 0x0, 0x0, 0x8, 0xff, 0xff,
    0xff, 0xff, 0xff, 0xff, 0xff, 0xff, 0xc0, 0x0,
    0x0, 0x1f, 0xff, 0xff, 0xff, 0xff, 0xff, 0xff,
    0xff, 0xff, 0x40, 0x0, 0x0, 0x8f, 0xff, 0xff,
    0xff, 0xff, 0xff, 0xff, 0xff, 0xfc, 0x0, 0x0,
    0x1, 0xff, 0xff, 0xff, 0xff, 0xff, 0xff, 0xff,
    0xff, 0xf4, 0x0, 0x0, 0x8, 0xff, 0xff, 0xff,
    0xff, 0xff, 0xff, 0xff, 0xff, 0xc0, 0x0, 0x0,
    0x1f, 0xff, 0xff, 0xff, 0xff, 0xff, 0xff, 0xff,
    0xff, 0x40, 0x0, 0x0, 0x38, 0x88, 0x88, 0x88,
    0x88, 0xff, 0xff, 0xff, 0xfc, 0x0, 0x0, 0x0,
    0x0, 0x0, 0x0, 0x0, 0x0, 0xef, 0xff, 0xff,
    0xf4, 0x0, 0x0, 0x0, 0x0, 0x0, 0x0, 0x0,
    0x0, 0xef, 0xff, 0xff, 0xc0, 0x0, 0x0, 0x0,
    0x0, 0x0, 0x0, 0x0, 0x0, 0xef, 0xff, 0xff,
    0x40, 0x0, 0x0, 0x0, 0x0, 0x0, 0x0, 0x0,
    0x0, 0xef, 0xff, 0xfc, 0x0, 0x0, 0x0, 0x0,
    0x0, 0x0, 0x0, 0x0, 0x0, 0xef, 0xff, 0xf4,
    0x0, 0x0, 0x0, 0x0, 0x0, 0x0, 0x0, 0x0,
    0x0, 0xef, 0xff, 0xc0, 0x0, 0x0, 0x0, 0x0,
    0x0, 0x0, 0x0, 0x0, 0x0, 0xef, 0xff, 0x40,
    0x0, 0x0, 0x0, 0x0, 0x0, 0x0, 0x0, 0x0,
    0x0, 0xef, 0xfc, 0x0, 0x0, 0x0, 0x0, 0x0,
    0x0, 0x0, 0x0, 0x0, 0x0, 0xef, 0xf4, 0x0,
    0x0, 0x0, 0x0, 0x0, 0x0, 0x0, 0x0, 0x0,
    0x0, 0xef, 0xc0, 0x0, 0x0, 0x0, 0x0, 0x0,
    0x0, 0x0, 0x0, 0x0, 0x0, 0xef, 0x40, 0x0,
    0x0, 0x0, 0x0, 0x0, 0x0, 0x0, 0x0, 0x0,
    0x0, 0xec, 0x0, 0x0, 0x0, 0x0, 0x0, 0x0,
    0x0, 0x0, 0x0, 0x0, 0x0, 0xe4, 0x0, 0x0,
    0x0, 0x0, 0x0, 0x0, 0x0, 0x0, 0x0, 0x0,
    0x0, 0xa0, 0x0, 0x0, 0x0, 0x0, 0x0, 0x0,
    0x0, 0x0, 0x0, 0x0, 0x0, 0x20, 0x0, 0x0,
    0x0, 0x0, 0x0, 0x0,

    /* U+F1435 "󱐵" */
    0x0, 0x0, 0x0, 0x0, 0x0, 0x0, 0x0, 0x3,
    0x9a, 0x60, 0x0, 0x0, 0x0, 0x0, 0x0, 0x0,
    0x0, 0x0, 0x0, 0x0, 0x0, 0x0, 0x0, 0x0,
    0x0, 0x0, 0x0, 0x0, 0x5, 0xff, 0xff, 0xb0,
    0x0, 0x0, 0x0, 0x2, 0x21, 0x0, 0x12, 0x10,
    0x1, 0x22, 0x20, 0x0, 0x0, 0x0, 0x0, 0x0,
    0x0, 0x0, 0xef, 0xff, 0xff, 0x60, 0x0, 0x0,
    0x0, 0xff, 0xa0, 0xd, 0xfc, 0x0, 0xaf, 0xff,
    0x10, 0x7, 0x0, 0x0, 0x0, 0x0, 0x0, 0x2f,
    0xff, 0xff, 0xfa, 0x0, 0x0, 0x0, 0xe, 0xfb,
    0x0, 0xbf, 0xf0, 0x5, 0xff, 0xf1, 0x9, 0xfb,
    0x0, 0x0, 0x0, 0x0, 0x1, 0xff, 0xff, 0xff,
    0x90, 0x0, 0x0, 0x0, 0xbf, 0xe0, 0x7, 0xff,
    0x50, 0xa, 0xff, 0x18, 0xff, 0xfb, 0x0, 0x0,
    0x0, 0x0, 0xb, 0xff, 0xff, 0xf2, 0x0, 0x0,
    0x0, 0x8, 0xff, 0x30, 0x1f, 0xfe, 0x10, 0x5,
    0xa1, 0x2e, 0xff, 0xfc, 0x0, 0x0, 0x0, 0x0,
    0x1a, 0xff, 0xd3, 0x0, 0x0, 0x0, 0x0, 0x3f,
    0xf9, 0x0, 0x7f, 0xfc, 0x10, 0x0, 0x0, 0x1d,
    0xff, 0xfc, 0x0, 0x0, 0x4, 0x72, 0x0, 0x0,
    0x0, 0x0, 0x0, 0x0, 0x0, 0xcf, 0xf2, 0x0,
    0xaf, 0xff, 0x82, 0x0, 0x0, 0x1d, 0xff, 0xfc,
    0x0, 0x0, 0x2e, 0xf7, 0x0, 0x0, 0x0, 0x0,
    0x0, 0x0, 0x4, 0xff, 0xc0, 0x0, 0x9f, 0xff,
    0xff, 0x10, 0x0, 0x1c, 0xff, 0xfc, 0x0, 0x0,
    0x2e, 0xf3, 0x0, 0x0, 0x0, 0x0, 0x0, 0x0,
    0xa, 0xff, 0x90, 0x0, 0x5d, 0xff, 0xf1, 0x0,
    0x4a, 0xef, 0xff, 0xfc, 0x0, 0x0, 0x2e, 0xd0,
    0x0, 0x0, 0x0, 0x0, 0x0, 0x0, 0x1d, 0xff,
    0xa0, 0x0, 0x3, 0x79, 0x10, 0x2f, 0xff, 0xff,
    0xff, 0xfc, 0x0, 0x0, 0x2e, 0x60, 0x0, 0x0,
    0x0, 0x0, 0x0, 0x0, 0x2e, 0xff, 0xd4, 0x0,
    0x0, 0x0, 0x2, 0xff, 0xff, 0xff, 0xff, 0xfc,
    0x0, 0x0, 0x2d, 0x10, 0x0, 0x0, 0x0, 0x0,
    0x0, 0x0, 0x2d, 0xff, 0xfc, 0x62, 0x0, 0x0,
    0x2f, 0xff, 0xc6, 0x2c, 0xff, 0xfc, 0x0, 0x0,
    0x28, 0x0, 0x0, 0x0, 0x0, 0x0, 0x0, 0x0,
    0x9, 0xff, 0xff, 0xff, 0xe1, 0x2, 0xff, 0xf4,
    0x0, 0x3f, 0xff, 0xfc, 0x0, 0x0, 0x22, 0x0,
    0x0, 0x0, 0x0, 0x0, 0x0, 0x0, 0x2, 0x9f,
    0xff, 0xff, 0x10, 0x2f, 0xff, 0x40, 0x6, 0xff,
    0xff, 0xfc, 0x0, 0x0, 0x7, 0x88, 0x88, 0x86,
    0x0, 0x0, 0x0, 0x0, 0x0, 0x4, 0x7a, 0xb1,
    0x2, 0xff, 0xf4, 0x0, 0xbf, 0xff, 0xff, 0xfc,
    0x10, 0x0, 0x2e, 0xff, 0xff, 0xc0, 0x0, 0x0,
    0x0, 0x0, 0x0, 0x0, 0x0, 0x0, 0x2f, 0xff,
    0x40, 0xe, 0xff, 0xff, 0xff, 0xfc, 0x10, 0x0,
    0x2e, 0xff, 0xfc, 0x0, 0x0, 0x0, 0x0, 0x0,
    0x0, 0x0, 0x0, 0x2, 0xff, 0xf4, 0x3, 0xff,
    0xff, 0xff, 0xff, 0xfc, 0x10, 0x0, 0x2d, 0xee,
    0xa0, 0x0, 0x0, 0x0, 0x0, 0x0, 0x0, 0x0,
    0x0, 0x2f, 0xff, 0x40, 0x7f, 0xff, 0xff, 0xfe,
    0xff, 0xfc, 0x10, 0x0, 0x0, 0x0, 0x0, 0x0,
    0x0, 0x0, 0x0, 0x0, 0x0, 0x0, 0x1, 0xdd,
    0xd3, 0xb, 0xff, 0xff, 0xff, 0x2c, 0xff, 0xfc,
    0x10, 0x0, 0x0, 0x0, 0x0, 0x0, 0x0, 0x0,
    0x0, 0x0, 0x0, 0x0, 0x0, 0x0, 0x0, 0xff,
    0xff, 0xff, 0xf4, 0xc, 0xff, 0xfc, 0x10, 0x0,
    0x0, 0x0, 0x0, 0x0, 0x0, 0x0, 0x0, 0x0,
    0x0, 0x0, 0x0, 0x0, 0x3f, 0xff, 0xff, 0xff,
    0xc0, 0xc, 0xff, 0xfd, 0x10, 0x0, 0x0, 0x0,
    0x0, 0x0, 0x0, 0x0, 0x0, 0x0, 0x0, 0x0,
    0x0, 0x7, 0xff, 0xff, 0xff, 0xff, 0x50, 0xc,
    0xff, 0xfd, 0x10, 0x0, 0x0, 0x0, 0x0, 0x0,
    0x0, 0x0, 0x0, 0x0, 0x0, 0x0, 0x0, 0xbf,
    0xff, 0xff, 0xff, 0xfd, 0x0, 0xc, 0xff, 0xfd,
    0x10, 0x0, 0x0, 0x0, 0x0, 0x0, 0x0, 0x0,
    0x0, 0x0, 0x0, 0x0, 0xf, 0xff, 0xff, 0xff,
    0xff, 0xf6, 0x0, 0xc, 0xff, 0xfd, 0x10, 0x0,
    0x0, 0x0, 0x0, 0x0, 0x0, 0x0, 0x0, 0x0,
    0x0, 0x3, 0xff, 0xff, 0xcf, 0xff, 0xff, 0xe0,
    0x0, 0xc, 0xff, 0xfd, 0x10, 0x0, 0x0, 0x0,
    0x0, 0x0, 0x0, 0x0, 0x0, 0x0, 0x0, 0x7f,
    0xff, 0xf5, 0x5f, 0xff, 0xff, 0x80, 0x0, 0xc,
    0xff, 0xfd, 0x10, 0x0, 0x0, 0x0, 0x0, 0x0,
    0x0, 0x0, 0x0, 0x0, 0xb, 0xff, 0xff, 0x0,
    0x9f, 0xff, 0xff, 0x10, 0x0, 0xc, 0xff, 0xfd,
    0x10, 0x0, 0x0, 0x0, 0x0, 0x0, 0x0, 0x0,
    0x0, 0x0, 0xff, 0xff, 0xa0, 0x0, 0xdf, 0xff,
    0xf9, 0x0, 0x0, 0xc, 0xff, 0xfd, 0x10, 0x0,
    0x0, 0x0, 0x0, 0x0, 0x0, 0x0, 0x0, 0x3f,
    0xff, 0xf4, 0x0, 0x2, 0xff, 0xff, 0xb0, 0x0,
    0x0, 0xc, 0xff, 0xfd, 0x10, 0x0, 0x0, 0x0,
    0x0, 0x0, 0x0, 0x0, 0x8, 0xff, 0xfe, 0x0,
    0x0, 0x5, 0xff, 0xfb, 0x0, 0x0, 0x0, 0xc,
    0xff, 0xfd, 0x10, 0x0, 0x0, 0x0, 0x0, 0x0,
    0x0, 0x0, 0xcf, 0xff, 0x90, 0x0, 0x0, 0xc,
    0xff, 0xb0, 0x0, 0x0, 0x0, 0xc, 0xff, 0xfd,
    0x10, 0x0, 0x0, 0x0, 0x0, 0x0, 0x0, 0xf,
    0xff, 0xf3, 0x0, 0x0, 0x0, 0xbf, 0xfb, 0x0,
    0x0, 0x0, 0x0, 0xc, 0xff, 0xfd, 0x10, 0x0,
    0x0, 0x0, 0x0, 0x0, 0x4, 0xff, 0xfe, 0x0,
    0x0, 0x0, 0xb, 0xff, 0xb0, 0x0, 0x0, 0x0,
    0x0, 0xc, 0xff, 0xfd, 0x10, 0x0, 0x0, 0x0,
    0x0, 0x0, 0x8f, 0xff, 0x80, 0x0, 0x0, 0x0,
    0xbf, 0xfb, 0x0, 0x0, 0x0, 0x0, 0x0, 0xc,
    0xff, 0xfd, 0x10, 0x0, 0x0, 0x0, 0x0, 0xc,
    0xff, 0xf2, 0x0, 0x0, 0x0, 0xb, 0xff, 0xb0,
    0x0, 0x0, 0x0, 0x0, 0x0, 0xc, 0xff, 0xfd,
    0x10, 0x0, 0x0, 0x0, 0x0, 0xff, 0xfd, 0x0,
    0x0, 0x0, 0x0, 0xbf, 0xfb, 0x0, 0x0, 0x0,
    0x0, 0x0, 0x0, 0xc, 0xff, 0xfd, 0x10, 0x0,
    0x0, 0x0, 0x4f, 0xff, 0x70, 0x0, 0x0, 0x0,
    0xb, 0xff, 0xb0, 0x0, 0x0, 0x0, 0x0, 0x0,
    0x0, 0xc, 0xff, 0xfd, 0x10, 0x0, 0x0, 0x8,
    0xff, 0xf2, 0x0, 0x0, 0x0, 0x0, 0xbf, 0xfb,
    0x0, 0x0, 0x0, 0x0, 0x0, 0x0, 0x0, 0xc,
    0xff, 0xfd, 0x10, 0x0, 0x0, 0xcf, 0xfc, 0x0,
    0x0, 0x0, 0x0, 0xb, 0xff, 0xb0, 0x0, 0x0,
    0x0, 0x0, 0x0, 0x0, 0x0, 0xc, 0xff, 0xfd,
    0x10, 0x0, 0xe, 0xee, 0x60, 0x0, 0x0, 0x0,
    0x0, 0xae, 0xea, 0x0, 0x0, 0x0, 0x0, 0x0,
    0x0, 0x0, 0x0, 0xc, 0xff, 0xc0, 0x0, 0x0,
    0x0, 0x0, 0x0, 0x0, 0x0, 0x0, 0x0, 0x0,
    0x0, 0x0, 0x0, 0x0, 0x0, 0x0, 0x0, 0x0,
    0x0, 0xc, 0xc0, 0x0, 0x0, 0x0, 0x0, 0x0,
    0x0, 0x0, 0x0, 0x0, 0x0, 0x0, 0x0, 0x0,
    0x0, 0x0, 0x0, 0x0, 0x0, 0x0, 0x0, 0x0,
    0x0, 0x0,

    /* U+F1502 "󱔂" */
    0x0, 0x0, 0x0, 0x0, 0x0, 0x0, 0x0, 0x0,
    0x0, 0x0, 0x0, 0x0, 0x0, 0x0, 0x0, 0x0,
    0x0, 0x0, 0x0, 0x0, 0x0, 0x4, 0xc0, 0x0,
    0x0, 0x0, 0x0, 0x0, 0x0, 0x0, 0x0, 0x0,
    0x0, 0x0, 0x0, 0x0, 0x0, 0x2f, 0xfa, 0x0,
    0x0, 0x0, 0x0, 0x0, 0x0, 0x0, 0x0, 0x0,
    0x0, 0x0, 0x0, 0x0, 0x0, 0xdf, 0xff, 0x60,
    0x0, 0x0, 0x0, 0x0, 0x0, 0x0, 0x0, 0x0,
    0x0, 0x0, 0x0, 0x0, 0xa, 0xff, 0xff, 0xf3,
    0x0, 0x0, 0x0, 0x0, 0x0, 0x0, 0x0, 0x0,
    0x0, 0x0, 0x0, 0x0, 0x7f, 0xff, 0xff, 0xfe,
    0x10, 0x0, 0x0, 0x0, 0x0, 0x0, 0x0, 0x0,
    0x0, 0x0, 0x0, 0x3, 0xff, 0xff, 0xff, 0xff,
    0xb0, 0x0, 0x0, 0x0, 0x0, 0x0, 0x0, 0x0,
    0x0, 0x0, 0x0, 0xd, 0xff, 0xff, 0xff, 0xff,
    0xf6, 0x0, 0x0, 0x0, 0x0, 0x0, 0x0, 0x0,
    0x0, 0x0, 0x0, 0x9f, 0xff, 0xff, 0xff, 0xff,
    0xff, 0x20, 0x0, 0x0, 0x0, 0x2, 0xff, 0xfa,
    0x0, 0x0, 0x4, 0xff, 0xff, 0xff, 0xff, 0xff,
    0xff, 0xc0, 0x0, 0x0, 0x0, 0x2, 0xff, 0xfb,
    0x0, 0x0, 0xd, 0xff, 0xff, 0xff, 0xff, 0xff,
    0xff, 0xf6, 0x0, 0x0, 0x0, 0x2, 0xff, 0xfb,
    0x0, 0x0, 0x8f, 0xff, 0xff, 0xff, 0xff, 0xff,
    0xff, 0xff, 0x10, 0x0, 0x0, 0x2, 0xff, 0xfb,
    0x0, 0x2, 0xff, 0xff, 0xff, 0xff, 0xff, 0xff,
    0xff, 0xff, 0xa0, 0x0, 0x0, 0x2, 0xff, 0xfb,
    0x0, 0xa, 0xff, 0xff, 0xff, 0xff, 0xff, 0xff,
    0xff, 0xff, 0xf3, 0x0, 0x0, 0x2, 0xff, 0xfb,
    0x0, 0x2f, 0xff, 0xff, 0xff, 0xff, 0xff, 0xff,
    0xff, 0xff, 0xfb, 0x0, 0x0, 0x2, 0xff, 0xfb,
    0x0, 0xaf, 0xff, 0xff, 0xff, 0xff, 0xff, 0xff,
    0xff, 0xff, 0xff, 0x20, 0x0, 0x2, 0xff, 0xfb,
    0x1, 0xff, 0xff, 0xff, 0xff, 0xff, 0xff, 0xff,
    0xff, 0xff, 0xff, 0x90, 0x0, 0x2, 0xff, 0xfb,
    0x6, 0xff, 0xff, 0xff, 0xff, 0xff, 0xff, 0xff,
    0xff, 0xff, 0xff, 0xf0, 0x0, 0x2, 0xff, 0xfb,
    0xc, 0xff, 0xff, 0xff, 0xff, 0xff, 0xff, 0xff,
    0xff, 0xff, 0xff, 0xf4, 0x0, 0x2, 0xff, 0xfb,
    0xf, 0xff, 0xff, 0xff, 0xff, 0xff, 0xff, 0xff,
    0xff, 0xff, 0xff, 0xf8, 0x0, 0x1, 0x88, 0x86,
    0x2f, 0xff, 0xff, 0xff, 0xff, 0xff, 0xff, 0xff,
    0xff, 0xff, 0xff, 0xfa, 0x0, 0x0, 0x0, 0x0,
    0x3f, 0xff, 0xff, 0xff, 0xff, 0xff, 0xff, 0xff,
    0xff, 0xff, 0xff, 0xfb, 0x0, 0x0, 0x0, 0x0,
    0x2f, 0xff, 0xff, 0xff, 0xff, 0xff, 0xff, 0xff,
    0xff, 0xff, 0xff, 0xfb, 0x0, 0x0, 0x0, 0x0,
    0xf, 0xff, 0xff, 0xff, 0xff, 0xff, 0xff, 0xff,
    0xff, 0xff, 0xff, 0xf9, 0x0, 0x3, 0x99, 0x96,
    0xd, 0xff, 0xff, 0xff, 0xff, 0xff, 0xff, 0xff,
    0xff, 0xff, 0xff, 0xf5, 0x0, 0x5, 0xff, 0xfb,
    0x7, 0xff, 0xff, 0xff, 0xff, 0xff, 0xff, 0xff,
    0xff, 0xff, 0xff, 0xf0, 0x0, 0x5, 0xff, 0xfb,
    0x1, 0xff, 0xff, 0xff, 0xff, 0xff, 0xff, 0xff,
    0xff, 0xff, 0xff, 0x90, 0x0, 0x5, 0xff, 0xfb,
    0x0, 0x7f, 0xff, 0xff, 0xff, 0xff, 0xff, 0xff,
    0xff, 0xff, 0xff, 0x10, 0x0, 0x1, 0x44, 0x42,
    0x0, 0xc, 0xff, 0xff, 0xff, 0xff, 0xff, 0xff,
    0xff, 0xff, 0xf5, 0x0, 0x0, 0x0, 0x0, 0x0,
    0x0, 0x1, 0xdf, 0xff, 0xff, 0xff, 0xff, 0xff,
    0xff, 0xff, 0x70, 0x0, 0x0, 0x0, 0x0, 0x0,
    0x0, 0x0, 0x1b, 0xff, 0xff, 0xff, 0xff, 0xff,
    0xff, 0xf6, 0x0, 0x0, 0x0, 0x0, 0x0, 0x0,
    0x0, 0x0, 0x0, 0x6e, 0xff, 0xff, 0xff, 0xff,
    0xfb, 0x20, 0x0, 0x0, 0x0, 0x0, 0x0, 0x0,
    0x0, 0x0, 0x0, 0x0, 0x5a, 0xdf, 0xfe, 0xc8,
    0x30, 0x0, 0x0, 0x0, 0x0, 0x0, 0x0, 0x0,
    0x0, 0x0, 0x0, 0x0, 0x0, 0x0, 0x0, 0x0,
    0x0, 0x0, 0x0, 0x0, 0x0, 0x0, 0x0, 0x0,

    /* U+F18D6 "󱣖" */
    0x0, 0x0, 0x0, 0x0, 0x0, 0x0, 0x0, 0x0,
    0x2, 0x0, 0x0, 0x0, 0x0, 0x0, 0x0, 0x0,
    0x0, 0x0, 0x0, 0x0, 0x0, 0x0, 0x0, 0x0,
    0x0, 0x0, 0x0, 0x0, 0x9, 0xd0, 0x0, 0x0,
    0x0, 0x0, 0x0, 0x0, 0x0, 0x0, 0x0, 0x0,
    0x0, 0x0, 0x0, 0x0, 0x0, 0x0, 0x0, 0x0,
    0x4, 0xff, 0x90, 0x0, 0x0, 0x0, 0x0, 0x0,
    0x0, 0x0, 0x0, 0x0, 0x0, 0x0, 0x0, 0x0,
    0x0, 0x0, 0x0, 0x0, 0x1, 0xef, 0xff, 0x50,
    0x0, 0x0, 0x0, 0x0, 0x0, 0x0, 0x0, 0x0,
    0x0, 0x0, 0x0, 0x0, 0x0, 0x0, 0x0, 0x0,
    0x0, 0xbf, 0xff, 0xfe, 0x10, 0x0, 0x0, 0x0,
    0x0, 0x0, 0x0, 0x0, 0x0, 0x0, 0x0, 0x0,
    0x0, 0x0, 0x0, 0x0, 0x0, 0x6f, 0xff, 0xff,
    0xfc, 0x0, 0x0, 0x0, 0x0, 0x0, 0x0, 0x0,
    0x0, 0x0, 0x0, 0x0, 0x0, 0x0, 0x0, 0x0,
    0x0, 0x1b, 0x96, 0x44, 0x58, 0xb6, 0x0, 0x0,
    0x0, 0x0, 0x0, 0x39, 0xb9, 0x20, 0x0, 0x0,
    0x0, 0x0, 0x0, 0x0, 0x0, 0x0, 0x0, 0x0,
    0x0, 0x0, 0x0, 0x0, 0x0, 0x0, 0x0, 0x5f,
    0xff, 0xff, 0x40, 0x0, 0x0, 0x0, 0x0, 0x0,
    0x0, 0x0, 0x0, 0x0, 0x0, 0x0, 0x0, 0x0,
    0x0, 0x0, 0x0, 0xf, 0xf7, 0x38, 0xfe, 0x0,
    0x0, 0x1, 0x23, 0x45, 0x62, 0x0, 0x0, 0x0,
    0x0, 0x0, 0x0, 0x0, 0x0, 0x0, 0x0, 0x4,
    0xfa, 0x0, 0xc, 0xf3, 0x0, 0x3f, 0xff, 0xff,
    0xf8, 0x0, 0x0, 0x3, 0x9c, 0xee, 0xda, 0x50,
    0x0, 0x0, 0x0, 0x0, 0x5f, 0x80, 0x0, 0x9f,
    0x40, 0x0, 0xcf, 0xff, 0xfa, 0x0, 0x0, 0x1b,
    0xff, 0xff, 0xff, 0xff, 0xe4, 0x0, 0x0, 0x0,
    0x5, 0xf8, 0x0, 0x9, 0xf4, 0x0, 0x5, 0xff,
    0xfc, 0x0, 0x0, 0x3e, 0xff, 0xff, 0xff, 0xff,
    0xff, 0xf8, 0x0, 0x0, 0x0, 0x5f, 0xff, 0xff,
    0xff, 0x40, 0x0, 0xd, 0xff, 0x30, 0x0, 0x2f,
    0xff, 0xff, 0xff, 0xff, 0xff, 0xff, 0xf7, 0x0,
    0x0, 0x5, 0xff, 0xff, 0xff, 0xf4, 0x0, 0x0,
    0x6f, 0xc0, 0x0, 0xd, 0xff, 0xff, 0xff, 0xff,
    0xff, 0xff, 0xff, 0xf3, 0x0, 0x0, 0x5f, 0xff,
    0xff, 0xff, 0x40, 0x0, 0x0, 0xe6, 0x0, 0x6,
    0xff, 0xff, 0xff, 0xff, 0xff, 0xff, 0xff, 0xff,
    0xc0, 0x0, 0x5, 0xff, 0xff, 0xff, 0xf4, 0x0,
    0x0, 0x7, 0x20, 0x0, 0xdf, 0xff, 0xff, 0xff,
    0xff, 0xff, 0xff, 0xff, 0xff, 0x30, 0x0, 0x5f,
    0xff, 0xff, 0xff, 0x40, 0x0, 0x0, 0x0, 0x0,
    0x2f, 0xff, 0xff, 0xff, 0xff, 0xff, 0xff, 0xff,
    0xff, 0xf8, 0x0, 0x5, 0xff, 0xff, 0xff, 0xf4,
    0x0, 0x0, 0x0, 0x0, 0x4, 0xff, 0xff, 0xff,
    0xff, 0xff, 0xff, 0xff, 0xff, 0xff, 0xa0, 0x0,
    0x5f, 0xff, 0xff, 0xff, 0x40, 0x0, 0x0, 0x0,
    0x0, 0x5f, 0xff, 0xff, 0xff, 0xff, 0xff, 0xff,
    0xff, 0xff, 0xfb, 0x0, 0x5, 0xff, 0xff, 0xff,
    0xf4, 0x0, 0x0, 0x0, 0x0, 0x5, 0xff, 0xff,
    0xff, 0xff, 0xff, 0xff, 0xff, 0xff, 0xff, 0xb0,
    0x0, 0x5f, 0xff, 0xff, 0xff, 0x40, 0x0, 0x0,
    0x0, 0x0, 0x3f, 0xff, 0xff, 0xff, 0xff, 0xff,
    0xff, 0xff, 0xff, 0xf9, 0x0, 0x5, 0xff, 0xff,
    0xff, 0xf4, 0x0, 0x0, 0x1, 0x30, 0x0, 0xef,
    0xff, 0xff, 0xff, 0xff, 0xff, 0xff, 0xff, 0xff,
    0x50, 0x0, 0x5f, 0xff, 0xff, 0xff, 0x40, 0x0,
    0x0, 0x97, 0x0, 0x9, 0xff, 0xff, 0xff, 0xff,
    0xff, 0xff, 0xff, 0xff, 0xe0, 0x0, 0xb, 0xff,
    0xff, 0xff, 0xfa, 0x0, 0x0, 0x1f, 0xb0, 0x0,
    0x2f, 0xff, 0xff, 0xff, 0xff, 0xff, 0xff, 0xff,
    0xf7, 0x0, 0x8, 0xff, 0xff, 0xff, 0xff, 0xf6,
    0x0, 0x8, 0xff, 0x30, 0x0, 0x5f, 0xff, 0xff,
    0xff, 0xff, 0xff, 0xff, 0xfb, 0x0, 0x0, 0xff,
    0xff, 0xff, 0xff, 0xff, 0xd0, 0x0, 0xef, 0xfb,
    0x0, 0x0, 0x8f, 0xff, 0xff, 0xff, 0xff, 0xff,
    0xfd, 0x10, 0x0, 0x4f, 0xff, 0xff, 0xff, 0xff,
    0xff, 0x10, 0x7f, 0xff, 0xf6, 0x0, 0x0, 0x5f,
    0xff, 0xff, 0xff, 0xff, 0xfa, 0x0, 0x0, 0x5,
    0xff, 0xff, 0xff, 0xff, 0xff, 0xf2, 0xe, 0xff,
    0xff, 0xf3, 0x0, 0x0, 0x18, 0xef, 0xff, 0xff,
    0xb4, 0x0, 0x0, 0x0, 0x3f, 0xff, 0xff, 0xff,
    0xff, 0xff, 0x1, 0x57, 0x8a, 0xbd, 0xd2, 0x0,
    0x0, 0x0, 0x24, 0x43, 0x0, 0x0, 0x0, 0x0,
    0x0, 0xef, 0xff, 0xff, 0xff, 0xff, 0xb0, 0x0,
    0x0, 0x0, 0x0, 0x0, 0x0, 0x0, 0x0, 0x0,
    0x0, 0x0, 0x0, 0x0, 0x0, 0x6, 0xff, 0xff,
    0xff, 0xff, 0xf3, 0x0, 0x0, 0x0, 0x0, 0x0,
    0x0, 0x0, 0x0, 0x0, 0x0, 0x0, 0x0, 0x0,
    0x0, 0x0, 0x8, 0xff, 0xff, 0xff, 0xf6, 0x0,
    0x0, 0x0, 0x0, 0x0, 0x0, 0x0, 0x17, 0x31,
    0x0, 0x2, 0x54, 0x0, 0x0, 0x0, 0x0, 0x4,
    0xbf, 0xff, 0xb3, 0x0, 0x0, 0x0, 0x0, 0x0,
    0x0, 0x0, 0x0, 0x9f, 0xff, 0xff, 0xfe, 0x10,
    0x0, 0x0, 0x0, 0x0, 0x0, 0x0, 0x0, 0x0,
    0x0, 0x0, 0x0, 0x0, 0x0, 0x0, 0x0, 0x0,
    0xdf, 0xff, 0xff, 0x40, 0x0, 0x0, 0x0, 0x0,
    0x0, 0x0, 0x0, 0x0, 0x0, 0x0, 0x0, 0x0,
    0x0, 0x0, 0x0, 0x0, 0x3, 0xff, 0xff, 0x80,
    0x0, 0x0, 0x0, 0x0, 0x0, 0x0, 0x0, 0x0,
    0x0, 0x0, 0x0, 0x0, 0x0, 0x0, 0x0, 0x0,
    0x0, 0x7, 0xff, 0xc0, 0x0, 0x0, 0x0, 0x0,
    0x0, 0x0, 0x0, 0x0, 0x0, 0x0, 0x0, 0x0,
    0x0, 0x0, 0x0, 0x0, 0x0, 0x0, 0xc, 0xf2,
    0x0, 0x0, 0x0, 0x0, 0x0, 0x0, 0x0, 0x0,
    0x0, 0x0, 0x0, 0x0, 0x0, 0x0, 0x0, 0x0,
    0x0, 0x0, 0x0, 0x25, 0x0, 0x0, 0x0, 0x0,
    0x0, 0x0, 0x0, 0x0, 0x0, 0x0, 0x0, 0x0
};


/*---------------------
 *  GLYPH DESCRIPTION
 *--------------------*/

static const lv_font_fmt_txt_glyph_dsc_t glyph_dsc[] = {
    {.bitmap_index = 0, .adv_w = 0, .box_w = 0, .box_h = 0, .ofs_x = 0, .ofs_y = 0} /* id = 0 reserved */,
    {.bitmap_index = 0, .adv_w = 736, .box_w = 32, .box_h = 32, .ofs_x = 7, .ofs_y = 1},
    {.bitmap_index = 512, .adv_w = 736, .box_w = 34, .box_h = 37, .ofs_x = 5, .ofs_y = -4},
    {.bitmap_index = 1141, .adv_w = 736, .box_w = 44, .box_h = 37, .ofs_x = 1, .ofs_y = 0},
    {.bitmap_index = 1955, .adv_w = 736, .box_w = 40, .box_h = 39, .ofs_x = 3, .ofs_y = -2},
    {.bitmap_index = 2735, .adv_w = 736, .box_w = 24, .box_h = 39, .ofs_x = 11, .ofs_y = -2},
    {.bitmap_index = 3203, .adv_w = 736, .box_w = 24, .box_h = 39, .ofs_x = 11, .ofs_y = -2},
    {.bitmap_index = 3671, .adv_w = 736, .box_w = 24, .box_h = 39, .ofs_x = 11, .ofs_y = -2},
    {.bitmap_index = 4139, .adv_w = 736, .box_w = 24, .box_h = 39, .ofs_x = 11, .ofs_y = -2},
    {.bitmap_index = 4607, .adv_w = 736, .box_w = 24, .box_h = 39, .ofs_x = 11, .ofs_y = -2},
    {.bitmap_index = 5075, .adv_w = 736, .box_w = 24, .box_h = 39, .ofs_x = 11, .ofs_y = -2},
    {.bitmap_index = 5543, .adv_w = 736, .box_w = 24, .box_h = 39, .ofs_x = 11, .ofs_y = -2},
    {.bitmap_index = 6011, .adv_w = 736, .box_w = 24, .box_h = 39, .ofs_x = 11, .ofs_y = -2},
    {.bitmap_index = 6479, .adv_w = 736, .box_w = 24, .box_h = 39, .ofs_x = 11, .ofs_y = -2},
    {.bitmap_index = 6947, .adv_w = 736, .box_w = 44, .box_h = 44, .ofs_x = 1, .ofs_y = -5},
    {.bitmap_index = 7915, .adv_w = 736, .box_w = 15, .box_h = 24, .ofs_x = 16, .ofs_y = 5},
    {.bitmap_index = 8095, .adv_w = 736, .box_w = 40, .box_h = 39, .ofs_x = 3, .ofs_y = -2},
    {.bitmap_index = 8875, .adv_w = 736, .box_w = 40, .box_h = 39, .ofs_x = 3, .ofs_y = -2},
    {.bitmap_index = 9655, .adv_w = 736, .box_w = 32, .box_h = 9, .ofs_x = 7, .ofs_y = 13},
    {.bitmap_index = 9799, .adv_w = 736, .box_w = 40, .box_h = 39, .ofs_x = 3, .ofs_y = -2},
    {.bitmap_index = 10579, .adv_w = 736, .box_w = 28, .box_h = 36, .ofs_x = 9, .ofs_y = -1},
    {.bitmap_index = 11083, .adv_w = 736, .box_w = 20, .box_h = 40, .ofs_x = 13, .ofs_y = -3},
    {.bitmap_index = 11483, .adv_w = 736, .box_w = 40, .box_h = 39, .ofs_x = 3, .ofs_y = -2},
    {.bitmap_index = 12263, .adv_w = 736, .box_w = 40, .box_h = 39, .ofs_x = 3, .ofs_y = -2},
    {.bitmap_index = 13043, .adv_w = 736, .box_w = 44, .box_h = 43, .ofs_x = 1, .ofs_y = -4},
    {.bitmap_index = 13989, .adv_w = 736, .box_w = 28, .box_h = 39, .ofs_x = 9, .ofs_y = -2},
    {.bitmap_index = 14535, .adv_w = 736, .box_w = 28, .box_h = 39, .ofs_x = 9, .ofs_y = -2},
    {.bitmap_index = 15081, .adv_w = 736, .box_w = 32, .box_h = 41, .ofs_x = 7, .ofs_y = -2},
    {.bitmap_index = 15737, .adv_w = 736, .box_w = 36, .box_h = 35, .ofs_x = 5, .ofs_y = 0},
    {.bitmap_index = 16367, .adv_w = 736, .box_w = 36, .box_h = 35, .ofs_x = 5, .ofs_y = 0},
    {.bitmap_index = 16997, .adv_w = 736, .box_w = 40, .box_h = 39, .ofs_x = 3, .ofs_y = -2},
    {.bitmap_index = 17777, .adv_w = 736, .box_w = 36, .box_h = 35, .ofs_x = 5, .ofs_y = 0},
    {.bitmap_index = 18407, .adv_w = 736, .box_w = 40, .box_h = 39, .ofs_x = 3, .ofs_y = -2},
    {.bitmap_index = 19187, .adv_w = 736, .box_w = 40, .box_h = 39, .ofs_x = 3, .ofs_y = -2},
    {.bitmap_index = 19967, .adv_w = 736, .box_w = 32, .box_h = 34, .ofs_x = 7, .ofs_y = 1},
    {.bitmap_index = 20511, .adv_w = 736, .box_w = 40, .box_h = 34, .ofs_x = 3, .ofs_y = 1},
    {.bitmap_index = 21191, .adv_w = 736, .box_w = 32, .box_h = 43, .ofs_x = 7, .ofs_y = -4},
    {.bitmap_index = 21879, .adv_w = 736, .box_w = 36, .box_h = 31, .ofs_x = 5, .ofs_y = 2},
    {.bitmap_index = 22437, .adv_w = 736, .box_w = 22, .box_h = 39, .ofs_x = 12, .ofs_y = -2},
    {.bitmap_index = 22866, .adv_w = 736, .box_w = 40, .box_h = 20, .ofs_x = 3, .ofs_y = 7},
    {.bitmap_index = 23266, .adv_w = 736, .box_w = 40, .box_h = 20, .ofs_x = 3, .ofs_y = 7},
    {.bitmap_index = 23666, .adv_w = 736, .box_w = 36, .box_h = 43, .ofs_x = 5, .ofs_y = -4},
    {.bitmap_index = 24440, .adv_w = 736, .box_w = 36, .box_h = 35, .ofs_x = 5, .ofs_y = 0},
    {.bitmap_index = 25070, .adv_w = 736, .box_w = 24, .box_h = 34, .ofs_x = 11, .ofs_y = 1},
    {.bitmap_index = 25478, .adv_w = 736, .box_w = 44, .box_h = 28, .ofs_x = 1, .ofs_y = 3},
    {.bitmap_index = 26094, .adv_w = 736, .box_w = 44, .box_h = 35, .ofs_x = 1, .ofs_y = 0},
    {.bitmap_index = 26864, .adv_w = 736, .box_w = 38, .box_h = 42, .ofs_x = 3, .ofs_y = -3},
    {.bitmap_index = 27662, .adv_w = 736, .box_w = 41, .box_h = 39, .ofs_x = 2, .ofs_y = -2},
    {.bitmap_index = 28462, .adv_w = 736, .box_w = 44, .box_h = 39, .ofs_x = 1, .ofs_y = -2},
    {.bitmap_index = 29320, .adv_w = 736, .box_w = 44, .box_h = 40, .ofs_x = 1, .ofs_y = -3},
    {.bitmap_index = 30200, .adv_w = 736, .box_w = 44, .box_h = 41, .ofs_x = 1, .ofs_y = -4},
    {.bitmap_index = 31102, .adv_w = 736, .box_w = 34, .box_h = 39, .ofs_x = 6, .ofs_y = -2},
    {.bitmap_index = 31765, .adv_w = 736, .box_w = 38, .box_h = 39, .ofs_x = 5, .ofs_y = -2},
    {.bitmap_index = 32506, .adv_w = 736, .box_w = 42, .box_h = 35, .ofs_x = 2, .ofs_y = 0},
    {.bitmap_index = 33241, .adv_w = 736, .box_w = 43, .box_h = 35, .ofs_x = 1, .ofs_y = 0},
    {.bitmap_index = 33994, .adv_w = 736, .box_w = 32, .box_h = 39, .ofs_x = 7, .ofs_y = -2},
    {.bitmap_index = 34618, .adv_w = 736, .box_w = 32, .box_h = 39, .ofs_x = 7, .ofs_y = -2},
    {.bitmap_index = 35242, .adv_w = 736, .box_w = 40, .box_h = 39, .ofs_x = 3, .ofs_y = -2},
    {.bitmap_index = 36022, .adv_w = 736, .box_w = 24, .box_h = 35, .ofs_x = 11, .ofs_y = 0},
    {.bitmap_index = 36442, .adv_w = 736, .box_w = 41, .box_h = 41, .ofs_x = 2, .ofs_y = -4},
    {.bitmap_index = 37283, .adv_w = 736, .box_w = 32, .box_h = 39, .ofs_x = 7, .ofs_y = -2},
    {.bitmap_index = 37907, .adv_w = 736, .box_w = 36, .box_h = 39, .ofs_x = 5, .ofs_y = -2},
    {.bitmap_index = 38609, .adv_w = 736, .box_w = 32, .box_h = 32, .ofs_x = 7, .ofs_y = 1},
    {.bitmap_index = 39121, .adv_w = 736, .box_w = 39, .box_h = 34, .ofs_x = 4, .ofs_y = 1},
    {.bitmap_index = 39784, .adv_w = 736, .box_w = 35, .box_h = 22, .ofs_x = 5, .ofs_y = 5},
    {.bitmap_index = 40169, .adv_w = 736, .box_w = 40, .box_h = 35, .ofs_x = 3, .ofs_y = 0},
    {.bitmap_index = 40869, .adv_w = 736, .box_w = 40, .box_h = 35, .ofs_x = 3, .ofs_y = 0},
    {.bitmap_index = 41569, .adv_w = 736, .box_w = 40, .box_h = 39, .ofs_x = 3, .ofs_y = -2},
    {.bitmap_index = 42349, .adv_w = 736, .box_w = 40, .box_h = 39, .ofs_x = 3, .ofs_y = -4},
    {.bitmap_index = 43129, .adv_w = 736, .box_w = 39, .box_h = 39, .ofs_x = 3, .ofs_y = -2},
    {.bitmap_index = 43890, .adv_w = 736, .box_w = 39, .box_h = 39, .ofs_x = 4, .ofs_y = -2},
    {.bitmap_index = 44651, .adv_w = 736, .box_w = 42, .box_h = 42, .ofs_x = 3, .ofs_y = -2},
    {.bitmap_index = 45533, .adv_w = 736, .box_w = 36, .box_h = 44, .ofs_x = 5, .ofs_y = -5},
    {.bitmap_index = 46325, .adv_w = 736, .box_w = 42, .box_h = 41, .ofs_x = 3, .ofs_y = -2},
    {.bitmap_index = 47186, .adv_w = 736, .box_w = 41, .box_h = 38, .ofs_x = 2, .ofs_y = -2},
    {.bitmap_index = 47965, .adv_w = 736, .box_w = 40, .box_h = 35, .ofs_x = 3, .ofs_y = 0},
    {.bitmap_index = 48665, .adv_w = 736, .box_w = 22, .box_h = 39, .ofs_x = 12, .ofs_y = -2},
    {.bitmap_index = 49094, .adv_w = 736, .box_w = 22, .box_h = 39, .ofs_x = 12, .ofs_y = -2},
    {.bitmap_index = 49523, .adv_w = 736, .box_w = 40, .box_h = 29, .ofs_x = 3, .ofs_y = 2},
    {.bitmap_index = 50103, .adv_w = 736, .box_w = 40, .box_h = 31, .ofs_x = 3, .ofs_y = 1},
    {.bitmap_index = 50723, .adv_w = 736, .box_w = 40, .box_h = 39, .ofs_x = 3, .ofs_y = -2},
    {.bitmap_index = 51503, .adv_w = 736, .box_w = 24, .box_h = 43, .ofs_x = 11, .ofs_y = -4},
    {.bitmap_index = 52019, .adv_w = 736, .box_w = 43, .box_h = 44, .ofs_x = 2, .ofs_y = -4},
    {.bitmap_index = 52965, .adv_w = 736, .box_w = 32, .box_h = 34, .ofs_x = 7, .ofs_y = 1},
    {.bitmap_index = 53509, .adv_w = 736, .box_w = 41, .box_h = 39, .ofs_x = 2, .ofs_y = -2}
};

/*---------------------
 *  CHARACTER MAPPING
 *--------------------*/

static const uint16_t unicode_list_0[] = {
    0x0, 0xe, 0x22, 0x24, 0x75, 0x76, 0x78, 0x7a,
    0x7c, 0x7e, 0x7f, 0x80, 0x8a, 0xda, 0x13e, 0x14c,
    0x155, 0x1d4, 0x20c, 0x234, 0x23d, 0x296, 0x2d3, 0x315,
    0x331, 0x332, 0x33a, 0x357, 0x38e, 0x38f, 0x3d4, 0x3e1,
    0x408, 0x421, 0x4c1, 0x4e2, 0x4e3, 0x50b, 0x51d, 0x51e,
    0x561, 0x57a, 0x58a, 0x58c, 0x58d, 0x590, 0x591, 0x592,
    0x593, 0x594, 0x595, 0x599, 0x5a5, 0x5a6, 0x5aa, 0x5ad,
    0x5dc, 0x6a1, 0x6a2, 0x6b1, 0x713, 0x765, 0x7cd, 0x7e0,
    0x817, 0x818, 0x819, 0xa5c, 0xbbe, 0xd3f, 0xd8d, 0xec8,
    0xfc2, 0xfca, 0x104d, 0x10be, 0x10bf, 0x124f, 0x1250, 0x12a4,
    0x1407, 0x1431, 0x14fe, 0x18d2
};

/*Collect the unicode lists and glyph_id offsets*/
static const lv_font_fmt_txt_cmap_t cmaps[] =
{
    {
        .range_start = 983044, .range_length = 6355, .glyph_id_start = 1,
        .unicode_list = unicode_list_0, .glyph_id_ofs_list = NULL, .list_length = 84, .type = LV_FONT_FMT_TXT_CMAP_SPARSE_TINY
    }
};



/*--------------------
 *  ALL CUSTOM DATA
 *--------------------*/

#if LVGL_VERSION_MAJOR == 8
/*Store all the custom data of the font*/
static  lv_font_fmt_txt_glyph_cache_t cache;
#endif

#if LVGL_VERSION_MAJOR >= 8
static const lv_font_fmt_txt_dsc_t font_dsc = {
#else
static lv_font_fmt_txt_dsc_t font_dsc = {
#endif
    .glyph_bitmap = glyph_bitmap,
    .glyph_dsc = glyph_dsc,
    .cmaps = cmaps,
    .kern_dsc = NULL,
    .kern_scale = 0,
    .cmap_num = 1,
    .bpp = 4,
    .kern_classes = 0,
    .bitmap_format = 0,
#if LVGL_VERSION_MAJOR == 8
    .cache = &cache
#endif
};



/*-----------------
 *  PUBLIC FONT
 *----------------*/

/*Initialize a public general font descriptor*/
#if LVGL_VERSION_MAJOR >= 8
const lv_font_t fleet_icons_46 = {
#else
lv_font_t fleet_icons_46 = {
#endif
    .get_glyph_dsc = lv_font_get_glyph_dsc_fmt_txt,    /*Function pointer to get glyph's data*/
    .get_glyph_bitmap = lv_font_get_bitmap_fmt_txt,    /*Function pointer to get glyph's bitmap*/
    .line_height = 45,          /*The maximum line height required by the font*/
    .base_line = 5,             /*Baseline measured from the bottom of the line*/
#if !(LVGL_VERSION_MAJOR == 6 && LVGL_VERSION_MINOR == 0)
    .subpx = LV_FONT_SUBPX_NONE,
#endif
#if LV_VERSION_CHECK(7, 4, 0) || LVGL_VERSION_MAJOR >= 8
    .underline_position = 0,
    .underline_thickness = 0,
#endif
    .dsc = &font_dsc,          /*The custom font data. Will be accessed by `get_glyph_bitmap/dsc` */
#if LV_VERSION_CHECK(8, 2, 0) || LVGL_VERSION_MAJOR >= 9
    .fallback = NULL,
#endif
    .user_data = NULL,
};



#endif /*#if FLEET_ICONS_46*/

