/* fleet-glyph-set: 5d9cc6d04166 - generated by scripts/gen_icon_font.py. Do not edit. */
/*******************************************************************************
 * Size: 24 px
 * Bpp: 4
 * Opts: --font C:\Users\Marge\Documents\PlatformIO\Projects\ESP32 Voice Assistant Fleet\assets\fonts\materialdesignicons-webfont-7.4.47.ttf -r 0xF0004,0xF0012,0xF0026,0xF0028,0xF0079,0xF007A,0xF007C,0xF007E,0xF0080,0xF0082,0xF0083,0xF0084,0xF008E,0xF00DE,0xF0142,0xF0150,0xF0159,0xF01D8,0xF0210,0xF0238,0xF0241,0xF029A,0xF02D7,0xF0319,0xF0335,0xF0336,0xF033E,0xF035B,0xF0392,0xF0393,0xF03D8,0xF03E5,0xF040C,0xF0425,0xF04C5,0xF04E6,0xF04E7,0xF050F,0xF0521,0xF0522,0xF0565,0xF057E,0xF058E,0xF0590,0xF0591,0xF0594,0xF0595,0xF0596,0xF0597,0xF0598,0xF0599,0xF059D,0xF05A9,0xF05AA,0xF05AE,0xF05B1,0xF05E0,0xF06A5,0xF06A6,0xF06B5,0xF06D9,0xF06DA,0xF0717,0xF0769,0xF07D1,0xF07E4,0xF081B,0xF081C,0xF081D,0xF0A60,0xF0BC2,0xF0D43,0xF0D91,0xF0ECC,0xF0FC6,0xF0FCE,0xF1020,0xF1051,0xF10C2,0xF10C3,0xF1253,0xF1254,0xF12A8,0xF140B,0xF1435,0xF1502,0xF179B,0xF17C7,0xF18D6 --size 24 --bpp 4 --format lvgl --no-compress --lv-include lvgl.h -o C:\Users\Marge\Documents\PlatformIO\Projects\ESP32 Voice Assistant Fleet\src\UI\fonts\fleet_icons_24.c
 ******************************************************************************/

#ifdef LV_LVGL_H_INCLUDE_SIMPLE
#include "lvgl.h"
#else
#include "lvgl.h"
#endif

#ifndef FLEET_ICONS_24
#define FLEET_ICONS_24 1
#endif

#if FLEET_ICONS_24

/*-----------------
 *    BITMAPS
 *----------------*/

/*Store the image of the glyphs*/
static LV_ATTRIBUTE_LARGE_CONST const uint8_t glyph_bitmap[] = {
    /* U+F0004 "󰀄" */
    0x0, 0x0, 0x0, 0x0, 0x0, 0x0, 0x0, 0x0,
    0x0, 0x0, 0x0, 0x0, 0x2b, 0xff, 0xb2, 0x0,
    0x0, 0x0, 0x0, 0x0, 0x2, 0xef, 0xff, 0xfe,
    0x20, 0x0, 0x0, 0x0, 0x0, 0xa, 0xff, 0xff,
    0xff, 0xa0, 0x0, 0x0, 0x0, 0x0, 0xe, 0xff,
    0xff, 0xff, 0xe0, 0x0, 0x0, 0x0, 0x0, 0xf,
    0xff, 0xff, 0xff, 0xe0, 0x0, 0x0, 0x0, 0x0,
    0xa, 0xff, 0xff, 0xff, 0xa0, 0x0, 0x0, 0x0,
    0x0, 0x2, 0xef, 0xff, 0xfe, 0x20, 0x0, 0x0,
    0x0, 0x0, 0x0, 0x2b, 0xff, 0xb2, 0x0, 0x0,
    0x0, 0x0, 0x0, 0x0, 0x0, 0x0, 0x0, 0x0,
    0x0, 0x0, 0x0, 0x0, 0x0, 0x0, 0x0, 0x0,
    0x0, 0x0, 0x0, 0x0, 0x0, 0x48, 0xce, 0xff,
    0xec, 0x83, 0x0, 0x0, 0x0, 0x4d, 0xff, 0xff,
    0xff, 0xff, 0xff, 0xd4, 0x0, 0x6, 0xff, 0xff,
    0xff, 0xff, 0xff, 0xff, 0xff, 0x60, 0xe, 0xff,
    0xff, 0xff, 0xff, 0xff, 0xff, 0xff, 0xe0, 0xf,
    0xff, 0xff, 0xff, 0xff, 0xff, 0xff, 0xff, 0xf0,
    0xf, 0xff, 0xff, 0xff, 0xff, 0xff, 0xff, 0xff,
    0xf0, 0x0, 0x0, 0x0, 0x0, 0x0, 0x0, 0x0,
    0x0, 0x0,

    /* U+F0012 "󰀒" */
    0x0, 0x0, 0x0, 0x0, 0x0, 0x0, 0x0, 0x0,
    0x0, 0x0, 0x0, 0x0, 0x0, 0x2a, 0xef, 0xb2,
    0x0, 0x0, 0x0, 0x0, 0x0, 0x0, 0x2e, 0xff,
    0xff, 0xe2, 0x0, 0x0, 0x0, 0xab, 0x0, 0xa,
    0xff, 0xff, 0xff, 0xa0, 0x0, 0x0, 0xb, 0xfb,
    0x0, 0xaf, 0xff, 0xff, 0xfe, 0x0, 0x0, 0x0,
    0xb, 0xfb, 0x0, 0xaf, 0xff, 0xff, 0xe0, 0x0,
    0x0, 0x0, 0xb, 0xfb, 0x0, 0xaf, 0xff, 0xfa,
    0x0, 0x0, 0x0, 0x0, 0xb, 0xfb, 0x0, 0xaf,
    0xfe, 0x20, 0x0, 0x0, 0x0, 0x0, 0xb, 0xfb,
    0x0, 0xaa, 0x20, 0x0, 0x0, 0x0, 0x0, 0x0,
    0xb, 0xfb, 0x0, 0x0, 0x0, 0x0, 0x0, 0x0,
    0x0, 0x0, 0xb, 0xfb, 0x0, 0x0, 0x0, 0x0,
    0x0, 0x0, 0x0, 0x48, 0xcf, 0xfb, 0x0, 0x34,
    0x0, 0x0, 0x0, 0x4, 0xdf, 0xff, 0xff, 0xfb,
    0x0, 0xad, 0x40, 0x0, 0x6, 0xff, 0xff, 0xff,
    0xff, 0xfb, 0x0, 0xaf, 0x60, 0x0, 0xef, 0xff,
    0xff, 0xff, 0xff, 0xfb, 0x0, 0xae, 0x0, 0xf,
    0xff, 0xff, 0xff, 0xff, 0xff, 0xfb, 0x0, 0xa0,
    0x0, 0xff, 0xff, 0xff, 0xff, 0xff, 0xff, 0xfb,
    0x0, 0x0, 0x0, 0x0, 0x0, 0x0, 0x0, 0x0,
    0xb, 0xfb, 0x0, 0x0, 0x0, 0x0, 0x0, 0x0,
    0x0, 0x0, 0xb, 0xfb, 0x0, 0x0, 0x0, 0x0,
    0x0, 0x0, 0x0, 0x0, 0xb, 0x40, 0x0, 0x0,
    0x0, 0x0, 0x0, 0x0, 0x0, 0x0, 0x0, 0x0,

    /* U+F0026 "󰀦" */
    0x0, 0x0, 0x0, 0x0, 0x0, 0x4, 0x40, 0x0,
    0x0, 0x0, 0x0, 0x0, 0x0, 0x0, 0x0, 0x0,
    0x0, 0xd, 0xd0, 0x0, 0x0, 0x0, 0x0, 0x0,
    0x0, 0x0, 0x0, 0x0, 0x0, 0x7f, 0xf7, 0x0,
    0x0, 0x0, 0x0, 0x0, 0x0, 0x0, 0x0, 0x0,
    0x1, 0xff, 0xfe, 0x10, 0x0, 0x0, 0x0, 0x0,
    0x0, 0x0, 0x0, 0x0, 0x9, 0xff, 0xff, 0x90,
    0x0, 0x0, 0x0, 0x0, 0x0, 0x0, 0x0, 0x0,
    0x3f, 0xff, 0xff, 0xf3, 0x0, 0x0, 0x0, 0x0,
    0x0, 0x0, 0x0, 0x0, 0xcf, 0xff, 0xff, 0xfc,
    0x0, 0x0, 0x0, 0x0, 0x0, 0x0, 0x0, 0x5,
    0xff, 0xf0, 0xf, 0xff, 0x50, 0x0, 0x0, 0x0,
    0x0, 0x0, 0x0, 0xe, 0xff, 0xf0, 0xf, 0xff,
    0xe0, 0x0, 0x0, 0x0, 0x0, 0x0, 0x0, 0x8f,
    0xff, 0xf0, 0xf, 0xff, 0xf8, 0x0, 0x0, 0x0,
    0x0, 0x0, 0x1, 0xff, 0xff, 0xf0, 0xf, 0xff,
    0xff, 0x10, 0x0, 0x0, 0x0, 0x0, 0xa, 0xff,
    0xff, 0xf0, 0xf, 0xff, 0xff, 0xa0, 0x0, 0x0,
    0x0, 0x0, 0x3f, 0xff, 0xff, 0xff, 0xff, 0xff,
    0xff, 0xf3, 0x0, 0x0, 0x0, 0x0, 0xdf, 0xff,
    0xff, 0xff, 0xff, 0xff, 0xff, 0xfc, 0x0, 0x0,
    0x0, 0x6, 0xff, 0xff, 0xff, 0xf0, 0xf, 0xff,
    0xff, 0xff, 0x60, 0x0, 0x0, 0x1e, 0xff, 0xff,
    0xff, 0xf0, 0xf, 0xff, 0xff, 0xff, 0xe1, 0x0,
    0x0, 0x9f, 0xff, 0xff, 0xff, 0xff, 0xff, 0xff,
    0xff, 0xff, 0xf8, 0x0, 0x2, 0xff, 0xff, 0xff,
    0xff, 0xff, 0xff, 0xff, 0xff, 0xff, 0xff, 0x20,
    0xb, 0xff, 0xff, 0xff, 0xff, 0xff, 0xff, 0xff,
    0xff, 0xff, 0xff, 0xb0,

    /* U+F0028 "󰀨" */
    0x0, 0x0, 0x0, 0x5a, 0xde, 0xed, 0xa5, 0x0,
    0x0, 0x0, 0x0, 0x0, 0x5d, 0xff, 0xff, 0xff,
    0xff, 0xd5, 0x0, 0x0, 0x0, 0x8, 0xff, 0xff,
    0xff, 0xff, 0xff, 0xff, 0x80, 0x0, 0x0, 0x8f,
    0xff, 0xff, 0xff, 0xff, 0xff, 0xff, 0xf8, 0x0,
    0x5, 0xff, 0xff, 0xff, 0xff, 0xff, 0xff, 0xff,
    0xff, 0x50, 0xd, 0xff, 0xff, 0xff, 0xf0, 0xf,
    0xff, 0xff, 0xff, 0xd0, 0x5f, 0xff, 0xff, 0xff,
    0xf0, 0xf, 0xff, 0xff, 0xff, 0xf5, 0xaf, 0xff,
    0xff, 0xff, 0xf0, 0xf, 0xff, 0xff, 0xff, 0xfa,
    0xdf, 0xff, 0xff, 0xff, 0xf0, 0xf, 0xff, 0xff,
    0xff, 0xfd, 0xef, 0xff, 0xff, 0xff, 0xf0, 0xf,
    0xff, 0xff, 0xff, 0xfe, 0xff, 0xff, 0xff, 0xff,
    0xf0, 0xf, 0xff, 0xff, 0xff, 0xfe, 0xdf, 0xff,
    0xff, 0xff, 0xff, 0xff, 0xff, 0xff, 0xff, 0xfd,
    0xaf, 0xff, 0xff, 0xff, 0xff, 0xff, 0xff, 0xff,
    0xff, 0xfa, 0x5f, 0xff, 0xff, 0xff, 0xf0, 0xf,
    0xff, 0xff, 0xff, 0xf5, 0xd, 0xff, 0xff, 0xff,
    0xf0, 0xf, 0xff, 0xff, 0xff, 0xd0, 0x5, 0xff,
    0xff, 0xff, 0xff, 0xff, 0xff, 0xff, 0xff, 0x50,
    0x0, 0x8f, 0xff, 0xff, 0xff, 0xff, 0xff, 0xff,
    0xf8, 0x0, 0x0, 0x8, 0xff, 0xff, 0xff, 0xff,
    0xff, 0xff, 0x80, 0x0, 0x0, 0x0, 0x5d, 0xff,
    0xff, 0xff, 0xff, 0xd5, 0x0, 0x0, 0x0, 0x0,
    0x0, 0x5a, 0xdf, 0xed, 0xa5, 0x0, 0x0, 0x0,

    /* U+F0079 "󰁹" */
    0x0, 0xf, 0xff, 0xff, 0xf0, 0x0, 0x0, 0xf,
    0xff, 0xff, 0xf0, 0x0, 0x9f, 0xff, 0xff, 0xff,
    0xff, 0xf9, 0xff, 0xff, 0xff, 0xff, 0xff, 0xff,
    0xff, 0xff, 0xff, 0xff, 0xff, 0xff, 0xff, 0xff,
    0xff, 0xff, 0xff, 0xff, 0xff, 0xff, 0xff, 0xff,
    0xff, 0xff, 0xff, 0xff, 0xff, 0xff, 0xff, 0xff,
    0xff, 0xff, 0xff, 0xff, 0xff, 0xff, 0xff, 0xff,
    0xff, 0xff, 0xff, 0xff, 0xff, 0xff, 0xff, 0xff,
    0xff, 0xff, 0xff, 0xff, 0xff, 0xff, 0xff, 0xff,
    0xff, 0xff, 0xff, 0xff, 0xff, 0xff, 0xff, 0xff,
    0xff, 0xff, 0xff, 0xff, 0xff, 0xff, 0xff, 0xff,
    0xff, 0xff, 0xff, 0xff, 0xff, 0xff, 0xff, 0xff,
    0xff, 0xff, 0xff, 0xff, 0xff, 0xff, 0xff, 0xff,
    0xff, 0xff, 0xff, 0xff, 0xff, 0xff, 0xff, 0xff,
    0xff, 0xff, 0x9f, 0xff, 0xff, 0xff, 0xff, 0xf9,

    /* U+F007A "󰁺" */
    0x0, 0xf, 0xff, 0xff, 0xf0, 0x0, 0x0, 0xf,
    0xff, 0xff, 0xf0, 0x0, 0x9f, 0xff, 0xff, 0xff,
    0xff, 0xf9, 0xff, 0xff, 0xff, 0xff, 0xff, 0xff,
    0xff, 0x0, 0x0, 0x0, 0x0, 0xff, 0xff, 0x0,
    0x0, 0x0, 0x0, 0xff, 0xff, 0x0, 0x0, 0x0,
    0x0, 0xff, 0xff, 0x0, 0x0, 0x0, 0x0, 0xff,
    0xff, 0x0, 0x0, 0x0, 0x0, 0xff, 0xff, 0x0,
    0x0, 0x0, 0x0, 0xff, 0xff, 0x0, 0x0, 0x0,
    0x0, 0xff, 0xff, 0x0, 0x0, 0x0, 0x0, 0xff,
    0xff, 0x0, 0x0, 0x0, 0x0, 0xff, 0xff, 0x0,
    0x0, 0x0, 0x0, 0xff, 0xff, 0x0, 0x0, 0x0,
    0x0, 0xff, 0xff, 0x0, 0x0, 0x0, 0x0, 0xff,
    0xff, 0xff, 0xff, 0xff, 0xff, 0xff, 0xff, 0xff,
    0xff, 0xff, 0xff, 0xff, 0xff, 0xff, 0xff, 0xff,
    0xff, 0xff, 0x9f, 0xff, 0xff, 0xff, 0xff, 0xf9,

    /* U+F007C "󰁼" */
    0x0, 0xf, 0xff, 0xff, 0xf0, 0x0, 0x0, 0xf,
    0xff, 0xff, 0xf0, 0x0, 0x9f, 0xff, 0xff, 0xff,
    0xff, 0xf9, 0xff, 0xff, 0xff, 0xff, 0xff, 0xff,
    0xff, 0x0, 0x0, 0x0, 0x0, 0xff, 0xff, 0x0,
    0x0, 0x0, 0x0, 0xff, 0xff, 0x0, 0x0, 0x0,
    0x0, 0xff, 0xff, 0x0, 0x0, 0x0, 0x0, 0xff,
    0xff, 0x0, 0x0, 0x0, 0x0, 0xff, 0xff, 0x0,
    0x0, 0x0, 0x0, 0xff, 0xff, 0x0, 0x0, 0x0,
    0x0, 0xff, 0xff, 0x0, 0x0, 0x0, 0x0, 0xff,
    0xff, 0x0, 0x0, 0x0, 0x0, 0xff, 0xff, 0xff,
    0xff, 0xff, 0xff, 0xff, 0xff, 0xff, 0xff, 0xff,
    0xff, 0xff, 0xff, 0xff, 0xff, 0xff, 0xff, 0xff,
    0xff, 0xff, 0xff, 0xff, 0xff, 0xff, 0xff, 0xff,
    0xff, 0xff, 0xff, 0xff, 0xff, 0xff, 0xff, 0xff,
    0xff, 0xff, 0x9f, 0xff, 0xff, 0xff, 0xff, 0xf9,

    /* U+F007E "󰁾" */
    0x0, 0xf, 0xff, 0xff, 0xf0, 0x0, 0x0, 0xf,
    0xff, 0xff, 0xf0, 0x0, 0x9f, 0xff, 0xff, 0xff,
    0xff, 0xf9, 0xff, 0xff, 0xff, 0xff, 0xff, 0xff,
    0xff, 0x0, 0x0, 0x0, 0x0, 0xff, 0xff, 0x0,
    0x0, 0x0, 0x0, 0xff, 0xff, 0x0, 0x0, 0x0,
    0x0, 0xff, 0xff, 0x0, 0x0, 0x0, 0x0, 0xff,
    0xff, 0x0, 0x0, 0x0, 0x0, 0xff, 0xff, 0x0,
    0x0, 0x0, 0x0, 0xff, 0xff, 0x0, 0x0, 0x0,
    0x0, 0xff, 0xff, 0xff, 0xff, 0xff, 0xff, 0xff,
    0xff, 0xff, 0xff, 0xff, 0xff, 0xff, 0xff, 0xff,
    0xff, 0xff, 0xff, 0xff, 0xff, 0xff, 0xff, 0xff,
    0xff, 0xff, 0xff, 0xff, 0xff, 0xff, 0xff, 0xff,
    0xff, 0xff, 0xff, 0xff, 0xff, 0xff, 0xff, 0xff,
    0xff, 0xff, 0xff, 0xff, 0xff, 0xff, 0xff, 0xff,
    0xff, 0xff, 0x9f, 0xff, 0xff, 0xff, 0xff, 0xf9,

    /* U+F0080 "󰂀" */
    0x0, 0xf, 0xff, 0xff, 0xf0, 0x0, 0x0, 0xf,
    0xff, 0xff, 0xf0, 0x0, 0x9f, 0xff, 0xff, 0xff,
    0xff, 0xf9, 0xff, 0xff, 0xff, 0xff, 0xff, 0xff,
    0xff, 0x0, 0x0, 0x0, 0x0, 0xff, 0xff, 0x0,
    0x0, 0x0, 0x0, 0xff, 0xff, 0x0, 0x0, 0x0,
    0x0, 0xff, 0xff, 0x0, 0x0, 0x0, 0x0, 0xff,
    0xff, 0xff, 0xff, 0xff, 0xff, 0xff, 0xff, 0xff,
    0xff, 0xff, 0xff, 0xff, 0xff, 0xff, 0xff, 0xff,
    0xff, 0xff, 0xff, 0xff, 0xff, 0xff, 0xff, 0xff,
    0xff, 0xff, 0xff, 0xff, 0xff, 0xff, 0xff, 0xff,
    0xff, 0xff, 0xff, 0xff, 0xff, 0xff, 0xff, 0xff,
    0xff, 0xff, 0xff, 0xff, 0xff, 0xff, 0xff, 0xff,
    0xff, 0xff, 0xff, 0xff, 0xff, 0xff, 0xff, 0xff,
    0xff, 0xff, 0xff, 0xff, 0xff, 0xff, 0xff, 0xff,
    0xff, 0xff, 0x9f, 0xff, 0xff, 0xff, 0xff, 0xf9,

    /* U+F0082 "󰂂" */
    0x0, 0xf, 0xff, 0xff, 0xf0, 0x0, 0x0, 0xf,
    0xff, 0xff, 0xf0, 0x0, 0x9f, 0xff, 0xff, 0xff,
    0xff, 0xf9, 0xff, 0xff, 0xff, 0xff, 0xff, 0xff,
    0xff, 0x0, 0x0, 0x0, 0x0, 0xff, 0xff, 0x0,
    0x0, 0x0, 0x0, 0xff, 0xff, 0xff, 0xff, 0xff,
    0xff, 0xff, 0xff, 0xff, 0xff, 0xff, 0xff, 0xff,
    0xff, 0xff, 0xff, 0xff, 0xff, 0xff, 0xff, 0xff,
    0xff, 0xff, 0xff, 0xff, 0xff, 0xff, 0xff, 0xff,
    0xff, 0xff, 0xff, 0xff, 0xff, 0xff, 0xff, 0xff,
    0xff, 0xff, 0xff, 0xff, 0xff, 0xff, 0xff, 0xff,
    0xff, 0xff, 0xff, 0xff, 0xff, 0xff, 0xff, 0xff,
    0xff, 0xff, 0xff, 0xff, 0xff, 0xff, 0xff, 0xff,
    0xff, 0xff, 0xff, 0xff, 0xff, 0xff, 0xff, 0xff,
    0xff, 0xff, 0xff, 0xff, 0xff, 0xff, 0xff, 0xff,
    0xff, 0xff, 0x9f, 0xff, 0xff, 0xff, 0xff, 0xf9,

    /* U+F0083 "󰂃" */
    0x0, 0xf, 0xff, 0xff, 0xf0, 0x0, 0x0, 0xf,
    0xff, 0xff, 0xf0, 0x0, 0x9f, 0xff, 0xff, 0xff,
    0xff, 0xf9, 0xff, 0xff, 0xff, 0xff, 0xff, 0xfe,
    0xff, 0xff, 0xff, 0xff, 0xff, 0xfe, 0xff, 0xff,
    0xff, 0xff, 0xff, 0xfe, 0xff, 0xff, 0xf0, 0xf,
    0xff, 0xfe, 0xff, 0xff, 0xf0, 0xf, 0xff, 0xfe,
    0xff, 0xff, 0xf0, 0xf, 0xff, 0xfe, 0xff, 0xff,
    0xf0, 0xf, 0xff, 0xfe, 0xff, 0xff, 0xf0, 0xf,
    0xff, 0xfe, 0xff, 0xff, 0xf0, 0xf, 0xff, 0xfe,
    0xff, 0xff, 0xff, 0xff, 0xff, 0xfe, 0xff, 0xff,
    0xff, 0xff, 0xff, 0xfe, 0xff, 0xff, 0xf0, 0xf,
    0xff, 0xfe, 0xff, 0xff, 0xf0, 0xf, 0xff, 0xfe,
    0xff, 0xff, 0xff, 0xff, 0xff, 0xfe, 0xff, 0xff,
    0xff, 0xff, 0xff, 0xfe, 0xff, 0xff, 0xff, 0xff,
    0xff, 0xfe, 0x9f, 0xff, 0xff, 0xff, 0xff, 0xf8,

    /* U+F0084 "󰂄" */
    0x0, 0xf, 0xff, 0xff, 0xf0, 0x0, 0x0, 0xf,
    0xff, 0xff, 0xf0, 0x0, 0x9f, 0xff, 0xff, 0xff,
    0xff, 0xf9, 0xff, 0xff, 0xff, 0xff, 0xff, 0xff,
    0xff, 0xff, 0xff, 0xff, 0xff, 0xff, 0xff, 0xff,
    0xff, 0xbf, 0xff, 0xff, 0xff, 0xff, 0xff, 0x3f,
    0xff, 0xff, 0xff, 0xff, 0xfa, 0xf, 0xff, 0xff,
    0xff, 0xff, 0xf2, 0xf, 0xff, 0xff, 0xff, 0xff,
    0x90, 0xf, 0xff, 0xff, 0xff, 0xff, 0x10, 0x8,
    0x9f, 0xff, 0xff, 0xf8, 0x0, 0x0, 0x8f, 0xff,
    0xff, 0xf9, 0x80, 0x1, 0xff, 0xff, 0xff, 0xff,
    0xf0, 0x9, 0xff, 0xff, 0xff, 0xff, 0xf0, 0x2f,
    0xff, 0xff, 0xff, 0xff, 0xf0, 0xaf, 0xff, 0xff,
    0xff, 0xff, 0xf3, 0xff, 0xff, 0xff, 0xff, 0xff,
    0xfb, 0xff, 0xff, 0xff, 0xff, 0xff, 0xff, 0xff,
    0xff, 0xff, 0x9f, 0xff, 0xff, 0xff, 0xff, 0xf9,

    /* U+F008E "󰂎" */
    0x0, 0xf, 0xff, 0xff, 0xf0, 0x0, 0x0, 0xf,
    0xff, 0xff, 0xf0, 0x0, 0x9f, 0xff, 0xff, 0xff,
    0xff, 0xf9, 0xff, 0xff, 0xff, 0xff, 0xff, 0xff,
    0xff, 0x0, 0x0, 0x0, 0x0, 0xff, 0xff, 0x0,
    0x0, 0x0, 0x0, 0xff, 0xff, 0x0, 0x0, 0x0,
    0x0, 0xff, 0xff, 0x0, 0x0, 0x0, 0x0, 0xff,
    0xff, 0x0, 0x0, 0x0, 0x0, 0xff, 0xff, 0x0,
    0x0, 0x0, 0x0, 0xff, 0xff, 0x0, 0x0, 0x0,
    0x0, 0xff, 0xff, 0x0, 0x0, 0x0, 0x0, 0xff,
    0xff, 0x0, 0x0, 0x0, 0x0, 0xff, 0xff, 0x0,
    0x0, 0x0, 0x0, 0xff, 0xff, 0x0, 0x0, 0x0,
    0x0, 0xff, 0xff, 0x0, 0x0, 0x0, 0x0, 0xff,
    0xff, 0x0, 0x0, 0x0, 0x0, 0xff, 0xff, 0x0,
    0x0, 0x0, 0x0, 0xff, 0xff, 0xff, 0xff, 0xff,
    0xff, 0xff, 0x9f, 0xff, 0xff, 0xff, 0xff, 0xf9,

    /* U+F00DE "󰃞" */
    0x0, 0x0, 0x0, 0x0, 0x0, 0x0, 0x0, 0x0,
    0x0, 0x0, 0x0, 0x0, 0x0, 0x0, 0x0, 0x0,
    0x0, 0xc, 0xc0, 0x0, 0x0, 0x0, 0x0, 0x0,
    0x0, 0x0, 0x0, 0x0, 0x0, 0xcf, 0xfc, 0x0,
    0x0, 0x0, 0x0, 0x0, 0x0, 0x0, 0x0, 0x0,
    0x1c, 0xff, 0xff, 0xc1, 0x0, 0x0, 0x0, 0x0,
    0x0, 0x0, 0xff, 0xff, 0xff, 0xff, 0xff, 0xff,
    0xff, 0xff, 0x0, 0x0, 0x0, 0x0, 0xff, 0xff,
    0xff, 0xff, 0xff, 0xff, 0xff, 0xff, 0x0, 0x0,
    0x0, 0x0, 0xff, 0xff, 0xf9, 0x31, 0x13, 0x9f,
    0xff, 0xff, 0x0, 0x0, 0x0, 0x0, 0xff, 0xfe,
    0x30, 0x0, 0x0, 0x3, 0xef, 0xff, 0x0, 0x0,
    0x0, 0x1, 0xff, 0xf3, 0x0, 0x0, 0x0, 0x0,
    0x3f, 0xff, 0x10, 0x0, 0x0, 0xc, 0xff, 0x90,
    0x0, 0x0, 0x0, 0x0, 0x9, 0xff, 0xc0, 0x0,
    0x0, 0xcf, 0xff, 0x30, 0x0, 0x0, 0x0, 0x0,
    0x3, 0xff, 0xfc, 0x0, 0xc, 0xff, 0xff, 0x0,
    0x0, 0x0, 0x0, 0x0, 0x1, 0xff, 0xff, 0xc0,
    0xc, 0xff, 0xff, 0x0, 0x0, 0x0, 0x0, 0x0,
    0x1, 0xff, 0xff, 0xc0, 0x0, 0xcf, 0xff, 0x30,
    0x0, 0x0, 0x0, 0x0, 0x3, 0xff, 0xfc, 0x0,
    0x0, 0xc, 0xff, 0x90, 0x0, 0x0, 0x0, 0x0,
    0x9, 0xff, 0xc0, 0x0, 0x0, 0x1, 0xff, 0xf3,
    0x0, 0x0, 0x0, 0x0, 0x3f, 0xff, 0x10, 0x0,
    0x0, 0x0, 0xff, 0xfe, 0x30, 0x0, 0x0, 0x3,
    0xef, 0xff, 0x0, 0x0, 0x0, 0x0, 0xff, 0xff,
    0xf9, 0x30, 0x3, 0x9f, 0xff, 0xff, 0x0, 0x0,
    0x0, 0x0, 0xff, 0xff, 0xff, 0xff, 0xff, 0xff,
    0xff, 0xff, 0x0, 0x0, 0x0, 0x0, 0xff, 0xff,
    0xff, 0xff, 0xff, 0xff, 0xff, 0xff, 0x0, 0x0,
    0x0, 0x0, 0x0, 0x0, 0x1c, 0xff, 0xff, 0xc1,
    0x0, 0x0, 0x0, 0x0, 0x0, 0x0, 0x0, 0x0,
    0x0, 0xcf, 0xfc, 0x0, 0x0, 0x0, 0x0, 0x0,
    0x0, 0x0, 0x0, 0x0, 0x0, 0xc, 0xc0, 0x0,
    0x0, 0x0, 0x0, 0x0, 0x0, 0x0, 0x0, 0x0,
    0x0, 0x0, 0x0, 0x0, 0x0, 0x0, 0x0, 0x0,

    /* U+F0142 "󰅂" */
    0x8, 0x70, 0x0, 0x0, 0x2f, 0xf7, 0x0, 0x0,
    0x5, 0xff, 0x70, 0x0, 0x0, 0x5f, 0xf7, 0x0,
    0x0, 0x5, 0xff, 0x70, 0x0, 0x0, 0x5f, 0xf7,
    0x0, 0x0, 0x5f, 0xf7, 0x0, 0x5, 0xff, 0x70,
    0x0, 0x5f, 0xf7, 0x0, 0x5, 0xff, 0x70, 0x0,
    0x2f, 0xf7, 0x0, 0x0, 0x8, 0x70, 0x0, 0x0,

    /* U+F0150 "󰅐" */
    0x0, 0x0, 0x0, 0x5a, 0xde, 0xed, 0xa5, 0x0,
    0x0, 0x0, 0x0, 0x0, 0x5d, 0xff, 0xff, 0xff,
    0xff, 0xd5, 0x0, 0x0, 0x0, 0x8, 0xff, 0xc6,
    0x20, 0x2, 0x6c, 0xff, 0x80, 0x0, 0x0, 0x8f,
    0xf6, 0x0, 0x0, 0x0, 0x0, 0x7f, 0xf8, 0x0,
    0x5, 0xff, 0x40, 0x0, 0x0, 0x0, 0x0, 0x4,
    0xff, 0x50, 0xd, 0xf7, 0x0, 0x0, 0xf, 0x80,
    0x0, 0x0, 0x7f, 0xd0, 0x5f, 0xc0, 0x0, 0x0,
    0xf, 0x80, 0x0, 0x0, 0xc, 0xf5, 0xaf, 0x60,
    0x0, 0x0, 0xf, 0x80, 0x0, 0x0, 0x6, 0xfa,
    0xdf, 0x20, 0x0, 0x0, 0xf, 0x80, 0x0, 0x0,
    0x2, 0xfd, 0xff, 0x0, 0x0, 0x0, 0xf, 0x80,
    0x0, 0x0, 0x0, 0xfe, 0xff, 0x0, 0x0, 0x0,
    0xf, 0xd3, 0x0, 0x0, 0x0, 0xfe, 0xdf, 0x20,
    0x0, 0x0, 0x4, 0xdf, 0x91, 0x0, 0x2, 0xfd,
    0xaf, 0x60, 0x0, 0x0, 0x0, 0x7, 0xfe, 0x60,
    0x6, 0xfa, 0x5f, 0xc0, 0x0, 0x0, 0x0, 0x0,
    0x2b, 0xa0, 0xc, 0xf5, 0xe, 0xf6, 0x0, 0x0,
    0x0, 0x0, 0x0, 0x0, 0x6f, 0xd0, 0x4, 0xff,
    0x40, 0x0, 0x0, 0x0, 0x0, 0x4, 0xff, 0x50,
    0x0, 0x8f, 0xf6, 0x0, 0x0, 0x0, 0x0, 0x7f,
    0xf8, 0x0, 0x0, 0x8, 0xff, 0xc6, 0x20, 0x2,
    0x6c, 0xff, 0x80, 0x0, 0x0, 0x0, 0x4e, 0xff,
    0xff, 0xff, 0xff, 0xd5, 0x0, 0x0, 0x0, 0x0,
    0x0, 0x5a, 0xdf, 0xfd, 0xa5, 0x0, 0x0, 0x0,

    /* U+F0159 "󰅙" */
    0x0, 0x0, 0x0, 0x5a, 0xdf, 0xfd, 0xa5, 0x0,
    0x0, 0x0, 0x0, 0x0, 0x4e, 0xff, 0xff, 0xff,
    0xff, 0xd4, 0x0, 0x0, 0x0, 0x8, 0xff, 0xff,
    0xff, 0xff, 0xff, 0xff, 0x80, 0x0, 0x0, 0x8f,
    0xff, 0xff, 0xff, 0xff, 0xff, 0xff, 0xf8, 0x0,
    0x4, 0xff, 0xff, 0xff, 0xff, 0xff, 0xff, 0xff,
    0xff, 0x40, 0xe, 0xff, 0xfc, 0x3e, 0xff, 0xff,
    0xe3, 0xcf, 0xff, 0xd0, 0x5f, 0xff, 0xf3, 0x2,
    0xef, 0xfe, 0x20, 0x3f, 0xff, 0xf5, 0xaf, 0xff,
    0xfe, 0x20, 0x2e, 0xe2, 0x2, 0xef, 0xff, 0xfa,
    0xdf, 0xff, 0xff, 0xe2, 0x2, 0x20, 0x2e, 0xff,
    0xff, 0xfd, 0xff, 0xff, 0xff, 0xfe, 0x20, 0x2,
    0xef, 0xff, 0xff, 0xff, 0xff, 0xff, 0xff, 0xfe,
    0x20, 0x2, 0xef, 0xff, 0xff, 0xff, 0xdf, 0xff,
    0xff, 0xe2, 0x2, 0x20, 0x2e, 0xff, 0xff, 0xfd,
    0xaf, 0xff, 0xfe, 0x20, 0x2e, 0xe2, 0x2, 0xef,
    0xff, 0xfa, 0x5f, 0xff, 0xf3, 0x2, 0xef, 0xfe,
    0x20, 0x3f, 0xff, 0xf5, 0xe, 0xff, 0xfc, 0x3e,
    0xff, 0xff, 0xe3, 0xcf, 0xff, 0xe0, 0x4, 0xff,
    0xff, 0xff, 0xff, 0xff, 0xff, 0xff, 0xff, 0x40,
    0x0, 0x8f, 0xff, 0xff, 0xff, 0xff, 0xff, 0xff,
    0xf8, 0x0, 0x0, 0x8, 0xff, 0xff, 0xff, 0xff,
    0xff, 0xff, 0x80, 0x0, 0x0, 0x0, 0x4e, 0xff,
    0xff, 0xff, 0xff, 0xe4, 0x0, 0x0, 0x0, 0x0,
    0x0, 0x5a, 0xdf, 0xfd, 0xa5, 0x0, 0x0, 0x0,

    /* U+F01D8 "󰇘" */
    0x0, 0x0, 0x0, 0x0, 0x0, 0x0, 0x0, 0x0,
    0x0, 0x4, 0xee, 0x40, 0x4, 0xee, 0x40, 0x4,
    0xee, 0x40, 0xe, 0xff, 0xe0, 0xe, 0xff, 0xe0,
    0xe, 0xff, 0xe0, 0xe, 0xff, 0xe0, 0xe, 0xff,
    0xe0, 0xe, 0xff, 0xe0, 0x5, 0xee, 0x40, 0x5,
    0xee, 0x40, 0x5, 0xee, 0x40, 0x0, 0x0, 0x0,
    0x0, 0x0, 0x0, 0x0, 0x0, 0x0,

    /* U+F0210 "󰈐" */
    0x0, 0x0, 0x0, 0x0, 0x6d, 0xfe, 0xa2, 0x0,
    0x0, 0x0, 0x0, 0x0, 0x0, 0x0, 0x4f, 0xff,
    0xff, 0xe0, 0x0, 0x0, 0x0, 0x0, 0x0, 0x0,
    0xb, 0xff, 0xff, 0xff, 0x30, 0x0, 0x0, 0x0,
    0x0, 0x0, 0x0, 0xef, 0xff, 0xff, 0xe0, 0x0,
    0x0, 0x0, 0x0, 0x0, 0x0, 0xd, 0xff, 0xff,
    0xe3, 0x0, 0x0, 0x0, 0x0, 0x3, 0x0, 0x0,
    0xbf, 0xff, 0xd0, 0x0, 0x0, 0x0, 0x0, 0x2e,
    0xfe, 0x30, 0x5, 0xff, 0xf5, 0x0, 0x0, 0x0,
    0x0, 0xa, 0xff, 0xfd, 0x0, 0xf, 0xff, 0x90,
    0x5a, 0xdd, 0xb4, 0x0, 0xef, 0xff, 0xfd, 0x59,
    0xff, 0xff, 0xff, 0xff, 0xff, 0xf6, 0xf, 0xff,
    0xff, 0xff, 0xff, 0x33, 0xff, 0xff, 0xff, 0xff,
    0xe0, 0xdf, 0xff, 0xff, 0xff, 0xf3, 0x3f, 0xff,
    0xff, 0xff, 0xff, 0x6, 0xff, 0xff, 0xff, 0xff,
    0xff, 0xf9, 0x5d, 0xff, 0xff, 0xe0, 0x4, 0xbe,
    0xdb, 0x50, 0x9f, 0xff, 0x0, 0xd, 0xff, 0xfa,
    0x0, 0x0, 0x0, 0x0, 0x5, 0xff, 0xf5, 0x0,
    0x2e, 0xfe, 0x20, 0x0, 0x0, 0x0, 0x0, 0xdf,
    0xff, 0xa0, 0x0, 0x3, 0x0, 0x0, 0x0, 0x0,
    0x3, 0xdf, 0xff, 0xfd, 0x0, 0x0, 0x0, 0x0,
    0x0, 0x0, 0x0, 0xef, 0xff, 0xff, 0xd0, 0x0,
    0x0, 0x0, 0x0, 0x0, 0x0, 0x3f, 0xff, 0xff,
    0xfb, 0x0, 0x0, 0x0, 0x0, 0x0, 0x0, 0x0,
    0xef, 0xff, 0xff, 0x40, 0x0, 0x0, 0x0, 0x0,
    0x0, 0x0, 0x2, 0xae, 0xfd, 0x60, 0x0, 0x0,
    0x0, 0x0,

    /* U+F0238 "󰈸" */
    0x0, 0x0, 0x0, 0x0, 0x59, 0x0, 0x0, 0x0,
    0x0, 0x0, 0x0, 0xb, 0xf7, 0x0, 0x0, 0x0,
    0x0, 0x0, 0x0, 0xbf, 0xf7, 0x0, 0x0, 0x0,
    0x0, 0x0, 0x5, 0xff, 0xf9, 0x0, 0x0, 0x0,
    0x0, 0x0, 0xd, 0xff, 0xfe, 0x0, 0x0, 0x0,
    0x0, 0x0, 0x2f, 0xff, 0xff, 0xa0, 0x0, 0x0,
    0x0, 0x52, 0x6f, 0xff, 0xff, 0xfb, 0x0, 0x0,
    0x1, 0xe0, 0x7f, 0xff, 0xff, 0xff, 0xd2, 0x0,
    0x7, 0xf1, 0x5f, 0xff, 0x9f, 0xff, 0xfd, 0x0,
    0xc, 0xf5, 0x2f, 0xff, 0x46, 0xff, 0xff, 0x60,
    0xe, 0xfd, 0xe, 0xff, 0x60, 0x5f, 0xff, 0xc0,
    0xf, 0xff, 0xff, 0xff, 0x90, 0xc, 0xff, 0xf0,
    0xd, 0xff, 0xff, 0xff, 0x70, 0x9, 0xff, 0xf0,
    0x8, 0xff, 0xff, 0xfc, 0x0, 0xd, 0xff, 0xb0,
    0x2, 0xff, 0xff, 0xd1, 0x0, 0x9f, 0xff, 0x50,
    0x0, 0x6f, 0xff, 0xff, 0xce, 0xff, 0xfa, 0x0,
    0x0, 0x5, 0xff, 0xff, 0xff, 0xff, 0xa0, 0x0,
    0x0, 0x0, 0x18, 0xce, 0xfd, 0xa4, 0x0, 0x0,
    0x0, 0x0, 0x0, 0x0, 0x0, 0x0, 0x0, 0x0,

    /* U+F0241 "󰉁" */
    0xf, 0xff, 0xff, 0xff, 0xff, 0xc0, 0xf, 0xff,
    0xff, 0xff, 0xff, 0x40, 0xf, 0xff, 0xff, 0xff,
    0xfc, 0x0, 0xf, 0xff, 0xff, 0xff, 0xf4, 0x0,
    0xf, 0xff, 0xff, 0xff, 0xb0, 0x0, 0xf, 0xff,
    0xff, 0xff, 0x30, 0x0, 0xf, 0xff, 0xff, 0xfb,
    0x0, 0x0, 0xf, 0xff, 0xff, 0xf3, 0x0, 0x0,
    0xf, 0xff, 0xff, 0xff, 0xff, 0xb0, 0xf, 0xff,
    0xff, 0xff, 0xff, 0x20, 0xf, 0xff, 0xff, 0xff,
    0xf8, 0x0, 0x0, 0x0, 0xff, 0xff, 0xe0, 0x0,
    0x0, 0x0, 0xff, 0xff, 0x50, 0x0, 0x0, 0x0,
    0xff, 0xfc, 0x0, 0x0, 0x0, 0x0, 0xff, 0xf3,
    0x0, 0x0, 0x0, 0x0, 0xff, 0x90, 0x0, 0x0,
    0x0, 0x0, 0xff, 0x10, 0x0, 0x0, 0x0, 0x0,
    0xf6, 0x0, 0x0, 0x0, 0x0, 0x0, 0xd0, 0x0,
    0x0, 0x0, 0x0, 0x0, 0x40, 0x0, 0x0, 0x0,

    /* U+F029A "󰊚" */
    0x0, 0x0, 0x0, 0x5a, 0xde, 0xed, 0xa5, 0x0,
    0x0, 0x0, 0x0, 0x0, 0x5d, 0xff, 0xff, 0xff,
    0xff, 0xd5, 0x0, 0x0, 0x0, 0x8, 0xff, 0xc6,
    0x20, 0x2, 0x6c, 0xff, 0x80, 0x0, 0x0, 0x8f,
    0xf6, 0x0, 0x0, 0x0, 0x0, 0x7f, 0xf8, 0x0,
    0x5, 0xff, 0x40, 0xc, 0xc0, 0xd, 0xe0, 0x4,
    0xff, 0x50, 0xd, 0xf7, 0x0, 0xc, 0xc0, 0x4f,
    0xd0, 0x0, 0x7f, 0xd0, 0x5f, 0xc0, 0x0, 0x0,
    0x0, 0xbf, 0x70, 0x0, 0xc, 0xf5, 0xaf, 0x60,
    0xcc, 0x0, 0x1, 0xff, 0x10, 0xcc, 0x6, 0xfa,
    0xdf, 0x20, 0xcc, 0x0, 0x4e, 0xfa, 0x0, 0xcc,
    0x2, 0xfd, 0xef, 0x0, 0x0, 0x0, 0xef, 0xfd,
    0x0, 0x0, 0x0, 0xfe, 0xff, 0x0, 0x0, 0x0,
    0xef, 0xfe, 0x0, 0x0, 0x0, 0xfe, 0xdf, 0x20,
    0x0, 0x0, 0x4e, 0xe4, 0x0, 0x0, 0x2, 0xfd,
    0xaf, 0x60, 0x0, 0x0, 0x0, 0x0, 0x0, 0x0,
    0x6, 0xfa, 0x5f, 0xc0, 0x0, 0x0, 0x0, 0x0,
    0x0, 0x0, 0xc, 0xf5, 0xd, 0xf6, 0x0, 0x29,
    0xdf, 0xfd, 0x93, 0x0, 0x6f, 0xd0, 0x5, 0xff,
    0x49, 0xff, 0xff, 0xff, 0xff, 0x94, 0xff, 0x50,
    0x0, 0x8f, 0xff, 0xff, 0xff, 0xff, 0xff, 0xff,
    0xf8, 0x0, 0x0, 0x8, 0xff, 0xff, 0xff, 0xff,
    0xff, 0xff, 0x80, 0x0, 0x0, 0x0, 0x5d, 0xff,
    0xff, 0xff, 0xff, 0xd5, 0x0, 0x0, 0x0, 0x0,
    0x0, 0x5a, 0xdf, 0xed, 0xa5, 0x0, 0x0, 0x0,

    /* U+F02D7 "󰋗" */
    0x0, 0x0, 0x0, 0x5a, 0xde, 0xfd, 0xa5, 0x0,
    0x0, 0x0, 0x0, 0x0, 0x5d, 0xff, 0xff, 0xff,
    0xff, 0xd4, 0x0, 0x0, 0x0, 0x8, 0xff, 0xff,
    0xff, 0xff, 0xff, 0xff, 0x80, 0x0, 0x0, 0x8f,
    0xff, 0xfd, 0x51, 0x15, 0xdf, 0xff, 0xf8, 0x0,
    0x5, 0xff, 0xff, 0xd1, 0x0, 0x0, 0x1d, 0xff,
    0xff, 0x40, 0xd, 0xff, 0xff, 0x50, 0x4e, 0xe4,
    0x5, 0xff, 0xff, 0xd0, 0x5f, 0xff, 0xff, 0x10,
    0xef, 0xfe, 0x1, 0xff, 0xff, 0xf5, 0xaf, 0xff,
    0xff, 0xff, 0xff, 0xfe, 0x1, 0xff, 0xff, 0xfa,
    0xdf, 0xff, 0xff, 0xff, 0xff, 0xf4, 0x7, 0xff,
    0xff, 0xfd, 0xef, 0xff, 0xff, 0xff, 0xff, 0x50,
    0x3f, 0xff, 0xff, 0xff, 0xff, 0xff, 0xff, 0xff,
    0xf9, 0x2, 0xff, 0xff, 0xff, 0xfe, 0xdf, 0xff,
    0xff, 0xff, 0xf2, 0xb, 0xff, 0xff, 0xff, 0xfd,
    0xaf, 0xff, 0xff, 0xff, 0xf0, 0xf, 0xff, 0xff,
    0xff, 0xfa, 0x5f, 0xff, 0xff, 0xff, 0xff, 0xff,
    0xff, 0xff, 0xff, 0xf5, 0xd, 0xff, 0xff, 0xff,
    0xff, 0xff, 0xff, 0xff, 0xff, 0xd0, 0x5, 0xff,
    0xff, 0xff, 0xf0, 0xf, 0xff, 0xff, 0xff, 0x50,
    0x0, 0x8f, 0xff, 0xff, 0xf0, 0xf, 0xff, 0xff,
    0xf8, 0x0, 0x0, 0x8, 0xff, 0xff, 0xff, 0xff,
    0xff, 0xff, 0x80, 0x0, 0x0, 0x0, 0x5d, 0xff,
    0xff, 0xff, 0xff, 0xd5, 0x0, 0x0, 0x0, 0x0,
    0x0, 0x5a, 0xdf, 0xed, 0xa5, 0x0, 0x0, 0x0,

    /* U+F0319 "󰌙" */
    0x0, 0x0, 0x0, 0x0, 0x0, 0x0, 0x0, 0x0,
    0x0, 0x0, 0x0, 0x0, 0x0, 0x4e, 0xff, 0xff,
    0xff, 0xe4, 0x0, 0x0, 0x0, 0x0, 0x0, 0x0,
    0x0, 0xef, 0xff, 0xff, 0xff, 0xfe, 0x0, 0x0,
    0x0, 0x0, 0x0, 0x0, 0x0, 0xff, 0x0, 0x0,
    0x0, 0xff, 0x0, 0x0, 0x0, 0x0, 0x0, 0x0,
    0x0, 0xff, 0x0, 0x0, 0x0, 0xff, 0x0, 0x0,
    0x0, 0x0, 0x0, 0x0, 0x0, 0xff, 0x0, 0x0,
    0x0, 0xff, 0x0, 0x0, 0x0, 0x0, 0x0, 0x0,
    0x0, 0xff, 0x0, 0x0, 0x0, 0xff, 0x0, 0x0,
    0x0, 0x0, 0x0, 0x0, 0x0, 0xef, 0xff, 0xff,
    0xff, 0xfe, 0x0, 0x0, 0x0, 0x0, 0x0, 0x0,
    0x0, 0x4e, 0xff, 0xff, 0xff, 0xe4, 0x0, 0x0,
    0x0, 0x0, 0x0, 0x0, 0xf, 0xff, 0xff, 0xff,
    0xff, 0xff, 0xf0, 0x0, 0x0, 0x0, 0x0, 0x0,
    0xf, 0xff, 0xff, 0xff, 0xff, 0xff, 0xf0, 0x0,
    0x0, 0x0, 0x0, 0x0, 0x0, 0x0, 0x0, 0x0,
    0x0, 0x0, 0x0, 0x0, 0x0, 0x0, 0x0, 0x0,
    0x0, 0x0, 0x0, 0x0, 0x0, 0x0, 0x0, 0x0,
    0x0, 0x0, 0x0, 0x0, 0x0, 0x3, 0x10, 0x1,
    0x30, 0x0, 0x4e, 0xff, 0xff, 0xff, 0xe4, 0x0,
    0x0, 0x3f, 0xd1, 0x1d, 0xf3, 0x0, 0xef, 0xff,
    0xff, 0xff, 0xfe, 0x0, 0x0, 0x1d, 0xfd, 0xdf,
    0xd1, 0x0, 0xff, 0x0, 0x0, 0x0, 0xff, 0x0,
    0x0, 0x1, 0xdf, 0xfd, 0x10, 0x0, 0xff, 0x0,
    0x0, 0x0, 0xff, 0x0, 0x0, 0x1, 0xdf, 0xfd,
    0x10, 0x0, 0xff, 0x0, 0x0, 0x0, 0xff, 0x0,
    0x0, 0x1d, 0xfd, 0xdf, 0xd1, 0x0, 0xff, 0x0,
    0x0, 0x0, 0xff, 0x0, 0x0, 0x3f, 0xd1, 0x1d,
    0xf3, 0x0, 0xef, 0xff, 0xff, 0xff, 0xfd, 0x0,
    0x0, 0x3, 0x10, 0x1, 0x30, 0x0, 0x4e, 0xff,
    0xff, 0xff, 0xe4, 0x0, 0x0, 0x0, 0x0, 0x0,
    0x0, 0xf, 0xff, 0xff, 0xff, 0xff, 0xff, 0xf0,
    0x0, 0x0, 0x0, 0x0, 0x0, 0xf, 0xff, 0xff,
    0xff, 0xff, 0xff, 0xf0,

    /* U+F0335 "󰌵" */
    0x0, 0x1, 0x7c, 0xee, 0xc7, 0x10, 0x0, 0x0,
    0x4e, 0xff, 0xff, 0xff, 0xe4, 0x0, 0x4, 0xff,
    0xff, 0xff, 0xff, 0xff, 0x40, 0x1e, 0xff, 0xff,
    0xff, 0xff, 0xff, 0xe1, 0x7f, 0xff, 0xff, 0xff,
    0xff, 0xff, 0xf7, 0xcf, 0xff, 0xff, 0xff, 0xff,
    0xff, 0xfc, 0xef, 0xff, 0xff, 0xff, 0xff, 0xff,
    0xfe, 0xef, 0xff, 0xff, 0xff, 0xff, 0xff, 0xfe,
    0xcf, 0xff, 0xff, 0xff, 0xff, 0xff, 0xfc, 0x7f,
    0xff, 0xff, 0xff, 0xff, 0xff, 0xf7, 0x1e, 0xff,
    0xff, 0xff, 0xff, 0xff, 0xe1, 0x5, 0xff, 0xff,
    0xff, 0xff, 0xff, 0x50, 0x0, 0x4f, 0xff, 0xff,
    0xff, 0xf4, 0x0, 0x0, 0xf, 0xff, 0xff, 0xff,
    0xf0, 0x0, 0x0, 0xf, 0xff, 0xff, 0xff, 0xf0,
    0x0, 0x0, 0xc, 0xff, 0xff, 0xff, 0xc0, 0x0,
    0x0, 0x0, 0x0, 0x0, 0x0, 0x0, 0x0, 0x0,
    0x0, 0x0, 0x0, 0x0, 0x0, 0x0, 0x0, 0x0,
    0xff, 0xff, 0xff, 0x0, 0x0, 0x0, 0x0, 0xcf,
    0xff, 0xfc, 0x0, 0x0,

    /* U+F0336 "󰌶" */
    0x0, 0x1, 0x7c, 0xee, 0xc7, 0x10, 0x0, 0x0,
    0x4e, 0xff, 0xff, 0xff, 0xe4, 0x0, 0x4, 0xff,
    0xb4, 0x0, 0x4b, 0xff, 0x40, 0x1e, 0xf7, 0x0,
    0x0, 0x0, 0x7f, 0xe1, 0x7f, 0xb0, 0x0, 0x0,
    0x0, 0xb, 0xf7, 0xcf, 0x30, 0x0, 0x0, 0x0,
    0x4, 0xfc, 0xef, 0x0, 0x0, 0x0, 0x0, 0x0,
    0xfe, 0xef, 0x0, 0x0, 0x0, 0x0, 0x0, 0xfe,
    0xcf, 0x40, 0x0, 0x0, 0x0, 0x4, 0xfc, 0x7f,
    0xb0, 0x0, 0x0, 0x0, 0xb, 0xf7, 0x1e, 0xf8,
    0x0, 0x0, 0x0, 0x8f, 0xe1, 0x5, 0xff, 0xb0,
    0x0, 0xb, 0xff, 0x50, 0x0, 0x4f, 0xf0, 0x0,
    0xf, 0xf4, 0x0, 0x0, 0xf, 0xf0, 0x0, 0xf,
    0xf0, 0x0, 0x0, 0xf, 0xff, 0xff, 0xff, 0xf0,
    0x0, 0x0, 0xc, 0xff, 0xff, 0xff, 0xc0, 0x0,
    0x0, 0x0, 0x0, 0x0, 0x0, 0x0, 0x0, 0x0,
    0x0, 0x0, 0x0, 0x0, 0x0, 0x0, 0x0, 0x0,
    0xff, 0xff, 0xff, 0x0, 0x0, 0x0, 0x0, 0xcf,
    0xff, 0xfc, 0x0, 0x0,

    /* U+F033E "󰌾" */
    0x0, 0x0, 0x0, 0x0, 0x0, 0x0, 0x0, 0x0,
    0x0, 0x0, 0x0, 0x0, 0x4b, 0xff, 0xb4, 0x0,
    0x0, 0x0, 0x0, 0x0, 0x8, 0xff, 0xff, 0xff,
    0x80, 0x0, 0x0, 0x0, 0x0, 0x4f, 0xf7, 0x11,
    0x7f, 0xf4, 0x0, 0x0, 0x0, 0x0, 0xcf, 0x70,
    0x0, 0x7, 0xfb, 0x0, 0x0, 0x0, 0x0, 0xff,
    0x10, 0x0, 0x1, 0xff, 0x0, 0x0, 0x0, 0x0,
    0xff, 0x0, 0x0, 0x0, 0xff, 0x0, 0x0, 0x0,
    0x0, 0xff, 0x0, 0x0, 0x0, 0xff, 0x0, 0x0,
    0x4, 0xef, 0xff, 0xff, 0xff, 0xff, 0xff, 0xfe,
    0x40, 0xe, 0xff, 0xff, 0xff, 0xff, 0xff, 0xff,
    0xff, 0xe0, 0xf, 0xff, 0xff, 0xff, 0xff, 0xff,
    0xff, 0xff, 0xf0, 0xf, 0xff, 0xff, 0xff, 0xff,
    0xff, 0xff, 0xff, 0xf0, 0xf, 0xff, 0xff, 0xff,
    0xff, 0xff, 0xff, 0xff, 0xf0, 0xf, 0xff, 0xff,
    0xfb, 0x11, 0xbf, 0xff, 0xff, 0xf0, 0xf, 0xff,
    0xff, 0xf1, 0x0, 0x1f, 0xff, 0xff, 0xf0, 0xf,
    0xff, 0xff, 0xf1, 0x0, 0x1f, 0xff, 0xff, 0xf0,
    0xf, 0xff, 0xff, 0xfa, 0x11, 0xbf, 0xff, 0xff,
    0xf0, 0xf, 0xff, 0xff, 0xff, 0xff, 0xff, 0xff,
    0xff, 0xf0, 0xf, 0xff, 0xff, 0xff, 0xff, 0xff,
    0xff, 0xff, 0xf0, 0xf, 0xff, 0xff, 0xff, 0xff,
    0xff, 0xff, 0xff, 0xf0, 0xe, 0xff, 0xff, 0xff,
    0xff, 0xff, 0xff, 0xff, 0xe0, 0x4, 0xef, 0xff,
    0xff, 0xff, 0xff, 0xff, 0xfe, 0x40,

    /* U+F035B "󰍛" */
    0x0, 0x0, 0x0, 0xff, 0x0, 0xff, 0x0, 0x0,
    0x0, 0x0, 0x0, 0x0, 0xff, 0x0, 0xff, 0x0,
    0x0, 0x0, 0x0, 0x4d, 0xff, 0xff, 0xff, 0xff,
    0xff, 0xd4, 0x0, 0x0, 0xef, 0xff, 0xff, 0xff,
    0xff, 0xff, 0xfd, 0x0, 0x0, 0xff, 0x0, 0x0,
    0x0, 0x0, 0x0, 0xff, 0x0, 0x0, 0xff, 0x0,
    0x0, 0x0, 0x0, 0x0, 0xff, 0x0, 0xff, 0xff,
    0x0, 0xff, 0xff, 0xff, 0x0, 0xff, 0xff, 0xff,
    0xff, 0x0, 0xff, 0xff, 0xff, 0x0, 0xff, 0xff,
    0x0, 0xff, 0x0, 0xff, 0x0, 0xff, 0x0, 0xff,
    0x0, 0x0, 0xff, 0x0, 0xff, 0x0, 0xff, 0x0,
    0xff, 0x0, 0xff, 0xff, 0x0, 0xff, 0xff, 0xff,
    0x0, 0xff, 0xff, 0xff, 0xff, 0x0, 0xff, 0xff,
    0xff, 0x0, 0xff, 0xff, 0x0, 0xff, 0x0, 0x0,
    0x0, 0x0, 0x0, 0xff, 0x0, 0x0, 0xff, 0x0,
    0x0, 0x0, 0x0, 0x0, 0xff, 0x0, 0x0, 0xef,
    0xff, 0xff, 0xff, 0xff, 0xff, 0xfd, 0x0, 0x0,
    0x4e, 0xff, 0xff, 0xff, 0xff, 0xff, 0xe4, 0x0,
    0x0, 0x0, 0x0, 0xff, 0x0, 0xff, 0x0, 0x0,
    0x0, 0x0, 0x0, 0x0, 0xff, 0x0, 0xff, 0x0,
    0x0, 0x0,

    /* U+F0392 "󰎒" */
    0x4e, 0xff, 0xff, 0xff, 0xff, 0xff, 0xff, 0xff,
    0xe4, 0xef, 0xff, 0xff, 0xff, 0xff, 0xff, 0xff,
    0xff, 0xfe, 0xff, 0xff, 0xff, 0xff, 0xff, 0xff,
    0xff, 0xff, 0xff, 0xff, 0xff, 0xff, 0x93, 0x11,
    0x39, 0xff, 0xff, 0xff, 0xff, 0xff, 0xe3, 0x0,
    0x0, 0x0, 0x3e, 0xff, 0xff, 0xff, 0xff, 0x30,
    0x2a, 0xee, 0xa2, 0x3, 0xff, 0xff, 0xff, 0xf9,
    0x2, 0xef, 0xff, 0xfe, 0x20, 0x9f, 0xff, 0xff,
    0xf3, 0xa, 0xff, 0xff, 0xff, 0xa0, 0x3f, 0xff,
    0xff, 0xf1, 0xe, 0xff, 0xff, 0xff, 0xe0, 0x1f,
    0xff, 0xff, 0xf1, 0xe, 0xff, 0xff, 0xff, 0xe0,
    0x1f, 0xff, 0xff, 0xf3, 0xa, 0xff, 0xff, 0xff,
    0xa0, 0x3f, 0xff, 0xff, 0xf9, 0x2, 0xef, 0xff,
    0xfe, 0x20, 0x9f, 0xff, 0xff, 0xff, 0x30, 0x2a,
    0xee, 0xa2, 0x3, 0xff, 0xff, 0xff, 0xff, 0xe3,
    0x0, 0x0, 0x0, 0x3e, 0xff, 0xff, 0xff, 0xff,
    0xff, 0x93, 0x11, 0x39, 0xff, 0xff, 0xff, 0xff,
    0xff, 0xff, 0xff, 0xff, 0xff, 0xff, 0xff, 0xff,
    0xef, 0xff, 0xff, 0xff, 0xff, 0xff, 0xff, 0xff,
    0xfe, 0x4e, 0xff, 0xff, 0xff, 0xff, 0xff, 0xff,
    0xff, 0xe4,

    /* U+F0393 "󰎓" */
    0x0, 0x0, 0x0, 0x5a, 0xde, 0xfd, 0xa5, 0x0,
    0x0, 0x0, 0x0, 0x0, 0x5d, 0xff, 0xff, 0xff,
    0xff, 0xd4, 0x0, 0x0, 0x0, 0x8, 0xff, 0xff,
    0xff, 0xff, 0xff, 0xff, 0x80, 0x0, 0x0, 0x8f,
    0xff, 0xe8, 0x31, 0x3, 0x7e, 0xff, 0xf8, 0x0,
    0x5, 0xff, 0xfb, 0x10, 0x0, 0x0, 0x2, 0xff,
    0xff, 0x40, 0xd, 0xff, 0xb0, 0x0, 0x0, 0x0,
    0x1d, 0xff, 0xff, 0xd0, 0x5f, 0xfe, 0x10, 0x2,
    0xae, 0xea, 0xdf, 0xd2, 0xef, 0xf5, 0xaf, 0xf8,
    0x0, 0x2e, 0xff, 0xff, 0xfd, 0x10, 0x7f, 0xfa,
    0xdf, 0xf3, 0x0, 0xaf, 0xff, 0xff, 0xfa, 0x0,
    0x3f, 0xfd, 0xef, 0xf1, 0x0, 0xef, 0xff, 0xff,
    0xfe, 0x0, 0xf, 0xff, 0xff, 0xf0, 0x0, 0xef,
    0xff, 0xff, 0xfe, 0x0, 0x1f, 0xfe, 0xdf, 0xf3,
    0x0, 0xaf, 0xff, 0xff, 0xfa, 0x0, 0x3f, 0xfd,
    0xaf, 0xf7, 0x0, 0x2f, 0xff, 0xff, 0xf2, 0x0,
    0x8f, 0xfa, 0x5f, 0xfe, 0x0, 0x8f, 0xff, 0xff,
    0xf7, 0x0, 0xef, 0xf5, 0xd, 0xff, 0xa8, 0xff,
    0xff, 0xff, 0xff, 0x8a, 0xff, 0xd0, 0x5, 0xff,
    0xff, 0xff, 0xff, 0xff, 0xff, 0xff, 0xff, 0x50,
    0x0, 0x8f, 0xff, 0xff, 0xff, 0xff, 0xff, 0xff,
    0xf8, 0x0, 0x0, 0x8, 0xff, 0xff, 0xff, 0xff,
    0xff, 0xff, 0x80, 0x0, 0x0, 0x0, 0x5d, 0xff,
    0xff, 0xff, 0xff, 0xd5, 0x0, 0x0, 0x0, 0x0,
    0x0, 0x5a, 0xdf, 0xed, 0xa5, 0x0, 0x0, 0x0,

    /* U+F03D8 "󰏘" */
    0x0, 0x0, 0x4, 0xad, 0xff, 0xda, 0x50, 0x0,
    0x0, 0x0, 0x1, 0xbf, 0xff, 0xff, 0xff, 0xfd,
    0x30, 0x0, 0x0, 0x3e, 0xf7, 0x7, 0xff, 0x70,
    0x7f, 0xf7, 0x0, 0x1, 0xef, 0xf0, 0x0, 0xff,
    0x0, 0xf, 0xff, 0x50, 0xb, 0xff, 0xf7, 0x7,
    0xff, 0x70, 0x7f, 0xff, 0xf1, 0x4f, 0xff, 0xff,
    0xff, 0xff, 0xff, 0xff, 0xff, 0xf8, 0xaf, 0x70,
    0x7f, 0xff, 0xff, 0xff, 0xf7, 0x7, 0xfd, 0xdf,
    0x0, 0xf, 0xff, 0xff, 0xff, 0xf0, 0x0, 0xff,
    0xff, 0x70, 0x7f, 0xff, 0xff, 0xff, 0xf7, 0x7,
    0xfe, 0xff, 0xff, 0xff, 0xff, 0xff, 0xff, 0xff,
    0xff, 0xfb, 0xdf, 0xff, 0xff, 0xff, 0xff, 0xff,
    0xff, 0xff, 0xf4, 0xaf, 0xff, 0xff, 0xff, 0xff,
    0xff, 0xff, 0xff, 0x80, 0x4f, 0xff, 0xff, 0xff,
    0xff, 0xff, 0xfe, 0xb4, 0x0, 0xb, 0xff, 0xff,
    0xff, 0xff, 0x30, 0x0, 0x0, 0x0, 0x1, 0xef,
    0xff, 0xff, 0xfc, 0x0, 0x0, 0x0, 0x0, 0x0,
    0x3e, 0xff, 0xff, 0xff, 0x20, 0x0, 0x0, 0x0,
    0x0, 0x1, 0xbf, 0xff, 0xff, 0x70, 0x0, 0x0,
    0x0, 0x0, 0x0, 0x4, 0xad, 0xfd, 0x20, 0x0,
    0x0, 0x0,

    /* U+F03E5 "󰏥" */
    0x0, 0x0, 0x0, 0x5a, 0xde, 0xed, 0xa5, 0x0,
    0x0, 0x0, 0x0, 0x0, 0x5d, 0xff, 0xff, 0xff,
    0xff, 0xd5, 0x0, 0x0, 0x0, 0x8, 0xff, 0xff,
    0xff, 0xff, 0xff, 0xff, 0x80, 0x0, 0x0, 0x8f,
    0xff, 0xff, 0xff, 0xff, 0xff, 0xff, 0xf8, 0x0,
    0x5, 0xff, 0xff, 0xff, 0xff, 0xff, 0xff, 0xff,
    0xff, 0x50, 0xd, 0xff, 0xff, 0xff, 0xff, 0xff,
    0xff, 0xff, 0xff, 0xd0, 0x5f, 0xff, 0xff, 0xf0,
    0xf, 0xf0, 0xf, 0xff, 0xff, 0xf5, 0xaf, 0xff,
    0xff, 0xf0, 0xf, 0xf0, 0xf, 0xff, 0xff, 0xfa,
    0xdf, 0xff, 0xff, 0xf0, 0xf, 0xf0, 0xf, 0xff,
    0xff, 0xfd, 0xef, 0xff, 0xff, 0xf0, 0xf, 0xf0,
    0xf, 0xff, 0xff, 0xfe, 0xff, 0xff, 0xff, 0xf0,
    0xf, 0xf0, 0xf, 0xff, 0xff, 0xfe, 0xdf, 0xff,
    0xff, 0xf0, 0xf, 0xf0, 0xf, 0xff, 0xff, 0xfd,
    0xaf, 0xff, 0xff, 0xf0, 0xf, 0xf0, 0xf, 0xff,
    0xff, 0xfa, 0x5f, 0xff, 0xff, 0xf0, 0xf, 0xf0,
    0xf, 0xff, 0xff, 0xf5, 0xd, 0xff, 0xff, 0xff,
    0xff, 0xff, 0xff, 0xff, 0xff, 0xd0, 0x5, 0xff,
    0xff, 0xff, 0xff, 0xff, 0xff, 0xff, 0xff, 0x50,
    0x0, 0x8f, 0xff, 0xff, 0xff, 0xff, 0xff, 0xff,
    0xf8, 0x0, 0x0, 0x8, 0xff, 0xff, 0xff, 0xff,
    0xff, 0xff, 0x80, 0x0, 0x0, 0x0, 0x5d, 0xff,
    0xff, 0xff, 0xff, 0xd5, 0x0, 0x0, 0x0, 0x0,
    0x0, 0x5a, 0xdf, 0xed, 0xa5, 0x0, 0x0, 0x0,

    /* U+F040C "󰐌" */
    0x0, 0x0, 0x0, 0x5a, 0xde, 0xed, 0xa5, 0x0,
    0x0, 0x0, 0x0, 0x0, 0x5d, 0xff, 0xff, 0xff,
    0xff, 0xd5, 0x0, 0x0, 0x0, 0x8, 0xff, 0xff,
    0xff, 0xff, 0xff, 0xff, 0x80, 0x0, 0x0, 0x8f,
    0xff, 0xff, 0xff, 0xff, 0xff, 0xff, 0xf8, 0x0,
    0x5, 0xff, 0xff, 0xff, 0xff, 0xff, 0xff, 0xff,
    0xff, 0x50, 0xd, 0xff, 0xff, 0xff, 0xdf, 0xff,
    0xff, 0xff, 0xff, 0xd0, 0x5f, 0xff, 0xff, 0xff,
    0xa, 0xff, 0xff, 0xff, 0xff, 0xf5, 0xaf, 0xff,
    0xff, 0xff, 0x0, 0x6f, 0xff, 0xff, 0xff, 0xfa,
    0xdf, 0xff, 0xff, 0xff, 0x0, 0x2, 0xdf, 0xff,
    0xff, 0xfd, 0xef, 0xff, 0xff, 0xff, 0x0, 0x0,
    0xa, 0xff, 0xff, 0xfe, 0xff, 0xff, 0xff, 0xff,
    0x0, 0x0, 0xa, 0xff, 0xff, 0xfe, 0xdf, 0xff,
    0xff, 0xff, 0x0, 0x2, 0xdf, 0xff, 0xff, 0xfd,
    0xaf, 0xff, 0xff, 0xff, 0x0, 0x6f, 0xff, 0xff,
    0xff, 0xfa, 0x5f, 0xff, 0xff, 0xff, 0xa, 0xff,
    0xff, 0xff, 0xff, 0xf5, 0xd, 0xff, 0xff, 0xff,
    0xdf, 0xff, 0xff, 0xff, 0xff, 0xd0, 0x5, 0xff,
    0xff, 0xff, 0xff, 0xff, 0xff, 0xff, 0xff, 0x50,
    0x0, 0x8f, 0xff, 0xff, 0xff, 0xff, 0xff, 0xff,
    0xf8, 0x0, 0x0, 0x8, 0xff, 0xff, 0xff, 0xff,
    0xff, 0xff, 0x80, 0x0, 0x0, 0x0, 0x5d, 0xff,
    0xff, 0xff, 0xff, 0xd5, 0x0, 0x0, 0x0, 0x0,
    0x0, 0x5a, 0xdf, 0xed, 0xa5, 0x0, 0x0, 0x0,

    /* U+F0425 "󰐥" */
    0x0, 0x0, 0x0, 0x0, 0xff, 0x0, 0x0, 0x0,
    0x0, 0x0, 0x0, 0x0, 0x0, 0xff, 0x0, 0x0,
    0x0, 0x0, 0x0, 0x0, 0x50, 0x0, 0xff, 0x0,
    0x5, 0x0, 0x0, 0x0, 0xb, 0xf7, 0x0, 0xff,
    0x0, 0x7f, 0xb0, 0x0, 0x0, 0x8f, 0xe3, 0x0,
    0xff, 0x0, 0x3e, 0xf8, 0x0, 0x2, 0xff, 0x30,
    0x0, 0xff, 0x0, 0x2, 0xff, 0x30, 0x8, 0xf9,
    0x0, 0x0, 0xff, 0x0, 0x0, 0x8f, 0x90, 0xd,
    0xf3, 0x0, 0x0, 0xff, 0x0, 0x0, 0x2f, 0xe0,
    0xf, 0xf0, 0x0, 0x0, 0xff, 0x0, 0x0, 0xf,
    0xf0, 0xf, 0xf0, 0x0, 0x0, 0xff, 0x0, 0x0,
    0xf, 0xf0, 0xd, 0xf3, 0x0, 0x0, 0x0, 0x0,
    0x0, 0x2f, 0xe0, 0x9, 0xf9, 0x0, 0x0, 0x0,
    0x0, 0x0, 0x8f, 0xa0, 0x3, 0xff, 0x30, 0x0,
    0x0, 0x0, 0x2, 0xff, 0x30, 0x0, 0x9f, 0xe3,
    0x0, 0x0, 0x0, 0x2d, 0xf9, 0x0, 0x0, 0xb,
    0xff, 0x93, 0x0, 0x39, 0xff, 0xc0, 0x0, 0x0,
    0x0, 0x8f, 0xff, 0xff, 0xff, 0xf9, 0x0, 0x0,
    0x0, 0x0, 0x3, 0x9d, 0xff, 0xd9, 0x30, 0x0,
    0x0, 0x0, 0x0, 0x0, 0x0, 0x0, 0x0, 0x0,
    0x0, 0x0,

    /* U+F04C5 "󰓅" */
    0x0, 0x0, 0x0, 0x5a, 0xdf, 0xfd, 0xa5, 0x0,
    0x0, 0x0, 0x0, 0x0, 0x5d, 0xff, 0xff, 0xff,
    0xff, 0x70, 0x0, 0x0, 0x0, 0x9, 0xff, 0xd6,
    0x20, 0x2, 0x62, 0x0, 0x39, 0x0, 0x0, 0x9f,
    0xf7, 0x0, 0x0, 0x0, 0x0, 0x1a, 0xf3, 0x0,
    0x5, 0xff, 0x40, 0x0, 0x0, 0x0, 0x7, 0xff,
    0xa0, 0x0, 0xd, 0xf7, 0x0, 0x0, 0x0, 0x5,
    0xef, 0xff, 0x10, 0x70, 0x5f, 0xc0, 0x0, 0x0,
    0x2, 0xcf, 0xff, 0xf7, 0x3, 0xf5, 0xaf, 0x60,
    0x0, 0x0, 0x9f, 0xff, 0xff, 0xd0, 0x6, 0xfa,
    0xdf, 0x20, 0x0, 0x9, 0xff, 0xff, 0xff, 0x50,
    0x2, 0xfd, 0xef, 0x0, 0x0, 0xe, 0xff, 0xff,
    0xfb, 0x0, 0x0, 0xff, 0xff, 0x0, 0x0, 0xe,
    0xff, 0xff, 0xf2, 0x0, 0x0, 0xfe, 0xdf, 0x20,
    0x0, 0x8, 0xff, 0xff, 0x80, 0x0, 0x2, 0xfd,
    0xaf, 0x60, 0x0, 0x0, 0x8e, 0xe8, 0x0, 0x0,
    0x7, 0xfa, 0x5f, 0xd0, 0x0, 0x0, 0x0, 0x0,
    0x0, 0x0, 0xd, 0xf5, 0xd, 0xf6, 0x0, 0x0,
    0x0, 0x0, 0x0, 0x0, 0x6f, 0xd0, 0x5, 0xff,
    0x30, 0x0, 0x0, 0x0, 0x0, 0x3, 0xff, 0x40,
    0x0, 0x8f, 0x90, 0x0, 0x0, 0x0, 0x0, 0x8,
    0xf8, 0x0, 0x0, 0x4, 0x0, 0x0, 0x0, 0x0,
    0x0, 0x0, 0x40, 0x0,

    /* U+F04E6 "󰓦" */
    0x0, 0x0, 0x0, 0x0, 0x0, 0x0, 0x0, 0x0,
    0x0, 0x0, 0x0, 0x0, 0x0, 0x80, 0x0, 0x0,
    0x0, 0x0, 0x0, 0x0, 0x0, 0x7, 0xf0, 0x0,
    0x0, 0x0, 0x0, 0x0, 0x0, 0x0, 0x7f, 0xf0,
    0x0, 0x0, 0x0, 0x0, 0x0, 0x0, 0x7, 0xff,
    0xff, 0xd9, 0x30, 0x0, 0x0, 0x0, 0x0, 0x7,
    0xff, 0xff, 0xff, 0xf8, 0x0, 0x0, 0x0, 0x0,
    0x0, 0x7f, 0xf1, 0x39, 0xff, 0xb0, 0x0, 0x0,
    0x0, 0x0, 0x7, 0xf0, 0x0, 0x3e, 0xf8, 0x0,
    0x2, 0xd2, 0x0, 0x0, 0x70, 0x0, 0x3, 0xff,
    0x30, 0x9, 0xf8, 0x0, 0x0, 0x0, 0x0, 0x0,
    0x9f, 0x90, 0xd, 0xf3, 0x0, 0x0, 0x0, 0x0,
    0x0, 0x3f, 0xd0, 0xf, 0xf0, 0x0, 0x0, 0x0,
    0x0, 0x0, 0x1f, 0xf0, 0xf, 0xf0, 0x0, 0x0,
    0x0, 0x0, 0x0, 0xf, 0xf0, 0xd, 0xf3, 0x0,
    0x0, 0x0, 0x0, 0x0, 0x3f, 0xd0, 0x9, 0xf9,
    0x0, 0x0, 0x0, 0x0, 0x0, 0x8f, 0x90, 0x3,
    0xff, 0x30, 0x0, 0x7, 0x0, 0x0, 0x2d, 0x20,
    0x0, 0x9f, 0xe3, 0x0, 0xf, 0x70, 0x0, 0x0,
    0x0, 0x0, 0xb, 0xff, 0x93, 0xf, 0xf7, 0x0,
    0x0, 0x0, 0x0, 0x0, 0x9f, 0xff, 0xff, 0xff,
    0x70, 0x0, 0x0, 0x0, 0x0, 0x3, 0x9d, 0xff,
    0xff, 0x70, 0x0, 0x0, 0x0, 0x0, 0x0, 0x0,
    0xf, 0xf7, 0x0, 0x0, 0x0, 0x0, 0x0, 0x0,
    0x0, 0xf, 0x70, 0x0, 0x0, 0x0, 0x0, 0x0,
    0x0, 0x0, 0x8, 0x0, 0x0, 0x0, 0x0, 0x0,
    0x0, 0x0, 0x0, 0x0, 0x0, 0x0, 0x0, 0x0,

    /* U+F04E7 "󰓧" */
    0x0, 0x0, 0x0, 0x0, 0x0, 0x0, 0x0, 0x0,
    0x0, 0x0, 0x0, 0x28, 0x0, 0x0, 0x0, 0xff,
    0xff, 0xf7, 0x0, 0x9, 0xff, 0x0, 0x0, 0x0,
    0xff, 0xff, 0x80, 0x0, 0xbf, 0xf9, 0x0, 0x0,
    0x0, 0xff, 0xfd, 0x0, 0x9, 0xfe, 0x30, 0x0,
    0xff, 0x0, 0xff, 0xff, 0x80, 0x2f, 0xf3, 0x0,
    0x0, 0xff, 0x0, 0xf8, 0x3f, 0xf2, 0x9f, 0x90,
    0x0, 0x0, 0xff, 0x0, 0x70, 0x9, 0xf8, 0xdf,
    0x30, 0x0, 0x0, 0xff, 0x0, 0x0, 0x3, 0xfd,
    0xff, 0x0, 0x0, 0x0, 0xff, 0x0, 0x0, 0x1,
    0xff, 0xff, 0x0, 0x0, 0x0, 0xff, 0x0, 0x0,
    0x0, 0xff, 0xdf, 0x30, 0x0, 0x0, 0x0, 0x0,
    0x0, 0x3, 0xfd, 0x8f, 0x90, 0x7, 0x0, 0x0,
    0x0, 0x0, 0x9, 0xf9, 0x2f, 0xf3, 0x8f, 0x0,
    0xff, 0x0, 0x0, 0x3f, 0xf2, 0x8, 0xff, 0xff,
    0x0, 0xff, 0x0, 0x3, 0xef, 0x90, 0x0, 0xdf,
    0xff, 0x0, 0x0, 0x0, 0x9f, 0xfc, 0x0, 0x8,
    0xff, 0xff, 0x0, 0x0, 0x0, 0xff, 0x90, 0x0,
    0x7f, 0xff, 0xff, 0x0, 0x0, 0x0, 0x92, 0x0,
    0x0, 0x0, 0x0, 0x0, 0x0, 0x0, 0x0, 0x0,
    0x0, 0x0,

    /* U+F050F "󰔏" */
    0x0, 0x0, 0x8e, 0xe8, 0x0, 0x0, 0x0, 0x8,
    0xff, 0xff, 0x80, 0x0, 0x0, 0xe, 0xf3, 0x3f,
    0xe0, 0x0, 0x0, 0xf, 0xf0, 0xf, 0xf0, 0x0,
    0x0, 0xf, 0xf0, 0xf, 0xf0, 0x0, 0x0, 0xf,
    0xf0, 0xf, 0xf0, 0x0, 0x0, 0xf, 0xff, 0xff,
    0xf0, 0x0, 0x0, 0xf, 0xff, 0xff, 0xf0, 0x0,
    0x0, 0xf, 0xff, 0xff, 0xf0, 0x0, 0x0, 0xf,
    0xff, 0xff, 0xf0, 0x0, 0x0, 0xf, 0xff, 0xff,
    0xf0, 0x0, 0x0, 0x8f, 0xff, 0xff, 0xf8, 0x0,
    0x4, 0xff, 0xff, 0xff, 0xff, 0x40, 0xb, 0xff,
    0xff, 0xff, 0xff, 0xb0, 0xe, 0xff, 0xff, 0xff,
    0xff, 0xe0, 0xe, 0xff, 0xff, 0xff, 0xff, 0xe0,
    0xb, 0xff, 0xff, 0xff, 0xff, 0xb0, 0x4, 0xff,
    0xff, 0xff, 0xff, 0x40, 0x0, 0x7f, 0xff, 0xff,
    0xf7, 0x0, 0x0, 0x4, 0xbe, 0xeb, 0x40, 0x0,

    /* U+F0521 "󰔡" */
    0x0, 0x0, 0x0, 0x0, 0x0, 0x0, 0x0, 0x0,
    0x0, 0x0, 0x0, 0x4c, 0xff, 0xff, 0xff, 0xff,
    0xff, 0xff, 0xb4, 0x0, 0x8, 0xff, 0xff, 0xff,
    0xff, 0xff, 0xff, 0xff, 0xff, 0x80, 0x4f, 0xff,
    0xff, 0xff, 0xff, 0xff, 0xf7, 0x11, 0x7f, 0xf4,
    0xbf, 0xff, 0xff, 0xff, 0xff, 0xff, 0x70, 0x0,
    0x7, 0xfb, 0xef, 0xff, 0xff, 0xff, 0xff, 0xff,
    0x10, 0x0, 0x1, 0xfe, 0xef, 0xff, 0xff, 0xff,
    0xff, 0xff, 0x10, 0x0, 0x1, 0xfe, 0xbf, 0xff,
    0xff, 0xff, 0xff, 0xff, 0x70, 0x0, 0x7, 0xfb,
    0x4f, 0xff, 0xff, 0xff, 0xff, 0xff, 0xf7, 0x11,
    0x7f, 0xf4, 0x8, 0xff, 0xff, 0xff, 0xff, 0xff,
    0xff, 0xff, 0xff, 0x80, 0x0, 0x5c, 0xff, 0xff,
    0xff, 0xff, 0xff, 0xff, 0xc4, 0x0, 0x0, 0x0,
    0x0, 0x0, 0x0, 0x0, 0x0, 0x0, 0x0, 0x0,

    /* U+F0522 "󰔢" */
    0x0, 0x0, 0x0, 0x0, 0x0, 0x0, 0x0, 0x0,
    0x0, 0x0, 0x0, 0x4c, 0xff, 0xff, 0xff, 0xff,
    0xff, 0xff, 0xb4, 0x0, 0x8, 0xff, 0xff, 0xff,
    0xff, 0xff, 0xff, 0xff, 0xff, 0x80, 0x4f, 0xf7,
    0x11, 0x7f, 0xff, 0xff, 0xff, 0xff, 0xff, 0xf4,
    0xbf, 0x70, 0x0, 0x7, 0xff, 0xff, 0xff, 0xff,
    0xff, 0xfb, 0xef, 0x10, 0x0, 0x1, 0xff, 0xff,
    0xff, 0xff, 0xff, 0xfe, 0xef, 0x10, 0x0, 0x1,
    0xff, 0xff, 0xff, 0xff, 0xff, 0xfe, 0xbf, 0x70,
    0x0, 0x7, 0xff, 0xff, 0xff, 0xff, 0xff, 0xfb,
    0x4f, 0xf7, 0x11, 0x7f, 0xff, 0xff, 0xff, 0xff,
    0xff, 0xf4, 0x8, 0xff, 0xff, 0xff, 0xff, 0xff,
    0xff, 0xff, 0xff, 0x80, 0x0, 0x5c, 0xff, 0xff,
    0xff, 0xff, 0xff, 0xff, 0xc4, 0x0, 0x0, 0x0,
    0x0, 0x0, 0x0, 0x0, 0x0, 0x0, 0x0, 0x0,

    /* U+F0565 "󰕥" */
    0x0, 0x0, 0x0, 0x0, 0x0, 0x0, 0x0, 0x0,
    0x0, 0x0, 0x0, 0x0, 0x5, 0xcc, 0x50, 0x0,
    0x0, 0x0, 0x0, 0x0, 0x7, 0xef, 0xff, 0xfe,
    0x70, 0x0, 0x0, 0x0, 0x18, 0xff, 0xff, 0xff,
    0xff, 0xff, 0x81, 0x0, 0x3a, 0xff, 0xff, 0xff,
    0xff, 0xff, 0xff, 0xff, 0xa3, 0xff, 0xff, 0xff,
    0xff, 0xff, 0xff, 0xff, 0xff, 0xff, 0xff, 0xff,
    0xff, 0xff, 0xff, 0xff, 0xff, 0xff, 0xff, 0xff,
    0xff, 0xff, 0xff, 0xff, 0xff, 0xfd, 0xff, 0xff,
    0xff, 0xff, 0xff, 0xff, 0xff, 0xff, 0xa0, 0x7f,
    0xff, 0xff, 0xff, 0xff, 0xff, 0xff, 0xfa, 0x0,
    0x8f, 0xff, 0xff, 0xff, 0xff, 0xff, 0xff, 0xa0,
    0x8, 0xff, 0xff, 0xff, 0xff, 0xdf, 0xff, 0xfa,
    0x0, 0x8f, 0xff, 0xff, 0xef, 0xf7, 0xa, 0xff,
    0xa0, 0x8, 0xff, 0xff, 0xfe, 0xbf, 0xf8, 0x0,
    0xaa, 0x0, 0x8f, 0xff, 0xff, 0xfb, 0x7f, 0xff,
    0x70, 0x0, 0x8, 0xff, 0xff, 0xff, 0xf7, 0x2f,
    0xff, 0xf7, 0x0, 0x8f, 0xff, 0xff, 0xff, 0xf2,
    0xa, 0xff, 0xff, 0x78, 0xff, 0xff, 0xff, 0xff,
    0xa0, 0x2, 0xff, 0xff, 0xff, 0xff, 0xff, 0xff,
    0xff, 0x20, 0x0, 0x7f, 0xff, 0xff, 0xff, 0xff,
    0xff, 0xf7, 0x0, 0x0, 0x9, 0xff, 0xff, 0xff,
    0xff, 0xff, 0x90, 0x0, 0x0, 0x0, 0xaf, 0xff,
    0xff, 0xff, 0xfa, 0x0, 0x0, 0x0, 0x0, 0x6,
    0xff, 0xff, 0xfe, 0x60, 0x0, 0x0, 0x0, 0x0,
    0x0, 0x17, 0xdd, 0x71, 0x0, 0x0, 0x0, 0x0,
    0x0, 0x0, 0x0, 0x0, 0x0, 0x0, 0x0, 0x0,

    /* U+F057E "󰕾" */
    0x0, 0x0, 0x0, 0x0, 0x0, 0x9, 0x30, 0x0,
    0x0, 0x0, 0x0, 0x0, 0x0, 0x80, 0xf, 0xfb,
    0x10, 0x0, 0x0, 0x0, 0x0, 0x8, 0xf0, 0x7,
    0xef, 0xe3, 0x0, 0x0, 0x0, 0x0, 0x8f, 0xf0,
    0x0, 0xa, 0xfe, 0x10, 0x0, 0x0, 0x8, 0xff,
    0xf0, 0x0, 0x0, 0xbf, 0xb0, 0x0, 0x0, 0x8f,
    0xff, 0xf0, 0xa, 0x0, 0x1e, 0xf3, 0xff, 0xff,
    0xff, 0xff, 0xf0, 0xf, 0xb0, 0x7, 0xf9, 0xff,
    0xff, 0xff, 0xff, 0xf0, 0xf, 0xf3, 0x3, 0xfd,
    0xff, 0xff, 0xff, 0xff, 0xf0, 0xf, 0xf6, 0x0,
    0xff, 0xff, 0xff, 0xff, 0xff, 0xf0, 0xf, 0xf6,
    0x0, 0xff, 0xff, 0xff, 0xff, 0xff, 0xf0, 0xf,
    0xf3, 0x3, 0xfd, 0xff, 0xff, 0xff, 0xff, 0xf0,
    0xf, 0xb0, 0x7, 0xf9, 0x0, 0x0, 0x8f, 0xff,
    0xf0, 0xa, 0x0, 0x1e, 0xf3, 0x0, 0x0, 0x8,
    0xff, 0xf0, 0x0, 0x0, 0xaf, 0xb0, 0x0, 0x0,
    0x0, 0x8f, 0xf0, 0x0, 0xa, 0xfe, 0x10, 0x0,
    0x0, 0x0, 0x8, 0xf0, 0x7, 0xef, 0xe3, 0x0,
    0x0, 0x0, 0x0, 0x0, 0x80, 0xf, 0xfb, 0x10,
    0x0, 0x0, 0x0, 0x0, 0x0, 0x0, 0x9, 0x30,
    0x0, 0x0,

    /* U+F058E "󰖎" */
    0x0, 0x0, 0x3, 0x30, 0x0, 0x0, 0x0, 0x0,
    0x1e, 0xe2, 0x0, 0x0, 0x0, 0x0, 0xcf, 0xfc,
    0x0, 0x0, 0x0, 0x8, 0xff, 0xff, 0x80, 0x0,
    0x0, 0x3f, 0xff, 0xff, 0xf3, 0x0, 0x0, 0xdf,
    0xff, 0xff, 0xfd, 0x0, 0x7, 0xff, 0xff, 0xff,
    0xff, 0x70, 0xe, 0xc1, 0x5f, 0xfd, 0x3e, 0xe0,
    0x6f, 0x90, 0x1f, 0xd1, 0x1d, 0xf6, 0xbf, 0xf9,
    0xcd, 0x11, 0xdf, 0xfc, 0xef, 0xff, 0xd1, 0x1d,
    0xff, 0xfe, 0xff, 0xfd, 0x11, 0xdc, 0x9f, 0xfe,
    0xcf, 0xd1, 0x1d, 0xf1, 0x9, 0xfc, 0x6f, 0xd3,
    0xdf, 0xf5, 0x1c, 0xf6, 0xc, 0xff, 0xff, 0xff,
    0xff, 0xc0, 0x1, 0xcf, 0xff, 0xff, 0xfc, 0x10,
    0x0, 0x6, 0xcf, 0xfc, 0x60, 0x0, 0x0, 0x0,
    0x0, 0x0, 0x0, 0x0,

    /* U+F0590 "󰖐" */
    0x0, 0x0, 0x0, 0x0, 0x7, 0xcf, 0xec, 0x70,
    0x0, 0x0, 0x0, 0x0, 0x0, 0x0, 0x0, 0x2,
    0xef, 0xff, 0xff, 0xfd, 0x30, 0x0, 0x0, 0x0,
    0x0, 0x0, 0x0, 0x2e, 0xfa, 0x30, 0x4, 0xbf,
    0xe2, 0x0, 0x0, 0x0, 0x0, 0x0, 0x0, 0xbf,
    0x70, 0x0, 0x0, 0x7, 0xfb, 0x0, 0x0, 0x0,
    0x0, 0x4, 0xbe, 0xfa, 0x0, 0x0, 0x0, 0x0,
    0xbf, 0x20, 0x0, 0x0, 0x0, 0x8f, 0xff, 0xf4,
    0x0, 0x0, 0x0, 0x0, 0x4f, 0x60, 0x0, 0x0,
    0x4, 0xff, 0x71, 0x10, 0x0, 0x0, 0x0, 0x0,
    0xf, 0xfe, 0xa2, 0x0, 0xb, 0xf7, 0x0, 0x0,
    0x0, 0x0, 0x0, 0x0, 0xf, 0xff, 0xfe, 0x20,
    0xf, 0xf1, 0x0, 0x0, 0x0, 0x0, 0x0, 0x0,
    0x0, 0x1, 0xbf, 0xb0, 0xf, 0xf1, 0x0, 0x0,
    0x0, 0x0, 0x0, 0x0, 0x0, 0x0, 0x1f, 0xf0,
    0xc, 0xf7, 0x0, 0x0, 0x0, 0x0, 0x0, 0x0,
    0x0, 0x0, 0x1f, 0xf0, 0x5, 0xff, 0x71, 0x0,
    0x0, 0x0, 0x0, 0x0, 0x0, 0x1, 0xbf, 0xb0,
    0x0, 0x8f, 0xff, 0xff, 0xff, 0xff, 0xff, 0xff,
    0xff, 0xff, 0xfe, 0x20, 0x0, 0x4, 0xbe, 0xff,
    0xff, 0xff, 0xff, 0xff, 0xff, 0xfe, 0xa2, 0x0,

    /* U+F0591 "󰖑" */
    0x0, 0x0, 0x0, 0x0, 0x7, 0xdf, 0xfc, 0x70,
    0x0, 0x0, 0x0, 0x0, 0x0, 0x0, 0x0, 0x2,
    0xef, 0xff, 0xff, 0xfe, 0x30, 0x0, 0x0, 0x0,
    0x0, 0x0, 0x0, 0x2e, 0xfb, 0x40, 0x14, 0xbf,
    0xe2, 0x0, 0x0, 0x0, 0x0, 0x0, 0x0, 0xbf,
    0x70, 0x0, 0x0, 0x7, 0xfb, 0x0, 0x0, 0x0,
    0x0, 0x4, 0xbf, 0xfb, 0x0, 0x0, 0x0, 0x0,
    0xbf, 0x20, 0x0, 0x0, 0x0, 0x8f, 0xff, 0xf4,
    0x0, 0x0, 0x0, 0x0, 0x4f, 0x60, 0x0, 0x0,
    0x4, 0xff, 0x71, 0x10, 0x0, 0x0, 0x0, 0x0,
    0xf, 0xff, 0xa2, 0x0, 0xc, 0xf7, 0x0, 0x0,
    0x0, 0x0, 0x0, 0x0, 0xf, 0xff, 0xfe, 0x20,
    0xf, 0xf1, 0x0, 0x0, 0x0, 0x0, 0x0, 0x0,
    0x0, 0x2, 0xbf, 0xa0, 0xf, 0xf1, 0x0, 0x0,
    0x0, 0x0, 0x0, 0x0, 0x0, 0x0, 0x1f, 0xe0,
    0x0, 0x0, 0x0, 0x0, 0x0, 0x0, 0x0, 0x0,
    0x0, 0x0, 0x0, 0x0, 0x0, 0x0, 0x0, 0x0,
    0x0, 0x0, 0x0, 0x0, 0x0, 0x0, 0x0, 0x0,
    0x0, 0xcf, 0xff, 0xff, 0xff, 0xff, 0xfc, 0xc,
    0xff, 0xff, 0xfc, 0x0, 0x0, 0xcf, 0xff, 0xff,
    0xff, 0xff, 0xfc, 0xc, 0xff, 0xff, 0xfc, 0x0,
    0x0, 0x0, 0x0, 0x0, 0x0, 0x0, 0x0, 0x0,
    0x0, 0x0, 0x0, 0x0, 0x0, 0x0, 0x0, 0x0,
    0x0, 0x0, 0x0, 0x0, 0x0, 0x0, 0x0, 0x0,
    0x0, 0xcf, 0xfc, 0xc, 0xff, 0xff, 0xff, 0xff,
    0xff, 0xff, 0xfc, 0x0, 0x0, 0xcf, 0xfc, 0xc,
    0xff, 0xff, 0xff, 0xff, 0xff, 0xff, 0xfc, 0x0,

    /* U+F0594 "󰖔" */
    0x0, 0x0, 0x0, 0x0, 0x0, 0x0, 0x0, 0x0,
    0x0, 0x0, 0x0, 0x0, 0x0, 0x0, 0x0, 0x0,
    0x5, 0x0, 0x0, 0x0, 0x0, 0x0, 0x0, 0x0,
    0x0, 0x0, 0x1, 0xf1, 0x0, 0x0, 0x0, 0x0,
    0x0, 0x0, 0x30, 0x0, 0x0, 0x6f, 0x60, 0x0,
    0x0, 0x0, 0x0, 0x0, 0x9f, 0xd0, 0x3e, 0xff,
    0xff, 0xfe, 0x30, 0x0, 0x0, 0x0, 0x9f, 0xff,
    0x10, 0x2c, 0xff, 0xfc, 0x20, 0x0, 0x0, 0x0,
    0x5f, 0xff, 0xf1, 0x0, 0x5f, 0xff, 0x50, 0x0,
    0x0, 0x0, 0xe, 0xf7, 0xdf, 0x20, 0xa, 0xe7,
    0xea, 0x0, 0x0, 0x0, 0x5, 0xfd, 0xb, 0xf6,
    0x0, 0x91, 0x1, 0x90, 0x0, 0x0, 0x0, 0xaf,
    0x70, 0x6f, 0xb0, 0x0, 0x0, 0x0, 0x0, 0x50,
    0x0, 0xd, 0xf2, 0x1, 0xff, 0x20, 0x0, 0x0,
    0x0, 0x1e, 0x10, 0x0, 0xff, 0x10, 0x9, 0xfb,
    0x0, 0x0, 0x0, 0x9f, 0xff, 0x80, 0xf, 0xf0,
    0x0, 0x1f, 0xf7, 0x0, 0x0, 0x0, 0xbf, 0xb0,
    0x0, 0xdf, 0x30, 0x0, 0x5f, 0xf7, 0x0, 0x0,
    0xb, 0x4b, 0x0, 0xa, 0xf7, 0x0, 0x0, 0x6f,
    0xfb, 0x20, 0x0, 0x0, 0x0, 0x0, 0x5f, 0xd0,
    0x0, 0x0, 0x5f, 0xff, 0xa6, 0x21, 0x10, 0x0,
    0x0, 0xef, 0x70, 0x0, 0x0, 0x19, 0xff, 0xff,
    0xff, 0xd1, 0x0, 0x5, 0xff, 0x40, 0x0, 0x0,
    0x1, 0x6b, 0xdf, 0xff, 0x30, 0x0, 0x9, 0xff,
    0x70, 0x0, 0x0, 0x0, 0x7, 0xff, 0x90, 0x0,
    0x0, 0x9, 0xff, 0xd7, 0x30, 0x12, 0x7d, 0xff,
    0x90, 0x0, 0x0, 0x0, 0x5, 0xef, 0xff, 0xff,
    0xff, 0xfe, 0x50, 0x0, 0x0, 0x0, 0x0, 0x0,
    0x6b, 0xef, 0xfe, 0xb6, 0x0, 0x0, 0x0, 0x0,
    0x0, 0x0, 0x0, 0x0, 0x0, 0x0, 0x0, 0x0,
    0x0, 0x0,

    /* U+F0595 "󰖕" */
    0x0, 0x0, 0x0, 0x0, 0x0, 0x0, 0x0, 0x0,
    0x0, 0x0, 0x0, 0x0, 0x0, 0x0, 0x0, 0x0,
    0x3b, 0x90, 0x0, 0x0, 0x0, 0x0, 0x1, 0xfc,
    0x30, 0x0, 0x5, 0xae, 0x0, 0x0, 0x0, 0x0,
    0x0, 0x2e, 0x30, 0x0, 0x0, 0x0, 0x31, 0x0,
    0x0, 0x0, 0x0, 0x1, 0x10, 0x19, 0xdf, 0xd9,
    0x10, 0x0, 0x0, 0x0, 0x0, 0x0, 0x0, 0x4f,
    0xff, 0xff, 0xfe, 0x40, 0x0, 0x0, 0x0, 0x0,
    0x0, 0x1f, 0xfa, 0x20, 0x2a, 0xfe, 0x10, 0x0,
    0x0, 0x0, 0x0, 0x9, 0xfa, 0x0, 0x0, 0xa,
    0xf9, 0x3, 0x60, 0x0, 0x2, 0x0, 0xdf, 0x20,
    0x0, 0x0, 0x2f, 0xe0, 0x1f, 0xa0, 0x1, 0xe1,
    0xf, 0xf0, 0x6, 0xcf, 0xfc, 0xff, 0x0, 0xe2,
    0x0, 0x9f, 0x10, 0xdf, 0x4c, 0xff, 0xff, 0xff,
    0xf1, 0x2, 0x0, 0x0, 0x63, 0x9, 0xff, 0xfd,
    0x50, 0x5, 0xdf, 0xd0, 0x0, 0x0, 0x0, 0x0,
    0x1f, 0xfd, 0x10, 0x0, 0x1, 0xdf, 0x60, 0x0,
    0x0, 0x2, 0xae, 0xff, 0x50, 0x0, 0x0, 0x5,
    0xfc, 0x0, 0x0, 0x2, 0xef, 0xff, 0xf1, 0x0,
    0x0, 0x0, 0x1f, 0xf0, 0x0, 0x0, 0xaf, 0xb1,
    0x0, 0x0, 0x0, 0x0, 0x0, 0xff, 0xee, 0x80,
    0xe, 0xf1, 0x0, 0x0, 0x0, 0x0, 0x0, 0xf,
    0xff, 0xff, 0x80, 0xef, 0x10, 0x0, 0x0, 0x0,
    0x0, 0x0, 0x0, 0x3, 0xfe, 0xa, 0xfa, 0x10,
    0x0, 0x0, 0x0, 0x0, 0x0, 0x0, 0x3f, 0xe0,
    0x2e, 0xff, 0xff, 0xff, 0xff, 0xff, 0xff, 0xff,
    0xff, 0xf8, 0x0, 0x2a, 0xef, 0xff, 0xff, 0xff,
    0xff, 0xff, 0xff, 0xe8, 0x0,

    /* U+F0596 "󰖖" */
    0x0, 0x0, 0x0, 0x0, 0x7, 0xcf, 0xec, 0x70,
    0x0, 0x0, 0x0, 0x0, 0x0, 0x0, 0x0, 0x2,
    0xef, 0xff, 0xff, 0xfd, 0x30, 0x0, 0x0, 0x0,
    0x0, 0x0, 0x0, 0x2e, 0xfa, 0x30, 0x4, 0xbf,
    0xe2, 0x0, 0x0, 0x0, 0x0, 0x0, 0x0, 0xbf,
    0x70, 0x0, 0x0, 0x7, 0xfb, 0x0, 0x0, 0x0,
    0x0, 0x4, 0xbe, 0xfa, 0x0, 0x0, 0x0, 0x0,
    0xbf, 0x20, 0x0, 0x0, 0x0, 0x8f, 0xff, 0xf4,
    0x0, 0x0, 0x0, 0x0, 0x4f, 0x60, 0x0, 0x0,
    0x4, 0xff, 0x71, 0x10, 0x0, 0x0, 0x0, 0x0,
    0xf, 0xfe, 0xa2, 0x0, 0xb, 0xf7, 0x0, 0x0,
    0x0, 0x0, 0x0, 0x0, 0xf, 0xff, 0xfe, 0x20,
    0xf, 0xf1, 0x0, 0x0, 0x0, 0x0, 0x0, 0x0,
    0x0, 0x1, 0xbf, 0xb0, 0xf, 0xf1, 0x0, 0x0,
    0x0, 0x0, 0x0, 0x0, 0x0, 0x0, 0x1f, 0xf0,
    0xc, 0xf6, 0x0, 0x1, 0xe8, 0x1, 0xe8, 0x1,
    0xe8, 0x0, 0x1f, 0xf0, 0x5, 0xff, 0x60, 0x6,
    0xf9, 0x7, 0xf9, 0x6, 0xfa, 0x0, 0xbf, 0xb0,
    0x0, 0x8f, 0xf0, 0xb, 0xf5, 0xb, 0xf5, 0xb,
    0xf5, 0x7, 0xff, 0x20, 0x0, 0x4, 0x30, 0xf,
    0xf1, 0xf, 0xf1, 0xf, 0xf1, 0x1, 0x82, 0x0,
    0x0, 0x0, 0x0, 0x3f, 0xc0, 0x4f, 0xc0, 0x3f,
    0xd0, 0x0, 0x0, 0x0, 0x0, 0x0, 0x0, 0x7f,
    0x80, 0x8f, 0x80, 0x7f, 0x80, 0x0, 0x0, 0x0,
    0x0, 0x0, 0x0, 0x3b, 0x20, 0xcf, 0x40, 0x3b,
    0x20, 0x0, 0x0, 0x0, 0x0, 0x0, 0x0, 0x0,
    0x0, 0xff, 0x0, 0x0, 0x0, 0x0, 0x0, 0x0,
    0x0, 0x0, 0x0, 0x0, 0x4, 0xfb, 0x0, 0x0,
    0x0, 0x0, 0x0, 0x0, 0x0, 0x0, 0x0, 0x0,
    0x0, 0x94, 0x0, 0x0, 0x0, 0x0, 0x0, 0x0,

    /* U+F0597 "󰖗" */
    0x0, 0x0, 0x0, 0x0, 0x7, 0xcf, 0xec, 0x60,
    0x0, 0x0, 0x0, 0x0, 0x0, 0x0, 0x0, 0x2,
    0xef, 0xff, 0xff, 0xfd, 0x20, 0x0, 0x0, 0x0,
    0x0, 0x0, 0x0, 0x2e, 0xfb, 0x41, 0x14, 0xcf,
    0xe2, 0x0, 0x0, 0x0, 0x0, 0x0, 0x0, 0xaf,
    0x70, 0x0, 0x0, 0x8, 0xfb, 0x0, 0x0, 0x0,
    0x0, 0x4, 0xbe, 0xfb, 0x0, 0x0, 0x0, 0x0,
    0xbf, 0x20, 0x0, 0x0, 0x0, 0x7f, 0xff, 0xf4,
    0x0, 0x0, 0x0, 0x0, 0x4f, 0x60, 0x0, 0x0,
    0x4, 0xff, 0x71, 0x10, 0x0, 0x0, 0x0, 0x0,
    0xf, 0xfe, 0xa2, 0x0, 0xb, 0xf7, 0x0, 0x0,
    0x0, 0x0, 0x0, 0x0, 0xf, 0xff, 0xfe, 0x20,
    0xf, 0xf1, 0x0, 0x0, 0x0, 0x0, 0x0, 0x0,
    0x0, 0x2, 0xbf, 0xb0, 0xf, 0xf1, 0x0, 0x0,
    0x0, 0x6, 0x60, 0x0, 0x0, 0x0, 0x1f, 0xf0,
    0xc, 0xf6, 0x0, 0x0, 0x0, 0x3f, 0xf3, 0x0,
    0x0, 0x0, 0x1f, 0xf0, 0x5, 0xff, 0x61, 0x0,
    0x1, 0xef, 0xfe, 0x10, 0x0, 0x1, 0xbf, 0xb0,
    0x0, 0x8f, 0xff, 0xb0, 0xa, 0xfb, 0xbf, 0xa0,
    0xb, 0xff, 0xff, 0x20, 0x0, 0x5, 0xcf, 0xc0,
    0x3f, 0xf1, 0x2f, 0xf3, 0xc, 0xff, 0xb2, 0x0,
    0x0, 0x0, 0x0, 0x0, 0xaf, 0x70, 0x7, 0xfa,
    0x0, 0x0, 0x0, 0x0, 0x0, 0x0, 0x0, 0x0,
    0xef, 0x10, 0x1, 0xfe, 0x0, 0x0, 0x0, 0x0,
    0x0, 0x0, 0x0, 0x0, 0xef, 0x10, 0x1, 0xfe,
    0x0, 0x0, 0x0, 0x0, 0x0, 0x0, 0x0, 0x0,
    0xaf, 0xa1, 0x1b, 0xfa, 0x0, 0x0, 0x0, 0x0,
    0x0, 0x0, 0x0, 0x0, 0x2e, 0xff, 0xff, 0xe2,
    0x0, 0x0, 0x0, 0x0, 0x0, 0x0, 0x0, 0x0,
    0x2, 0xae, 0xea, 0x20, 0x0, 0x0, 0x0, 0x0,

    /* U+F0598 "󰖘" */
    0x0, 0x0, 0x0, 0x0, 0x7, 0xcf, 0xec, 0x70,
    0x0, 0x0, 0x0, 0x0, 0x0, 0x0, 0x0, 0x2,
    0xef, 0xff, 0xff, 0xfd, 0x30, 0x0, 0x0, 0x0,
    0x0, 0x0, 0x0, 0x2e, 0xfa, 0x30, 0x4, 0xbf,
    0xe2, 0x0, 0x0, 0x0, 0x0, 0x0, 0x0, 0xbf,
    0x70, 0x0, 0x0, 0x7, 0xfb, 0x0, 0x0, 0x0,
    0x0, 0x4, 0xbe, 0xfa, 0x0, 0x0, 0x0, 0x0,
    0xbf, 0x20, 0x0, 0x0, 0x0, 0x8f, 0xff, 0xf4,
    0x0, 0x0, 0x0, 0x0, 0x4f, 0x60, 0x0, 0x0,
    0x4, 0xff, 0x71, 0x10, 0x0, 0x0, 0x0, 0x0,
    0xf, 0xfe, 0xa2, 0x0, 0xb, 0xf7, 0x0, 0x0,
    0x0, 0x0, 0x0, 0x0, 0xf, 0xff, 0xfe, 0x20,
    0xf, 0xf1, 0x0, 0x0, 0x0, 0x0, 0x0, 0x0,
    0x0, 0x1, 0xbf, 0xb0, 0xf, 0xf1, 0x0, 0x0,
    0x0, 0x0, 0x0, 0x0, 0x0, 0x0, 0x1f, 0xf0,
    0xc, 0xf7, 0x0, 0x0, 0x0, 0x0, 0x0, 0x0,
    0x0, 0x0, 0x1f, 0xf0, 0x5, 0xff, 0x71, 0x0,
    0x0, 0x0, 0x9a, 0x0, 0x0, 0x1, 0xbf, 0xb0,
    0x0, 0x8f, 0xff, 0xc0, 0x7b, 0x11, 0xff, 0x0,
    0xc, 0xff, 0xfe, 0x20, 0x0, 0x4, 0xbe, 0xc0,
    0xbf, 0xd7, 0xfb, 0x0, 0xc, 0xfe, 0xa2, 0x0,
    0x0, 0x0, 0x0, 0x0, 0x1d, 0xff, 0xfb, 0xbf,
    0xa0, 0x0, 0x0, 0x0, 0x0, 0x0, 0x0, 0x0,
    0x17, 0xff, 0xff, 0xff, 0x90, 0x0, 0x0, 0x0,
    0x0, 0x0, 0x0, 0x9, 0xff, 0xff, 0xff, 0x71,
    0x0, 0x0, 0x0, 0x0, 0x0, 0x0, 0x0, 0xa,
    0xfb, 0xbf, 0xff, 0xd1, 0x0, 0x0, 0x0, 0x0,
    0x0, 0x0, 0x0, 0x0, 0x0, 0xbf, 0x7d, 0xfb,
    0x0, 0x0, 0x0, 0x0, 0x0, 0x0, 0x0, 0x0,
    0x0, 0xff, 0x11, 0xb7, 0x0, 0x0, 0x0, 0x0,
    0x0, 0x0, 0x0, 0x0, 0x0, 0xa9, 0x0, 0x0,
    0x0, 0x0, 0x0, 0x0,

    /* U+F0599 "󰖙" */
    0x0, 0x0, 0x0, 0x0, 0x55, 0x0, 0x0, 0x0,
    0x0, 0x0, 0x0, 0x0, 0x1, 0xee, 0x10, 0x0,
    0x0, 0x0, 0x0, 0x0, 0x0, 0xb, 0xff, 0xb0,
    0x0, 0x0, 0x0, 0x0, 0x0, 0x0, 0x13, 0x10,
    0x31, 0x0, 0x0, 0x0, 0x1, 0x24, 0x10, 0x0,
    0x0, 0x0, 0x1, 0x42, 0x10, 0x6f, 0xfa, 0x0,
    0x4b, 0xff, 0xb4, 0x0, 0xaf, 0xf6, 0xe, 0xe1,
    0x8, 0xff, 0xff, 0xff, 0x80, 0xe, 0xe0, 0x7,
    0x70, 0x4f, 0xf7, 0x11, 0x7f, 0xf4, 0x7, 0x70,
    0x1, 0x20, 0xcf, 0x70, 0x0, 0x7, 0xfb, 0x2,
    0x10, 0x0, 0x0, 0xff, 0x10, 0x0, 0x1, 0xff,
    0x0, 0x0, 0x0, 0x0, 0xff, 0x10, 0x0, 0x1,
    0xff, 0x0, 0x0, 0x1, 0x20, 0xcf, 0x70, 0x0,
    0x7, 0xfb, 0x2, 0x10, 0x7, 0x70, 0x4f, 0xf7,
    0x11, 0x7f, 0xf4, 0x8, 0x70, 0xe, 0xe1, 0x8,
    0xff, 0xff, 0xff, 0x80, 0x1e, 0xe0, 0x6f, 0xfa,
    0x0, 0x4c, 0xff, 0xc4, 0x0, 0xaf, 0xf6, 0x1,
    0x34, 0x10, 0x0, 0x0, 0x0, 0x1, 0x43, 0x10,
    0x0, 0x0, 0x0, 0x13, 0x0, 0x31, 0x0, 0x0,
    0x0, 0x0, 0x0, 0x0, 0xb, 0xff, 0xb0, 0x0,
    0x0, 0x0, 0x0, 0x0, 0x0, 0x1, 0xee, 0x10,
    0x0, 0x0, 0x0, 0x0, 0x0, 0x0, 0x0, 0x55,
    0x0, 0x0, 0x0, 0x0,

    /* U+F059D "󰖝" */
    0x0, 0x0, 0x0, 0x2a, 0xee, 0xa2, 0x0, 0x0,
    0x0, 0x0, 0x0, 0x0, 0xe, 0xff, 0xff, 0xe2,
    0x0, 0x0, 0x0, 0x0, 0x0, 0x0, 0xba, 0x11,
    0xbf, 0xa0, 0x0, 0x0, 0x0, 0x0, 0x0, 0x0,
    0x0, 0x1, 0xfe, 0x0, 0x0, 0x0, 0x0, 0x0,
    0x0, 0x0, 0x0, 0x1f, 0xe0, 0x0, 0x0, 0x0,
    0x0, 0x0, 0x0, 0x0, 0x1b, 0xfa, 0x0, 0x0,
    0x0, 0xcf, 0xff, 0xff, 0xff, 0xff, 0xfe, 0x20,
    0x8e, 0xe8, 0xc, 0xff, 0xff, 0xff, 0xff, 0xea,
    0x20, 0x5f, 0xff, 0xf8, 0x0, 0x0, 0x0, 0x0,
    0x0, 0x0, 0x1, 0x82, 0x3f, 0xe0, 0x0, 0x0,
    0x0, 0x0, 0x0, 0x0, 0x0, 0x3, 0xfe, 0xc,
    0xff, 0xff, 0xff, 0xff, 0xff, 0xff, 0xff, 0xff,
    0x80, 0xcf, 0xff, 0xff, 0xff, 0xff, 0xff, 0xff,
    0xfe, 0x80, 0x0, 0x0, 0x0, 0x0, 0x0, 0x0,
    0x0, 0x0, 0x0, 0x0, 0x0, 0x0, 0x0, 0x0,
    0x0, 0x0, 0x0, 0x0, 0x0, 0xcf, 0xff, 0xff,
    0xff, 0xff, 0xff, 0xff, 0xfe, 0x80, 0xc, 0xff,
    0xff, 0xff, 0xff, 0xff, 0xff, 0xff, 0xff, 0x80,
    0x0, 0x0, 0x0, 0x0, 0x0, 0x0, 0x0, 0x3,
    0xfe, 0x0, 0x0, 0x0, 0x0, 0x0, 0x0, 0x0,
    0x82, 0x3f, 0xe0, 0x0, 0x0, 0x0, 0x0, 0x0,
    0x0, 0x5f, 0xff, 0xf8, 0x0, 0x0, 0x0, 0x0,
    0x0, 0x0, 0x0, 0x8e, 0xe8, 0x0,

    /* U+F05A9 "󰖩" */
    0x0, 0x0, 0x1, 0x59, 0xce, 0xff, 0xec, 0x95,
    0x10, 0x0, 0x0, 0x0, 0x4, 0xbf, 0xff, 0xff,
    0xff, 0xff, 0xff, 0xfb, 0x40, 0x0, 0x3, 0xdf,
    0xff, 0xff, 0xff, 0xff, 0xff, 0xff, 0xff, 0xfd,
    0x30, 0x7f, 0xff, 0xff, 0xb7, 0x31, 0x0, 0x13,
    0x7b, 0xff, 0xff, 0xf7, 0x2f, 0xff, 0x81, 0x0,
    0x0, 0x0, 0x0, 0x0, 0x18, 0xff, 0xf2, 0x5,
    0xa1, 0x0, 0x0, 0x0, 0x0, 0x0, 0x0, 0x0,
    0x1a, 0x50, 0x0, 0x0, 0x0, 0x17, 0xbd, 0xff,
    0xdb, 0x61, 0x0, 0x0, 0x0, 0x0, 0x0, 0x1a,
    0xff, 0xff, 0xff, 0xff, 0xff, 0xa1, 0x0, 0x0,
    0x0, 0x0, 0xef, 0xff, 0xff, 0xff, 0xff, 0xff,
    0xfe, 0x0, 0x0, 0x0, 0x0, 0x5f, 0xfb, 0x52,
    0x0, 0x25, 0xbf, 0xf5, 0x0, 0x0, 0x0, 0x0,
    0x7, 0x30, 0x0, 0x0, 0x0, 0x3, 0x70, 0x0,
    0x0, 0x0, 0x0, 0x0, 0x0, 0x0, 0x0, 0x0,
    0x0, 0x0, 0x0, 0x0, 0x0, 0x0, 0x0, 0x0,
    0x6c, 0xff, 0xc6, 0x0, 0x0, 0x0, 0x0, 0x0,
    0x0, 0x0, 0x5, 0xff, 0xff, 0xff, 0x50, 0x0,
    0x0, 0x0, 0x0, 0x0, 0x0, 0x0, 0xaf, 0xff,
    0xfa, 0x0, 0x0, 0x0, 0x0, 0x0, 0x0, 0x0,
    0x0, 0xd, 0xff, 0xd0, 0x0, 0x0, 0x0, 0x0,
    0x0, 0x0, 0x0, 0x0, 0x2, 0xff, 0x20, 0x0,
    0x0, 0x0, 0x0, 0x0, 0x0, 0x0, 0x0, 0x0,
    0x66, 0x0, 0x0, 0x0, 0x0, 0x0,

    /* U+F05AA "󰖪" */
    0x4, 0xb0, 0x0, 0x16, 0xac, 0xef, 0xfe, 0xc9,
    0x51, 0x0, 0x0, 0x0, 0xbf, 0xb0, 0xa, 0xff,
    0xff, 0xff, 0xff, 0xff, 0xfb, 0x40, 0x0, 0x0,
    0xcf, 0xb0, 0xa, 0xff, 0xff, 0xff, 0xff, 0xff,
    0xff, 0xd3, 0x0, 0x7f, 0xff, 0xb0, 0x6, 0x31,
    0x0, 0x13, 0x7b, 0xff, 0xff, 0xf7, 0x2, 0xff,
    0xff, 0xb0, 0x0, 0x0, 0x0, 0x0, 0x1, 0x8f,
    0xff, 0x20, 0x5, 0xa2, 0xbf, 0xb0, 0x0, 0x0,
    0x0, 0x0, 0x0, 0x1a, 0x50, 0x0, 0x0, 0x0,
    0xbf, 0xb0, 0xa, 0xfe, 0xb7, 0x10, 0x0, 0x0,
    0x0, 0x0, 0x0, 0x1a, 0xff, 0xb0, 0xa, 0xff,
    0xff, 0xa1, 0x0, 0x0, 0x0, 0x0, 0xe, 0xff,
    0xff, 0xb0, 0xa, 0xff, 0xff, 0xe0, 0x0, 0x0,
    0x0, 0x0, 0x5f, 0xfc, 0xcf, 0xb0, 0x6, 0xbf,
    0xf5, 0x0, 0x0, 0x0, 0x0, 0x0, 0x73, 0x0,
    0xbf, 0xb0, 0x0, 0x47, 0x0, 0x0, 0x0, 0x0,
    0x0, 0x0, 0x0, 0x0, 0xbf, 0xb0, 0x0, 0x0,
    0x0, 0x0, 0x0, 0x0, 0x0, 0x0, 0x6, 0xcf,
    0xff, 0xb0, 0x0, 0x0, 0x0, 0x0, 0x0, 0x0,
    0x0, 0x5, 0xff, 0xff, 0xff, 0xb0, 0x0, 0x0,
    0x0, 0x0, 0x0, 0x0, 0x0, 0xa, 0xff, 0xff,
    0xef, 0xb0, 0x0, 0x0, 0x0, 0x0, 0x0, 0x0,
    0x0, 0xd, 0xff, 0xd1, 0xbf, 0xb0, 0x0, 0x0,
    0x0, 0x0, 0x0, 0x0, 0x0, 0x2f, 0xf2, 0x0,
    0xbf, 0xa0, 0x0, 0x0, 0x0, 0x0, 0x0, 0x0,
    0x0, 0x65, 0x0, 0x0, 0xb4, 0x0, 0x0,

    /* U+F05AE "󰖮" */
    0x4, 0xef, 0xff, 0xff, 0xff, 0xff, 0xff, 0xfe,
    0x40, 0xe, 0xff, 0xff, 0xff, 0xff, 0xff, 0xff,
    0xff, 0xe0, 0xf, 0xf0, 0x0, 0x0, 0x0, 0x0,
    0x0, 0xf, 0xf0, 0xf, 0xf0, 0x0, 0x0, 0x0,
    0x0, 0x0, 0xf, 0xf0, 0xf, 0xf0, 0x0, 0x0,
    0x0, 0x0, 0x0, 0xf, 0xf0, 0xf, 0xf0, 0x0,
    0x0, 0x0, 0x0, 0x0, 0xf, 0xf0, 0xf, 0xf0,
    0x0, 0x0, 0x0, 0x0, 0x0, 0xf, 0xf0, 0xf,
    0xf0, 0x0, 0xf, 0xff, 0xf0, 0x0, 0xf, 0xf0,
    0xf, 0xf0, 0x0, 0xf, 0xff, 0xf0, 0x0, 0xf,
    0xf0, 0xf, 0xff, 0xff, 0xff, 0xff, 0xff, 0xff,
    0xff, 0xf0, 0xf, 0xff, 0xff, 0xff, 0xff, 0xff,
    0xff, 0xff, 0xf0, 0xf, 0xf0, 0x0, 0x0, 0x0,
    0x0, 0x0, 0xf, 0xf0, 0xf, 0xf0, 0x0, 0x0,
    0x0, 0x0, 0x0, 0xf, 0xf0, 0xf, 0xf0, 0x0,
    0x0, 0x0, 0x0, 0x0, 0xf, 0xf0, 0xf, 0xf0,
    0x0, 0x0, 0x0, 0x0, 0x0, 0xf, 0xf0, 0xf,
    0xf0, 0x0, 0x0, 0x0, 0x0, 0x0, 0xf, 0xf0,
    0xf, 0xf0, 0x0, 0x0, 0x0, 0x0, 0x0, 0xf,
    0xf0, 0xf, 0xf0, 0x0, 0x0, 0x0, 0x0, 0x0,
    0xf, 0xf0, 0xe, 0xff, 0xff, 0xff, 0xff, 0xff,
    0xff, 0xff, 0xe0, 0x4, 0xef, 0xff, 0xff, 0xff,
    0xff, 0xff, 0xfe, 0x40,

    /* U+F05B1 "󰖱" */
    0x4, 0xef, 0xff, 0xff, 0xff, 0xff, 0xff, 0xfe,
    0x40, 0xe, 0xff, 0xff, 0xff, 0xff, 0xff, 0xff,
    0xff, 0xe0, 0xf, 0xf0, 0x0, 0x0, 0x0, 0x0,
    0x0, 0xf, 0xf0, 0xf, 0xf0, 0x0, 0x0, 0x0,
    0x0, 0x0, 0xf, 0xf0, 0xf, 0xf0, 0x0, 0xf,
    0xff, 0xf0, 0x0, 0xf, 0xf0, 0xf, 0xf0, 0x0,
    0xf, 0xff, 0xf0, 0x0, 0xf, 0xf0, 0xf, 0xff,
    0xff, 0xff, 0xff, 0xff, 0xff, 0xff, 0xf0, 0xf,
    0xff, 0xff, 0xff, 0xff, 0xff, 0xff, 0xff, 0xf0,
    0xf, 0xf0, 0x0, 0x0, 0x0, 0x0, 0x0, 0xf,
    0xf0, 0xf, 0xf0, 0x0, 0x0, 0x0, 0x0, 0x0,
    0xf, 0xf0, 0xf, 0xf0, 0x0, 0x0, 0x0, 0x0,
    0x0, 0xf, 0xf0, 0xf, 0xf0, 0x0, 0x0, 0x0,
    0x0, 0x0, 0xf, 0xf0, 0xf, 0xf0, 0x0, 0x0,
    0x0, 0x0, 0x0, 0xf, 0xf0, 0xf, 0xff, 0xff,
    0xff, 0xff, 0xff, 0xff, 0xff, 0xf0, 0xf, 0xff,
    0xff, 0xff, 0xff, 0xff, 0xff, 0xff, 0xf0, 0xf,
    0xf0, 0x0, 0x0, 0x0, 0x0, 0x0, 0xf, 0xf0,
    0xf, 0xf0, 0x0, 0x0, 0x0, 0x0, 0x0, 0xf,
    0xf0, 0xf, 0xf0, 0x0, 0x0, 0x0, 0x0, 0x0,
    0xf, 0xf0, 0xe, 0xff, 0xff, 0xff, 0xff, 0xff,
    0xff, 0xff, 0xe0, 0x4, 0xef, 0xff, 0xff, 0xff,
    0xff, 0xff, 0xfe, 0x40,

    /* U+F05E0 "󰗠" */
    0x0, 0x0, 0x0, 0x5a, 0xdf, 0xfd, 0xa5, 0x0,
    0x0, 0x0, 0x0, 0x0, 0x4e, 0xff, 0xff, 0xff,
    0xff, 0xd4, 0x0, 0x0, 0x0, 0x8, 0xff, 0xff,
    0xff, 0xff, 0xff, 0xff, 0x80, 0x0, 0x0, 0x8f,
    0xff, 0xff, 0xff, 0xff, 0xff, 0xff, 0xf8, 0x0,
    0x4, 0xff, 0xff, 0xff, 0xff, 0xff, 0xff, 0xfc,
    0xff, 0x40, 0xe, 0xff, 0xff, 0xff, 0xff, 0xff,
    0xff, 0xa0, 0x8f, 0xd0, 0x5f, 0xff, 0xff, 0xff,
    0xff, 0xff, 0xfa, 0x0, 0x8f, 0xf5, 0xaf, 0xff,
    0xff, 0xff, 0xff, 0xff, 0xa0, 0x8, 0xff, 0xfa,
    0xdf, 0xff, 0xdf, 0xff, 0xff, 0xfa, 0x0, 0x8f,
    0xff, 0xfd, 0xff, 0xf8, 0xa, 0xff, 0xff, 0xa0,
    0x8, 0xff, 0xff, 0xff, 0xff, 0xf8, 0x0, 0xaf,
    0xfa, 0x0, 0x8f, 0xff, 0xff, 0xff, 0xdf, 0xff,
    0x70, 0xa, 0xa0, 0x8, 0xff, 0xff, 0xff, 0xfd,
    0xaf, 0xff, 0xf7, 0x0, 0x0, 0x8f, 0xff, 0xff,
    0xff, 0xfa, 0x5f, 0xff, 0xff, 0x70, 0x8, 0xff,
    0xff, 0xff, 0xff, 0xf5, 0xe, 0xff, 0xff, 0xf7,
    0x8f, 0xff, 0xff, 0xff, 0xff, 0xe0, 0x4, 0xff,
    0xff, 0xff, 0xff, 0xff, 0xff, 0xff, 0xff, 0x40,
    0x0, 0x8f, 0xff, 0xff, 0xff, 0xff, 0xff, 0xff,
    0xf8, 0x0, 0x0, 0x8, 0xff, 0xff, 0xff, 0xff,
    0xff, 0xff, 0x80, 0x0, 0x0, 0x0, 0x4e, 0xff,
    0xff, 0xff, 0xff, 0xe4, 0x0, 0x0, 0x0, 0x0,
    0x0, 0x5a, 0xdf, 0xfd, 0xa5, 0x0, 0x0, 0x0,

    /* U+F06A5 "󰚥" */
    0x0, 0xff, 0x0, 0x0, 0xff, 0x0, 0x0, 0xff,
    0x0, 0x0, 0xff, 0x0, 0x0, 0xff, 0x0, 0x0,
    0xff, 0x0, 0x0, 0xff, 0x0, 0x0, 0xff, 0x0,
    0x3e, 0xff, 0xff, 0xff, 0xff, 0xe3, 0xdf, 0xff,
    0xff, 0xff, 0xff, 0xfd, 0xff, 0xff, 0xff, 0xff,
    0xff, 0xff, 0xff, 0xff, 0xff, 0xff, 0xff, 0xff,
    0xff, 0xff, 0xff, 0xff, 0xff, 0xff, 0xff, 0xff,
    0xff, 0xff, 0xff, 0xff, 0xff, 0xff, 0xff, 0xff,
    0xff, 0xff, 0xdf, 0xff, 0xff, 0xff, 0xff, 0xfd,
    0x1d, 0xff, 0xff, 0xff, 0xff, 0xd1, 0x1, 0xdf,
    0xff, 0xff, 0xfd, 0x10, 0x0, 0x1d, 0xff, 0xff,
    0xd1, 0x0, 0x0, 0x7, 0xff, 0xff, 0x70, 0x0,
    0x0, 0x7, 0xff, 0xff, 0x70, 0x0, 0x0, 0x7,
    0xff, 0xff, 0x70, 0x0,

    /* U+F06A6 "󰚦" */
    0x1, 0x0, 0x0, 0x0, 0x0, 0x0, 0x0, 0x0,
    0x0, 0x0, 0x0, 0x3e, 0x60, 0x0, 0x0, 0x0,
    0x0, 0x0, 0x0, 0x0, 0x0, 0x0, 0x3f, 0xf6,
    0x0, 0xc, 0xf3, 0x0, 0xc, 0xf3, 0x0, 0x0,
    0x0, 0x3, 0xff, 0x60, 0xb, 0xf3, 0x0, 0xc,
    0xf3, 0x0, 0x0, 0x0, 0x0, 0x3f, 0xf6, 0x2,
    0xe3, 0x0, 0xc, 0xf3, 0x0, 0x0, 0x0, 0x0,
    0x3, 0xff, 0x60, 0x22, 0x0, 0xc, 0xf3, 0x0,
    0x0, 0x0, 0x0, 0x0, 0x3f, 0xf6, 0x2, 0xef,
    0xff, 0xff, 0x60, 0x0, 0x0, 0x0, 0x0, 0xa,
    0xff, 0x60, 0x2e, 0xff, 0xff, 0xf1, 0x0, 0x0,
    0x0, 0x0, 0xc, 0xff, 0xf6, 0x2, 0xef, 0xff,
    0xf3, 0x0, 0x0, 0x0, 0x0, 0xc, 0xff, 0xff,
    0x60, 0x2e, 0xff, 0xf3, 0x0, 0x0, 0x0, 0x0,
    0xc, 0xff, 0xff, 0xf6, 0x2, 0xef, 0xf3, 0x0,
    0x0, 0x0, 0x0, 0xc, 0xff, 0xff, 0xff, 0x60,
    0x2e, 0xf3, 0x0, 0x0, 0x0, 0x0, 0xc, 0xff,
    0xff, 0xff, 0xf6, 0x2, 0xe3, 0x0, 0x0, 0x0,
    0x0, 0xa, 0xff, 0xff, 0xff, 0xff, 0x60, 0x22,
    0x0, 0x0, 0x0, 0x0, 0x0, 0xbf, 0xff, 0xff,
    0xff, 0xf6, 0x0, 0x0, 0x0, 0x0, 0x0, 0x0,
    0xb, 0xff, 0xff, 0xff, 0xff, 0x60, 0x0, 0x0,
    0x0, 0x0, 0x0, 0x0, 0xbf, 0xff, 0xff, 0x7f,
    0xf6, 0x0, 0x0, 0x0, 0x0, 0x0, 0x0, 0x4f,
    0xff, 0xfb, 0x3, 0xff, 0x60, 0x0, 0x0, 0x0,
    0x0, 0x0, 0x4f, 0xff, 0xfb, 0x0, 0x3f, 0xf6,
    0x0, 0x0, 0x0, 0x0, 0x0, 0x4f, 0xff, 0xfb,
    0x0, 0x3, 0xff, 0x60, 0x0, 0x0, 0x0, 0x0,
    0x0, 0x0, 0x0, 0x0, 0x0, 0x3f, 0xf1, 0x0,
    0x0, 0x0, 0x0, 0x0, 0x0, 0x0, 0x0, 0x0,
    0x3, 0x50,

    /* U+F06B5 "󰚵" */
    0x0, 0x0, 0x2f, 0xff, 0xff, 0xff, 0xf2, 0x0,
    0x0, 0x0, 0x0, 0x7f, 0xff, 0xff, 0xff, 0xf7,
    0x0, 0x0, 0x0, 0x0, 0xdf, 0xff, 0xff, 0xff,
    0xfd, 0x0, 0x0, 0x0, 0x2, 0xff, 0xff, 0xff,
    0xff, 0xff, 0x20, 0x0, 0x0, 0x7, 0xff, 0xff,
    0xff, 0xff, 0xff, 0x70, 0x0, 0x0, 0xd, 0xff,
    0xff, 0xff, 0xff, 0xff, 0xd0, 0x0, 0x0, 0x2f,
    0xff, 0xff, 0xff, 0xff, 0xff, 0xf2, 0x0, 0x0,
    0x8f, 0xff, 0xff, 0xff, 0xff, 0xff, 0xf7, 0x0,
    0x0, 0xdf, 0xff, 0xff, 0xff, 0xff, 0xff, 0xfd,
    0x0, 0x2, 0xff, 0xff, 0xff, 0xff, 0xff, 0xff,
    0xff, 0x20, 0x8, 0xff, 0xff, 0xff, 0xff, 0xff,
    0xff, 0xff, 0x80, 0xd, 0xff, 0xff, 0xff, 0xff,
    0xff, 0xff, 0xff, 0xd0, 0x0, 0x0, 0x0, 0x0,
    0x0, 0x0, 0x0, 0x0, 0x0, 0x0, 0x0, 0x0,
    0x0, 0xff, 0x0, 0x0, 0x0, 0x0, 0x0, 0x0,
    0x0, 0x0, 0xff, 0x0, 0x0, 0x0, 0x0, 0x0,
    0x0, 0x0, 0x0, 0xff, 0x0, 0x0, 0x0, 0x0,
    0x0, 0x0, 0x0, 0x0, 0xff, 0x0, 0x0, 0x0,
    0x0, 0x0, 0x0, 0x0, 0x0, 0xff, 0x0, 0x0,
    0x0, 0x0, 0x0, 0xf, 0xff, 0xff, 0xff, 0xff,
    0xff, 0xf0, 0x0, 0x0, 0xf, 0xff, 0xff, 0xff,
    0xff, 0xff, 0xf0, 0x0,

    /* U+F06D9 "󰛙" */
    0x0, 0x0, 0x2, 0xbb, 0x20, 0x0, 0x0, 0x0,
    0x1, 0x8f, 0xff, 0xf8, 0x10, 0x0, 0x0, 0x6e,
    0xff, 0xff, 0xff, 0xe6, 0x0, 0x4d, 0xff, 0xff,
    0xff, 0xff, 0xff, 0xd4, 0xff, 0xff, 0xff, 0xff,
    0xff, 0xff, 0xff, 0xff, 0xff, 0xff, 0xff, 0xff,
    0xff, 0xff, 0xff, 0x0, 0x0, 0x0, 0x0, 0x0,
    0xff, 0xff, 0xf, 0xff, 0xff, 0xff, 0xf0, 0xff,
    0xff, 0xf, 0xff, 0xff, 0xff, 0xf0, 0xff, 0xff,
    0x0, 0x0, 0x0, 0x0, 0x0, 0xff, 0xff, 0xf,
    0xff, 0xff, 0xff, 0xf0, 0xff, 0xff, 0xf, 0xff,
    0xff, 0xff, 0xf0, 0xff, 0xff, 0x0, 0x0, 0x0,
    0x0, 0x0, 0xff, 0xff, 0xf, 0xff, 0xff, 0xff,
    0xf0, 0xff, 0xff, 0xf, 0xff, 0xff, 0xff, 0xf0,
    0xff, 0x0, 0x0, 0x0, 0x0, 0x0, 0x0, 0x0,

    /* U+F06DA "󰛚" */
    0x0, 0x0, 0x2, 0xbb, 0x20, 0x0, 0x0, 0x0,
    0x1, 0x8f, 0xff, 0xf8, 0x10, 0x0, 0x0, 0x6e,
    0xff, 0xff, 0xff, 0xe6, 0x0, 0x4d, 0xff, 0xff,
    0xff, 0xff, 0xff, 0xd4, 0xff, 0xff, 0xff, 0xff,
    0xff, 0xff, 0xff, 0xff, 0xff, 0xff, 0xff, 0xff,
    0xff, 0xff, 0xff, 0x0, 0x0, 0x0, 0x0, 0x0,
    0xff, 0xff, 0xf, 0xff, 0xff, 0xff, 0xf0, 0xff,
    0xff, 0xf, 0xff, 0xff, 0xff, 0xf0, 0xff, 0xff,
    0x0, 0x0, 0x0, 0x0, 0x0, 0xff, 0xff, 0x0,
    0x0, 0x0, 0x0, 0x0, 0xff, 0xff, 0x0, 0x0,
    0x0, 0x0, 0x0, 0xff, 0xff, 0x0, 0x0, 0x0,
    0x0, 0x0, 0xff, 0xff, 0x0, 0x0, 0x0, 0x0,
    0x0, 0xff, 0xff, 0x0, 0x0, 0x0, 0x0, 0x0,
    0xff, 0x0, 0x0, 0x0, 0x0, 0x0, 0x0, 0x0,

    /* U+F0717 "󰜗" */
    0x0, 0x0, 0x0, 0x0, 0x95, 0x3b, 0x0, 0x0,
    0x0, 0x0, 0x0, 0x0, 0x0, 0x4, 0xff, 0xff,
    0x70, 0x0, 0x0, 0x0, 0x0, 0x0, 0x0, 0x0,
    0x7f, 0xfa, 0x0, 0x0, 0x0, 0x0, 0x0, 0x37,
    0x20, 0x0, 0xe, 0xf1, 0x0, 0x0, 0x84, 0x0,
    0x0, 0xaf, 0x60, 0x0, 0xe, 0xf1, 0x0, 0x4,
    0xfd, 0x0, 0x0, 0x9f, 0xb0, 0x0, 0x4f, 0xf6,
    0x0, 0x9, 0xfb, 0x10, 0xe, 0xff, 0xfd, 0x5a,
    0xff, 0xff, 0xc5, 0xcf, 0xff, 0xf2, 0xa, 0xc8,
    0xdf, 0xff, 0xf7, 0x5e, 0xff, 0xfe, 0x8b, 0xd0,
    0x0, 0x0, 0x7, 0xfd, 0x10, 0x0, 0xbf, 0xa0,
    0x0, 0x0, 0x0, 0x0, 0x3, 0xfb, 0x0, 0x0,
    0x8f, 0x60, 0x0, 0x0, 0x0, 0x0, 0x3, 0xfb,
    0x0, 0x0, 0x8f, 0x60, 0x0, 0x0, 0x0, 0x0,
    0x7, 0xfd, 0x10, 0x0, 0xbf, 0xa0, 0x0, 0x0,
    0xa, 0xb8, 0xdf, 0xff, 0xf7, 0x5e, 0xff, 0xfe,
    0x8b, 0xd0, 0xe, 0xff, 0xfd, 0x5a, 0xff, 0xff,
    0xc5, 0xcf, 0xff, 0xf2, 0x0, 0x9f, 0xc0, 0x0,
    0x4f, 0xf6, 0x0, 0x9, 0xfb, 0x10, 0x0, 0xaf,
    0x70, 0x0, 0xe, 0xf1, 0x0, 0x3, 0xfd, 0x0,
    0x0, 0x37, 0x20, 0x0, 0xe, 0xf1, 0x0, 0x0,
    0x74, 0x0, 0x0, 0x0, 0x0, 0x0, 0x7f, 0xfa,
    0x0, 0x0, 0x0, 0x0, 0x0, 0x0, 0x0, 0x4,
    0xff, 0xff, 0x70, 0x0, 0x0, 0x0, 0x0, 0x0,
    0x0, 0x0, 0x95, 0x3b, 0x0, 0x0, 0x0, 0x0,

    /* U+F0769 "󰝩" */
    0x0, 0x0, 0x0, 0x0, 0x0, 0x0, 0x0, 0x0,
    0x0, 0x0, 0x0, 0x0, 0x0, 0xff, 0x0, 0x0,
    0x0, 0x0, 0x0, 0x0, 0x0, 0x0, 0xff, 0x0,
    0x0, 0x0, 0x0, 0x0, 0x0, 0x0, 0x0, 0xff,
    0x0, 0x0, 0x0, 0x0, 0x0, 0x0, 0x0, 0x0,
    0xff, 0x0, 0x0, 0x0, 0x0, 0x0, 0x0, 0x0,
    0x0, 0xff, 0x0, 0x0, 0x0, 0x0, 0x0, 0x0,
    0x3f, 0xff, 0xff, 0xff, 0xf3, 0x0, 0x0, 0x0,
    0x0, 0xbf, 0xff, 0xff, 0xff, 0xfb, 0x0, 0x0,
    0x0, 0x3, 0xff, 0xff, 0xff, 0xff, 0xff, 0x30,
    0x0, 0x0, 0xb, 0xff, 0xff, 0xff, 0xff, 0xff,
    0xb0, 0x0, 0x0, 0x3f, 0xff, 0xff, 0xff, 0xff,
    0xff, 0xf3, 0x0, 0x0, 0xcf, 0xff, 0xff, 0xff,
    0xff, 0xff, 0xfb, 0x0, 0x4, 0xff, 0xff, 0xff,
    0xff, 0xff, 0xff, 0xff, 0x40, 0xc, 0xff, 0xff,
    0xff, 0xff, 0xff, 0xff, 0xff, 0xc0, 0x0, 0x0,
    0x0, 0x0, 0x0, 0x0, 0x0, 0x0, 0x0, 0x0,
    0x0, 0x0, 0xe, 0xff, 0xe0, 0x0, 0x0, 0x0,
    0x0, 0x0, 0x0, 0x5, 0xee, 0x40, 0x0, 0x0,
    0x0, 0x0, 0x0, 0x0, 0x0, 0x0, 0x0, 0x0,
    0x0, 0x0,

    /* U+F07D1 "󰟑" */
    0x0, 0x0, 0x0, 0x0, 0x0, 0x0, 0x0, 0x0,
    0x0, 0x0, 0x0, 0x0, 0x0, 0x0, 0x9, 0x90,
    0x0, 0x0, 0x0, 0x0, 0x0, 0x0, 0x0, 0x0,
    0xaf, 0xfa, 0x0, 0x0, 0x0, 0x0, 0x0, 0x0,
    0x0, 0xb, 0xff, 0xff, 0xb0, 0x0, 0x0, 0x0,
    0x0, 0x0, 0x1, 0xdf, 0xff, 0xff, 0xfd, 0x10,
    0x0, 0x0, 0x0, 0x0, 0x2d, 0xff, 0xff, 0xff,
    0xff, 0xd2, 0x0, 0x0, 0x0, 0x3, 0xef, 0xfd,
    0x98, 0x89, 0xdf, 0xfe, 0x30, 0x0, 0x0, 0x4f,
    0xfc, 0x30, 0x0, 0x0, 0x3, 0xcf, 0xf4, 0x0,
    0x5, 0xff, 0x70, 0x6, 0xac, 0xca, 0x50, 0x8,
    0xff, 0x50, 0x6f, 0xff, 0x93, 0xdf, 0xfd, 0xdf,
    0xfd, 0x29, 0xff, 0xf6, 0x0, 0xf, 0xff, 0xf7,
    0x0, 0x0, 0x7f, 0xff, 0xf0, 0x0, 0x0, 0xf,
    0xff, 0xb0, 0x27, 0x72, 0xb, 0xff, 0xf0, 0x0,
    0x0, 0xf, 0xff, 0xfc, 0xff, 0xff, 0xcf, 0xff,
    0xf0, 0x0, 0x0, 0xf, 0xff, 0xff, 0xd4, 0x4d,
    0xff, 0xff, 0xf0, 0x0, 0x0, 0xf, 0xff, 0xff,
    0x60, 0x6, 0xff, 0xff, 0xf0, 0x0, 0x0, 0xf,
    0xff, 0xff, 0x80, 0x8, 0xff, 0xff, 0xf0, 0x0,
    0x0, 0xf, 0xff, 0xff, 0xf9, 0x9f, 0xff, 0xff,
    0xf0, 0x0, 0x0, 0xf, 0xff, 0xff, 0xff, 0xff,
    0xff, 0xff, 0xf0, 0x0, 0x0, 0x0, 0x0, 0x0,
    0x0, 0x0, 0x0, 0x0, 0x0, 0x0,

    /* U+F07E4 "󰟤" */
    0x0, 0x0, 0x0, 0x0, 0x0, 0x0, 0x0, 0x0,
    0x0, 0x4e, 0xff, 0xf0, 0x4e, 0xff, 0xe4, 0x0,
    0x0, 0x0, 0xef, 0xff, 0xf0, 0xef, 0xff, 0xfe,
    0x0, 0x0, 0x0, 0xff, 0x0, 0x0, 0xff, 0x0,
    0xff, 0x0, 0x0, 0x0, 0xff, 0x0, 0x0, 0xff,
    0x0, 0xff, 0x7, 0x77, 0x50, 0xff, 0x0, 0x0,
    0xff, 0x0, 0xff, 0xf, 0xff, 0xf5, 0xff, 0x0,
    0x0, 0xff, 0x0, 0xff, 0x0, 0x0, 0xf7, 0xff,
    0x0, 0x0, 0xff, 0x0, 0xff, 0x2, 0x78, 0xf7,
    0xff, 0x0, 0x0, 0xff, 0x0, 0xff, 0xd, 0xff,
    0xd2, 0xef, 0xff, 0xf0, 0xef, 0xff, 0xfe, 0xf,
    0x70, 0x0, 0x4e, 0xff, 0xf0, 0x4e, 0xff, 0xe4,
    0xf, 0xb7, 0x73, 0x0, 0x0, 0x0, 0x0, 0x0,
    0x0, 0xf, 0xff, 0xf7,

    /* U+F081B "󰠛" */
    0x0, 0x0, 0x0, 0x0, 0x4e, 0xff, 0xff, 0xff,
    0xfe, 0x40, 0x0, 0x0, 0x0, 0x0, 0xef, 0xff,
    0xff, 0xff, 0xff, 0xe0, 0x0, 0x0, 0x0, 0x0,
    0xff, 0x0, 0x0, 0x0, 0xf, 0xf0, 0x0, 0x0,
    0x0, 0x0, 0xff, 0x0, 0x0, 0x0, 0xf, 0xf0,
    0x0, 0x0, 0x0, 0x0, 0xff, 0x0, 0x0, 0x0,
    0xf, 0xf0, 0x0, 0x0, 0x0, 0x0, 0xff, 0x0,
    0x0, 0x0, 0xf, 0xf0, 0x0, 0x0, 0x0, 0x0,
    0xff, 0x0, 0x0, 0x0, 0xf, 0xf0, 0x0, 0x0,
    0x0, 0x0, 0xff, 0x0, 0x0, 0x0, 0xf, 0xf0,
    0x0, 0x0, 0x0, 0x0, 0xff, 0x0, 0x0, 0xff,
    0xf, 0xf0, 0x0, 0x0, 0x0, 0x0, 0xff, 0x0,
    0x0, 0xff, 0xf, 0xf0, 0x0, 0x0, 0x0, 0x0,
    0xff, 0x0, 0x0, 0x0, 0xf, 0xf0, 0x0, 0x0,
    0x0, 0x0, 0xff, 0x0, 0x0, 0x0, 0xf, 0xf0,
    0x0, 0x0, 0x0, 0x0, 0xff, 0x0, 0x0, 0x0,
    0xf, 0xf0, 0x0, 0x0, 0x0, 0x0, 0xff, 0x0,
    0x0, 0x0, 0xf, 0xf0, 0x0, 0x0, 0x0, 0x0,
    0xff, 0x0, 0x0, 0x0, 0xf, 0xf0, 0x0, 0x0,
    0x0, 0x0, 0xff, 0x0, 0x0, 0x0, 0xf, 0xf0,
    0xff, 0xff, 0xff, 0xff, 0xff, 0xff, 0xff, 0xff,
    0xff, 0xff, 0xff, 0xff, 0xff, 0xff, 0xff, 0xff,
    0xff, 0xff, 0xff, 0xff,

    /* U+F081C "󰠜" */
    0x0, 0x0, 0x0, 0x0, 0x4e, 0xff, 0xff, 0xff,
    0xfe, 0x40, 0x0, 0x0, 0x0, 0x0, 0xef, 0xff,
    0xff, 0xff, 0xff, 0xe0, 0xf, 0xff, 0xff, 0xff,
    0xff, 0x0, 0x0, 0x0, 0xf, 0xf0, 0xf, 0xff,
    0xff, 0xff, 0xff, 0x0, 0x0, 0x0, 0xf, 0xf0,
    0xf, 0xff, 0xff, 0xff, 0xff, 0x0, 0x0, 0x0,
    0xf, 0xf0, 0xf, 0xff, 0xff, 0xff, 0xff, 0x0,
    0x0, 0x0, 0xf, 0xf0, 0xf, 0xff, 0xff, 0xff,
    0xff, 0x0, 0x0, 0x0, 0xf, 0xf0, 0xf, 0xff,
    0xff, 0xff, 0xff, 0x0, 0x0, 0x0, 0xf, 0xf0,
    0xf, 0xf0, 0xf, 0xff, 0xff, 0x0, 0x0, 0x0,
    0xf, 0xf0, 0xf, 0xf0, 0xf, 0xff, 0xff, 0x0,
    0x0, 0x0, 0xf, 0xf0, 0xf, 0xff, 0xff, 0xff,
    0xff, 0x0, 0x0, 0x0, 0xf, 0xf0, 0xf, 0xff,
    0xff, 0xff, 0xff, 0x0, 0x0, 0x0, 0xf, 0xf0,
    0xf, 0xff, 0xff, 0xff, 0xff, 0x0, 0x0, 0x0,
    0xf, 0xf0, 0xf, 0xff, 0xff, 0xff, 0xff, 0x0,
    0x0, 0x0, 0xf, 0xf0, 0xf, 0xff, 0xff, 0xff,
    0xff, 0x0, 0x0, 0x0, 0xf, 0xf0, 0xf, 0xff,
    0xff, 0xff, 0xff, 0x0, 0x0, 0x0, 0xf, 0xf0,
    0xff, 0xff, 0xff, 0xff, 0xff, 0xff, 0xff, 0xff,
    0xff, 0xff, 0xff, 0xff, 0xff, 0xff, 0xff, 0xff,
    0xff, 0xff, 0xff, 0xff,

    /* U+F081D "󰠝" */
    0x0, 0x0, 0x0, 0x0, 0x6d, 0xfe, 0xa2, 0x0,
    0x0, 0x0, 0x0, 0x0, 0x0, 0x0, 0x4f, 0xff,
    0xff, 0xe0, 0x0, 0x0, 0x0, 0x4b, 0x0, 0x0,
    0xc, 0xff, 0xff, 0xff, 0x30, 0x0, 0x0, 0xa,
    0xfc, 0x0, 0x0, 0xef, 0xff, 0xff, 0xe0, 0x0,
    0x0, 0x0, 0xb, 0xfc, 0x0, 0xe, 0xff, 0xff,
    0xe3, 0x0, 0x0, 0x0, 0x0, 0x1d, 0xfc, 0x0,
    0x9f, 0xff, 0xd0, 0x0, 0x0, 0x0, 0x0, 0x2e,
    0xff, 0xfc, 0x0, 0xaf, 0xf5, 0x0, 0x0, 0x0,
    0x0, 0xa, 0xff, 0xff, 0xfc, 0x0, 0xaf, 0x90,
    0x5a, 0xdd, 0xb4, 0x0, 0xdf, 0xff, 0xff, 0xfc,
    0x0, 0xaf, 0xff, 0xff, 0xff, 0xf6, 0xf, 0xff,
    0xff, 0xff, 0xfc, 0x0, 0xaf, 0xff, 0xff, 0xff,
    0xe0, 0xdf, 0xff, 0xff, 0xff, 0xfc, 0x0, 0xaf,
    0xff, 0xff, 0xff, 0x6, 0xff, 0xff, 0xff, 0xff,
    0xfc, 0x0, 0x5c, 0xff, 0xff, 0xe0, 0x4, 0xbe,
    0xdb, 0x50, 0x9f, 0xfc, 0x0, 0xd, 0xff, 0xfa,
    0x0, 0x0, 0x0, 0x0, 0x5, 0xff, 0xfc, 0x0,
    0x2e, 0xfe, 0x20, 0x0, 0x0, 0x0, 0x0, 0xdf,
    0xff, 0xfc, 0x0, 0x3, 0x0, 0x0, 0x0, 0x0,
    0x3, 0xdf, 0xff, 0xff, 0xfc, 0x0, 0x0, 0x0,
    0x0, 0x0, 0x0, 0xef, 0xff, 0xff, 0xeb, 0xfc,
    0x0, 0x0, 0x0, 0x0, 0x0, 0x3f, 0xff, 0xff,
    0xfb, 0xb, 0xfc, 0x0, 0x0, 0x0, 0x0, 0x0,
    0xef, 0xff, 0xff, 0x40, 0xb, 0xfb, 0x0, 0x0,
    0x0, 0x0, 0x2, 0xae, 0xfd, 0x60, 0x0, 0xa,
    0x40, 0x0,

    /* U+F0A60 "󰩠" */
    0x0, 0x4, 0xef, 0xff, 0xff, 0xff, 0xff, 0xfe,
    0x40, 0x0, 0x0, 0xe, 0xff, 0xff, 0xff, 0xff,
    0xff, 0xff, 0xd0, 0x0, 0x0, 0xf, 0xf0, 0xf,
    0xf0, 0x0, 0x1, 0xbf, 0xf0, 0x0, 0x0, 0xf,
    0xf0, 0xf, 0xf0, 0x0, 0x0, 0x1f, 0xf0, 0x0,
    0x0, 0xf, 0xf0, 0xf, 0xf0, 0xf, 0xf0, 0xf,
    0xf0, 0x0, 0x0, 0xf, 0xf0, 0xf, 0xf0, 0xf,
    0xf0, 0xf, 0xf0, 0x0, 0x0, 0xf, 0xf0, 0xf,
    0xf0, 0x0, 0x0, 0x1f, 0xf0, 0x0, 0x0, 0xf,
    0xf0, 0xf, 0xf0, 0x0, 0x1, 0xbf, 0xf0, 0x0,
    0x0, 0xf, 0xf0, 0xf, 0xf0, 0xf, 0xff, 0xff,
    0xf0, 0x0, 0x0, 0xf, 0xf0, 0xf, 0xf0, 0xf,
    0xff, 0xff, 0xf0, 0x0, 0x0, 0xf, 0xf0, 0xf,
    0xf0, 0xf, 0xff, 0xff, 0xf0, 0x0, 0x0, 0xf,
    0xf0, 0xf, 0xf0, 0xf, 0xff, 0xff, 0xf0, 0x0,
    0x0, 0xe, 0xff, 0xff, 0xff, 0xff, 0xff, 0xff,
    0xe0, 0x0, 0x0, 0x4, 0xef, 0xff, 0xff, 0xff,
    0xff, 0xfe, 0x40, 0x0, 0x0, 0x0, 0x0, 0x0,
    0xf, 0xf0, 0x0, 0x0, 0x0, 0x0, 0x0, 0x0,
    0x0, 0x0, 0xf, 0xf0, 0x0, 0x0, 0x0, 0x0,
    0x0, 0x0, 0x0, 0xc, 0xff, 0xff, 0xc0, 0x0,
    0x0, 0x0, 0xff, 0xff, 0xff, 0xff, 0xff, 0xff,
    0xff, 0xff, 0xff, 0xff, 0xff, 0xff, 0xff, 0xff,
    0xff, 0xff, 0xff, 0xff, 0xff, 0xff, 0x0, 0x0,
    0x0, 0xc, 0xff, 0xff, 0xc0, 0x0, 0x0, 0x0,
    0x0, 0x0, 0x0, 0x0, 0x0, 0x0, 0x0, 0x0,
    0x0, 0x0,

    /* U+F0BC2 "󰯂" */
    0x0, 0x0, 0x8e, 0xff, 0xff, 0xff, 0xff, 0xff,
    0xfe, 0x80, 0x0, 0x8, 0xff, 0xff, 0xff, 0xff,
    0xff, 0xff, 0xff, 0xf8, 0x0, 0xe, 0xff, 0xff,
    0xff, 0xff, 0xff, 0xff, 0x33, 0xfe, 0x0, 0xf,
    0xff, 0xff, 0xff, 0xff, 0xff, 0xff, 0x0, 0xff,
    0x0, 0xf, 0xff, 0x0, 0x0, 0x0, 0xf, 0xff,
    0x0, 0x0, 0x0, 0xf, 0xff, 0x0, 0x0, 0x0,
    0xf, 0xff, 0x0, 0x0, 0x0, 0xf, 0xff, 0xff,
    0xff, 0xff, 0xff, 0xff, 0x0, 0x0, 0x0, 0xf,
    0xff, 0xff, 0xff, 0xff, 0xff, 0xff, 0x0, 0x0,
    0x0, 0xf, 0xff, 0x0, 0x0, 0x0, 0xff, 0xff,
    0x0, 0x0, 0x0, 0xf, 0xff, 0x0, 0x0, 0x0,
    0xff, 0xff, 0x0, 0x0, 0x0, 0xf, 0xff, 0xff,
    0xff, 0xff, 0xff, 0xff, 0x0, 0x0, 0x0, 0xf,
    0xff, 0xff, 0xff, 0xff, 0xff, 0xff, 0x0, 0x0,
    0x0, 0xf, 0xff, 0xff, 0xff, 0xff, 0xff, 0xff,
    0x0, 0x0, 0x0, 0xf, 0xff, 0xff, 0xff, 0xff,
    0xff, 0xff, 0x0, 0x0, 0x0, 0x0, 0x0, 0x0,
    0x0, 0x0, 0x0, 0xff, 0x0, 0x0, 0x0, 0x0,
    0x0, 0x0, 0x0, 0x0, 0x0, 0xcf, 0x0, 0x0,
    0xff, 0xff, 0xff, 0xff, 0xff, 0xff, 0x70, 0x0,
    0x0, 0x0, 0xef, 0xff, 0xff, 0xff, 0xff, 0xff,
    0xf6, 0x10, 0x0, 0x0, 0x8f, 0xff, 0xff, 0xff,
    0xff, 0xff, 0xff, 0xf8, 0x0, 0x0, 0x8, 0xef,
    0xff, 0xff, 0xff, 0xff, 0xfe, 0x80, 0x0, 0x0,

    /* U+F0D43 "󰵃" */
    0x0, 0x4, 0xdf, 0xff, 0xff, 0xff, 0xff, 0xfd,
    0x40, 0x0, 0x0, 0xe, 0xff, 0xff, 0xff, 0xff,
    0xff, 0xff, 0xd0, 0x0, 0x0, 0xf, 0xf0, 0x0,
    0x0, 0x0, 0x0, 0xf, 0xf0, 0x0, 0x0, 0xf,
    0xf0, 0x0, 0x0, 0x0, 0x0, 0xf, 0xf0, 0x0,
    0xcf, 0xdf, 0xf0, 0x0, 0x0, 0x1, 0x8c, 0xff,
    0xfb, 0x60, 0xcf, 0xff, 0xf0, 0x0, 0x3, 0xaf,
    0xff, 0xff, 0xff, 0xfc, 0x0, 0x2f, 0xf0, 0xf,
    0xff, 0xff, 0xa4, 0x11, 0x26, 0xdc, 0x0, 0xf,
    0xf0, 0xf, 0xfd, 0x81, 0x0, 0x0, 0x0, 0x0,
    0xcf, 0xdf, 0xf0, 0x0, 0x0, 0x1, 0x8d, 0xff,
    0xeb, 0x60, 0xcf, 0xff, 0xf0, 0x0, 0x4, 0xaf,
    0xff, 0xff, 0xff, 0xfc, 0x0, 0x2f, 0xf0, 0xf,
    0xff, 0xff, 0xa4, 0x0, 0x26, 0xcc, 0x0, 0xf,
    0xf0, 0xf, 0xfd, 0x82, 0x0, 0x0, 0x0, 0x0,
    0xcf, 0xdf, 0xf0, 0x0, 0x0, 0x2, 0x8d, 0xff,
    0xda, 0x60, 0xcf, 0xff, 0xf0, 0x0, 0x14, 0xaf,
    0xff, 0xff, 0xff, 0xfc, 0x0, 0x2f, 0xf0, 0xf,
    0xff, 0xff, 0xa3, 0x0, 0x26, 0xcc, 0x0, 0xf,
    0xf0, 0xf, 0xfd, 0x81, 0x0, 0x0, 0x0, 0x0,
    0x0, 0xf, 0xf0, 0x0, 0x0, 0x0, 0x0, 0xf,
    0xd0, 0x0, 0x0, 0xf, 0xf0, 0x0, 0x0, 0x0,
    0x0, 0xf, 0xf0, 0x0, 0x0, 0xe, 0xff, 0xff,
    0xff, 0xff, 0xff, 0xff, 0xd0, 0x0, 0x0, 0x4,
    0xef, 0xff, 0xff, 0xff, 0xff, 0xfe, 0x40, 0x0,

    /* U+F0D91 "󰶑" */
    0x0, 0x0, 0x0, 0x3d, 0xd3, 0x0, 0x1, 0x20,
    0x12, 0x2, 0x20, 0x0, 0x0, 0x0, 0xbf, 0xfb,
    0x0, 0x4, 0xf1, 0x8e, 0xd, 0xf0, 0x0, 0x0,
    0x0, 0x9f, 0xfa, 0x0, 0x2, 0xf4, 0x3f, 0x42,
    0xb0, 0x0, 0x0, 0x0, 0x18, 0x80, 0x0, 0x0,
    0xca, 0xb, 0xe4, 0x0, 0x0, 0x27, 0xcf, 0xe3,
    0x0, 0x0, 0x0, 0x6f, 0x40, 0xbf, 0xf0, 0x7c,
    0xff, 0xff, 0xfc, 0x0, 0x0, 0x0, 0xb, 0xe4,
    0x3, 0x60, 0xff, 0xfc, 0xff, 0xff, 0x60, 0x0,
    0x0, 0x0, 0xbf, 0xa5, 0x20, 0xfd, 0x5, 0xff,
    0xff, 0xe1, 0x0, 0x0, 0x0, 0x6, 0xdf, 0xf0,
    0xfc, 0x9, 0xff, 0xfc, 0xfd, 0xcc, 0xc0, 0x0,
    0x0, 0x2, 0x40, 0xfc, 0xd, 0xff, 0xb2, 0xff,
    0xff, 0xf0, 0x0, 0x0, 0x0, 0x0, 0xfc, 0x1f,
    0xff, 0x70, 0x0, 0x0, 0x0, 0x0, 0x0, 0x0,
    0x0, 0x0, 0x5f, 0xff, 0x80, 0x0, 0x0, 0x0,
    0x0, 0x0, 0x0, 0x0, 0x0, 0x9f, 0xff, 0xf1,
    0x0, 0x0, 0x0, 0x0, 0x0, 0x0, 0x0, 0x0,
    0xdf, 0xff, 0xfa, 0x0, 0x0, 0x0, 0x0, 0x0,
    0x0, 0x0, 0x1, 0xff, 0x7d, 0xff, 0x20, 0x0,
    0x0, 0x0, 0x0, 0x0, 0x0, 0x5, 0xff, 0x12,
    0xff, 0xa0, 0x0, 0x0, 0x0, 0x0, 0x0, 0x0,
    0x9, 0xfb, 0x0, 0x6f, 0xc0, 0x0, 0x0, 0x0,
    0x0, 0x0, 0x0, 0xd, 0xf5, 0x0, 0xf, 0xc0,
    0x0, 0x0, 0x0, 0x0, 0x0, 0x0, 0x1f, 0xf0,
    0x0, 0xf, 0xc0, 0x0, 0x0, 0x0, 0x0, 0x0,
    0x0, 0x5f, 0xa0, 0x0, 0xf, 0xc0, 0x0, 0x0,
    0x0, 0x0, 0x0, 0x0, 0x9f, 0x50, 0x0, 0xf,
    0xc0, 0x0, 0x0, 0x0, 0x0, 0x0, 0x0, 0xde,
    0x0, 0x0, 0xf, 0xc0, 0x0, 0x0, 0x0, 0x0,
    0x0, 0x0,

    /* U+F0ECC "󰻌" */
    0x0, 0x0, 0x0, 0x0, 0x0, 0x0, 0x0, 0x0,
    0x0, 0x0, 0x0, 0x0, 0x5, 0xcc, 0x50, 0x0,
    0x0, 0x0, 0x0, 0x0, 0x7, 0xef, 0xff, 0xfe,
    0x70, 0x0, 0x0, 0x0, 0x18, 0xff, 0xff, 0xff,
    0xff, 0xff, 0x81, 0x0, 0x3a, 0xff, 0xff, 0xff,
    0xff, 0xff, 0xff, 0xff, 0xa3, 0xff, 0xff, 0xff,
    0xff, 0xff, 0xff, 0xff, 0xff, 0xff, 0xff, 0xff,
    0xff, 0xff, 0xff, 0xff, 0xff, 0xff, 0xff, 0xff,
    0xff, 0xff, 0xff, 0x0, 0xff, 0xff, 0xff, 0xff,
    0xff, 0xff, 0xff, 0xff, 0x0, 0xff, 0xff, 0xff,
    0xff, 0xff, 0xff, 0xff, 0xff, 0x0, 0xff, 0xff,
    0xff, 0xff, 0xff, 0xff, 0xff, 0xff, 0x0, 0xff,
    0xff, 0xff, 0xff, 0xff, 0xff, 0xff, 0xff, 0x0,
    0xff, 0xff, 0xff, 0xff, 0xef, 0xff, 0xff, 0xff,
    0x0, 0xff, 0xff, 0xff, 0xfe, 0xbf, 0xff, 0xff,
    0xff, 0xff, 0xff, 0xff, 0xff, 0xfb, 0x7f, 0xff,
    0xff, 0xff, 0xff, 0xff, 0xff, 0xff, 0xf7, 0x2f,
    0xff, 0xff, 0xff, 0x0, 0xff, 0xff, 0xff, 0xf2,
    0xa, 0xff, 0xff, 0xff, 0x0, 0xff, 0xff, 0xff,
    0xa0, 0x2, 0xff, 0xff, 0xff, 0xff, 0xff, 0xff,
    0xff, 0x20, 0x0, 0x7f, 0xff, 0xff, 0xff, 0xff,
    0xff, 0xf7, 0x0, 0x0, 0x9, 0xff, 0xff, 0xff,
    0xff, 0xff, 0x90, 0x0, 0x0, 0x0, 0xaf, 0xff,
    0xff, 0xff, 0xfa, 0x0, 0x0, 0x0, 0x0, 0x6,
    0xff, 0xff, 0xfe, 0x60, 0x0, 0x0, 0x0, 0x0,
    0x0, 0x17, 0xdd, 0x71, 0x0, 0x0, 0x0, 0x0,
    0x0, 0x0, 0x0, 0x0, 0x0, 0x0, 0x0, 0x0,

    /* U+F0FC6 "󰿆" */
    0x0, 0x0, 0x0, 0x0, 0x0, 0x0, 0x0, 0x0,
    0x0, 0x0, 0x0, 0x0, 0x0, 0x0, 0x0, 0x0,
    0x0, 0x4, 0xbf, 0xfb, 0x40, 0x0, 0x0, 0x0,
    0x0, 0x0, 0x0, 0x0, 0x8f, 0xff, 0xff, 0xf8,
    0x0, 0x0, 0x0, 0x0, 0x0, 0x0, 0x4, 0xff,
    0x71, 0x17, 0xff, 0x40, 0x0, 0x0, 0x0, 0x0,
    0x0, 0xc, 0xf7, 0x0, 0x0, 0x7f, 0xb0, 0x0,
    0x0, 0x0, 0x0, 0x0, 0xf, 0xf1, 0x0, 0x0,
    0x1f, 0xf0, 0x0, 0x0, 0x0, 0x0, 0x0, 0xf,
    0xf0, 0x0, 0x0, 0xf, 0xf0, 0x0, 0x0, 0x0,
    0x0, 0x0, 0xf, 0xf0, 0x0, 0x0, 0xf, 0xf0,
    0x4d, 0xff, 0xff, 0xff, 0xff, 0xff, 0xff, 0xd4,
    0x0, 0x0, 0x0, 0xef, 0xff, 0xff, 0xff, 0xff,
    0xff, 0xff, 0xfe, 0x0, 0x0, 0x0, 0xff, 0xff,
    0xff, 0xff, 0xff, 0xff, 0xff, 0xff, 0x0, 0x0,
    0x0, 0xff, 0xff, 0xff, 0xff, 0xff, 0xff, 0xff,
    0xff, 0x0, 0x0, 0x0, 0xff, 0xff, 0xff, 0xff,
    0xff, 0xff, 0xff, 0xff, 0x0, 0x0, 0x0, 0xff,
    0xff, 0xff, 0xb1, 0x1b, 0xff, 0xff, 0xff, 0x0,
    0x0, 0x0, 0xff, 0xff, 0xff, 0x10, 0x1, 0xff,
    0xff, 0xff, 0x0, 0x0, 0x0, 0xff, 0xff, 0xff,
    0x10, 0x1, 0xff, 0xff, 0xff, 0x0, 0x0, 0x0,
    0xff, 0xff, 0xff, 0xb1, 0x1b, 0xff, 0xff, 0xff,
    0x0, 0x0, 0x0, 0xff, 0xff, 0xff, 0xff, 0xff,
    0xff, 0xff, 0xff, 0x0, 0x0, 0x0, 0xff, 0xff,
    0xff, 0xff, 0xff, 0xff, 0xff, 0xff, 0x0, 0x0,
    0x0, 0xff, 0xff, 0xff, 0xff, 0xff, 0xff, 0xff,
    0xff, 0x0, 0x0, 0x0, 0xef, 0xff, 0xff, 0xff,
    0xff, 0xff, 0xff, 0xfe, 0x0, 0x0, 0x0, 0x4e,
    0xff, 0xff, 0xff, 0xff, 0xff, 0xff, 0xe4, 0x0,
    0x0, 0x0,

    /* U+F0FCE "󰿎" */
    0x0, 0x0, 0x0, 0x0, 0x0, 0x0, 0x0, 0x0,
    0x25, 0x8a, 0x0, 0x0, 0x0, 0x0, 0x0, 0x0,
    0x25, 0x0, 0xa, 0xff, 0xf1, 0x0, 0x0, 0x0,
    0x26, 0x10, 0x8, 0xfb, 0x0, 0xd, 0xff, 0x40,
    0x16, 0x20, 0x7, 0xfc, 0x0, 0xc, 0xf7, 0x0,
    0x2f, 0xf7, 0x1e, 0xfe, 0x10, 0xa, 0xf9, 0x0,
    0x1e, 0xf4, 0x0, 0x45, 0x16, 0xff, 0xfb, 0x0,
    0xd, 0xf5, 0x0, 0x24, 0x10, 0x0, 0x0, 0x4f,
    0xff, 0xf7, 0x0, 0x25, 0x10, 0x0, 0x0, 0x0,
    0x0, 0x1, 0xeb, 0x85, 0x20, 0x0, 0x0, 0x0,
    0x0, 0x0, 0x0, 0x0, 0xf, 0xff, 0xff, 0xff,
    0xff, 0xff, 0xff, 0xff, 0xff, 0xff, 0xf0, 0xff,
    0xff, 0xff, 0xff, 0xff, 0xff, 0xff, 0xff, 0xff,
    0xff, 0xf, 0xff, 0xff, 0xff, 0xff, 0xff, 0xff,
    0xff, 0xff, 0xff, 0xf0, 0xff, 0xff, 0xff, 0xff,
    0xff, 0xff, 0xff, 0xff, 0xff, 0xff, 0xf, 0xff,
    0xff, 0xff, 0xff, 0xff, 0xff, 0xff, 0xff, 0xff,
    0xf0, 0xff, 0xff, 0xff, 0xff, 0xff, 0xff, 0xff,
    0xff, 0xff, 0xff, 0xf, 0xff, 0xff, 0xff, 0xff,
    0xff, 0xff, 0xff, 0xff, 0xff, 0xf0, 0xff, 0xff,
    0xff, 0xff, 0xff, 0xff, 0xff, 0xff, 0xff, 0xff,
    0xf, 0xff, 0xff, 0xff, 0xff, 0xff, 0xff, 0xff,
    0xff, 0xff, 0xf0, 0xff, 0xff, 0xff, 0xff, 0xff,
    0xff, 0xff, 0xff, 0xff, 0xff, 0xe, 0xff, 0xff,
    0xff, 0xff, 0xff, 0xff, 0xff, 0xff, 0xff, 0xd0,
    0x4e, 0xff, 0xff, 0xff, 0xff, 0xff, 0xff, 0xff,
    0xff, 0xe4,

    /* U+F1020 "󱀠" */
    0x0, 0x0, 0x0, 0x0, 0x0, 0x2f, 0xf2, 0x0,
    0x0, 0x0, 0x0, 0x0, 0x0, 0x0, 0x0, 0x8f,
    0xf7, 0x0, 0x0, 0x0, 0x0, 0x0, 0x0, 0x0,
    0x0, 0xdf, 0xfc, 0x0, 0x0, 0x0, 0x0, 0x0,
    0x0, 0x0, 0x3b, 0xff, 0xff, 0xb3, 0x0, 0x0,
    0x0, 0x0, 0x0, 0x3b, 0xff, 0xff, 0xff, 0xff,
    0xb3, 0x0, 0xff, 0x0, 0x3b, 0xff, 0xff, 0xff,
    0xff, 0xff, 0xff, 0xb3, 0xff, 0x0, 0x0, 0xef,
    0x10, 0x0, 0x0, 0x1, 0xfe, 0x0, 0xff, 0x0,
    0x0, 0xbf, 0x40, 0x0, 0x0, 0x4, 0xfb, 0x0,
    0xff, 0x0, 0x0, 0x8f, 0x70, 0x0, 0x0, 0x8,
    0xf8, 0x0, 0xff, 0xff, 0xff, 0xff, 0xb0, 0x0,
    0x0, 0xb, 0xf4, 0x0, 0xff, 0xff, 0xff, 0xff,
    0xe0, 0x0, 0x0, 0xe, 0xf1, 0x0, 0xff, 0x0,
    0x0, 0xe, 0xf1, 0x0, 0x0, 0x1f, 0xe0, 0x0,
    0xff, 0x0, 0x0, 0xb, 0xf5, 0x0, 0x0, 0x5f,
    0xb0, 0x0, 0xff, 0x0, 0x0, 0x8, 0xf8, 0x0,
    0x0, 0x8f, 0x80, 0x0, 0xff, 0x0, 0x0, 0x4,
    0xfb, 0x0, 0x0, 0xbf, 0x40, 0x0, 0x0, 0x0,
    0x0, 0x1, 0xff, 0xff, 0xff, 0xff, 0x10, 0x0,
    0x0, 0x0, 0x0, 0x0, 0x8f, 0xff, 0xff, 0xf8,
    0x0, 0x0, 0x0, 0x0, 0x0, 0x0, 0x8, 0xff,
    0xff, 0x80, 0x0, 0x0, 0x0, 0x0, 0x0, 0x0,
    0x0, 0xcf, 0xfb, 0x0, 0x0, 0x0, 0x0, 0x0,
    0x0, 0x0, 0x0, 0x4f, 0xf3, 0x0, 0x0, 0x0,

    /* U+F1051 "󱁑" */
    0x2d, 0x95, 0x10, 0x0, 0x0, 0x0, 0x0, 0x0,
    0x0, 0x0, 0x6f, 0xca, 0xed, 0x95, 0x10, 0x0,
    0x0, 0x0, 0x0, 0x0, 0xaf, 0x60, 0x9f, 0xba,
    0xfd, 0x95, 0x10, 0x0, 0x0, 0x0, 0xdf, 0x94,
    0xdf, 0x30, 0xbf, 0x9b, 0xfd, 0x95, 0x10, 0x0,
    0x4, 0x8c, 0xff, 0x84, 0xff, 0x10, 0xef, 0x8a,
    0xfd, 0x20, 0x0, 0x0, 0x4, 0x8c, 0xff, 0x75,
    0xfe, 0x0, 0xff, 0x0, 0x0, 0x0, 0x0, 0x0,
    0x4, 0x8c, 0xfe, 0x77, 0xfc, 0x0, 0x0, 0x0,
    0x0, 0x3, 0x9a, 0x62, 0x4, 0x8c, 0xf8, 0x0,
    0x0, 0x0, 0x6, 0xcf, 0xff, 0xff, 0xea, 0x62,
    0x1, 0x0, 0x0, 0x10, 0x26, 0xae, 0xff, 0xff,
    0xfc, 0x60, 0x0, 0x0, 0x0, 0x8f, 0xc8, 0x40,
    0x26, 0xa9, 0x30, 0x0, 0x0, 0x0, 0x0, 0xcf,
    0x77, 0xef, 0xc8, 0x40, 0x0, 0x0, 0x0, 0x0,
    0x0, 0xff, 0x0, 0xef, 0x58, 0xff, 0xc8, 0x40,
    0x0, 0x0, 0x2, 0xdf, 0xa8, 0xfe, 0x1, 0xff,
    0x48, 0xff, 0xc8, 0x40, 0x0, 0x1, 0x59, 0xdf,
    0xa9, 0xfb, 0x3, 0xfd, 0x49, 0xfd, 0x0, 0x0,
    0x0, 0x1, 0x59, 0xdf, 0xab, 0xf9, 0x6, 0xfa,
    0x0, 0x0, 0x0, 0x0, 0x0, 0x1, 0x59, 0xde,
    0xac, 0xf6, 0x0, 0x0, 0x0, 0x0, 0x0, 0x0,
    0x0, 0x1, 0x59, 0xd2,

    /* U+F10C2 "󱃂" */
    0x0, 0x0, 0x8e, 0xe8, 0x0, 0x0, 0x0, 0x8,
    0xff, 0xff, 0x80, 0x0, 0x0, 0xe, 0xf3, 0x3f,
    0xe0, 0x0, 0x0, 0xf, 0xff, 0xff, 0xf0, 0x0,
    0x0, 0xf, 0xff, 0xff, 0xf0, 0x0, 0x0, 0xf,
    0xff, 0xff, 0xf0, 0x0, 0x0, 0xf, 0xff, 0xff,
    0xf0, 0x0, 0x0, 0xf, 0xff, 0xff, 0xf0, 0x0,
    0x0, 0xf, 0xff, 0xff, 0xf0, 0x0, 0x0, 0xf,
    0xff, 0xff, 0xf0, 0x0, 0x0, 0xf, 0xff, 0xff,
    0xf0, 0x0, 0x0, 0x8f, 0xff, 0xff, 0xf8, 0x0,
    0x4, 0xff, 0xff, 0xff, 0xff, 0x40, 0xb, 0xff,
    0xff, 0xff, 0xff, 0xb0, 0xe, 0xff, 0xff, 0xff,
    0xff, 0xe0, 0xe, 0xff, 0xff, 0xff, 0xff, 0xe0,
    0xb, 0xff, 0xff, 0xff, 0xff, 0xb0, 0x4, 0xff,
    0xff, 0xff, 0xff, 0x40, 0x0, 0x7f, 0xff, 0xff,
    0xf7, 0x0, 0x0, 0x4, 0xbe, 0xeb, 0x40, 0x0,

    /* U+F10C3 "󱃃" */
    0x0, 0x0, 0x8e, 0xe8, 0x0, 0x0, 0x0, 0x8,
    0xff, 0xff, 0x80, 0x0, 0x0, 0xe, 0xf3, 0x3f,
    0xe0, 0x0, 0x0, 0xf, 0xf0, 0xf, 0xf0, 0x0,
    0x0, 0xf, 0xf0, 0xf, 0xf0, 0x0, 0x0, 0xf,
    0xf0, 0xf, 0xf0, 0x0, 0x0, 0xf, 0xf0, 0xf,
    0xf0, 0x0, 0x0, 0xf, 0xf0, 0xf, 0xf0, 0x0,
    0x0, 0xf, 0xf0, 0xf, 0xf0, 0x0, 0x0, 0xf,
    0xf0, 0xf, 0xf0, 0x0, 0x0, 0xf, 0xff, 0xff,
    0xf0, 0x0, 0x0, 0x8f, 0xff, 0xff, 0xf8, 0x0,
    0x4, 0xff, 0xff, 0xff, 0xff, 0x40, 0xb, 0xff,
    0xff, 0xff, 0xff, 0xb0, 0xe, 0xff, 0xff, 0xff,
    0xff, 0xe0, 0xe, 0xff, 0xff, 0xff, 0xff, 0xe0,
    0xb, 0xff, 0xff, 0xff, 0xff, 0xb0, 0x4, 0xff,
    0xff, 0xff, 0xff, 0x40, 0x0, 0x7f, 0xff, 0xff,
    0xf7, 0x0, 0x0, 0x4, 0xbe, 0xeb, 0x40, 0x0,

    /* U+F1253 "󱉓" */
    0x0, 0x0, 0x0, 0x0, 0x4b, 0xee, 0xb4, 0x0,
    0x0, 0x0, 0x0, 0x0, 0x0, 0x0, 0x7, 0xff,
    0xff, 0xff, 0x70, 0x0, 0x0, 0x0, 0x0, 0x2a,
    0x70, 0x4f, 0xff, 0xff, 0xff, 0xf4, 0x7, 0xa2,
    0x0, 0x2, 0xef, 0x20, 0xbf, 0xff, 0xff, 0xff,
    0xfb, 0x2, 0xfe, 0x20, 0xa, 0xff, 0x0, 0xef,
    0xff, 0xff, 0xff, 0xfe, 0x0, 0xff, 0xa0, 0xe,
    0xff, 0x0, 0xef, 0xff, 0xff, 0xff, 0xfe, 0x1,
    0xff, 0xe0, 0xe, 0xff, 0x30, 0xbf, 0xff, 0xff,
    0xff, 0xfb, 0x3, 0xff, 0xe0, 0xa, 0xff, 0x70,
    0x4f, 0xff, 0xff, 0xff, 0xf4, 0x7, 0xff, 0xa0,
    0x2, 0xef, 0xe0, 0x8, 0xff, 0xff, 0xff, 0x80,
    0xe, 0xfe, 0x20, 0x0, 0x2f, 0xfa, 0x0, 0xff,
    0xff, 0xff, 0x0, 0xaf, 0xf2, 0x0, 0x0, 0xf,
    0xff, 0x0, 0xff, 0xff, 0xff, 0x0, 0xff, 0xf0,
    0x0, 0x0, 0xc, 0xff, 0x0, 0xcf, 0xff, 0xfc,
    0x0, 0xff, 0xc0, 0x0, 0x0, 0x0, 0x0, 0x0,
    0x0, 0x0, 0x0, 0x0, 0x0, 0x0, 0x0, 0x0,
    0x0, 0xff, 0x0, 0xf, 0xff, 0xf0, 0x0, 0xff,
    0x0, 0x0, 0x0, 0x0, 0xcf, 0x10, 0xc, 0xff,
    0xc0, 0x1, 0xfc, 0x0, 0x0, 0x0, 0x0, 0x0,
    0x0, 0x0, 0x0, 0x0, 0x0, 0x0, 0x0, 0x0,

    /* U+F1254 "󱉔" */
    0x0, 0x0, 0x0, 0x0, 0x0, 0x0, 0x0, 0x0,
    0x0, 0x0, 0x0, 0x0, 0x0, 0x0, 0x0, 0x4b,
    0xff, 0xb4, 0x0, 0x0, 0x0, 0x0, 0x0, 0x0,
    0x0, 0x7, 0xff, 0xff, 0xff, 0x80, 0x0, 0x0,
    0x0, 0x0, 0x2a, 0x70, 0x4f, 0xf7, 0x11, 0x7f,
    0xf4, 0x7, 0xa2, 0x0, 0x2, 0xef, 0x20, 0xcf,
    0x70, 0x0, 0x7, 0xfc, 0x2, 0xfe, 0x20, 0xa,
    0xff, 0x0, 0xff, 0x10, 0x0, 0x1, 0xff, 0x0,
    0xff, 0xa0, 0xe, 0xff, 0x0, 0xff, 0x10, 0x0,
    0x1, 0xff, 0x1, 0xff, 0xe0, 0xe, 0xff, 0x30,
    0xbf, 0x70, 0x0, 0x7, 0xfb, 0x3, 0xff, 0xe0,
    0xa, 0xff, 0x70, 0x4f, 0xf7, 0x0, 0x7f, 0xf4,
    0x7, 0xff, 0xa0, 0x2, 0xef, 0xe0, 0x7, 0xff,
    0x0, 0xff, 0x80, 0xe, 0xfe, 0x20, 0x0, 0x2f,
    0xfa, 0x0, 0xff, 0x0, 0xff, 0x0, 0xaf, 0xf2,
    0x0, 0x0, 0xf, 0xff, 0x0, 0xff, 0xff, 0xff,
    0x0, 0xff, 0xf0, 0x0, 0x0, 0xc, 0xff, 0x0,
    0xcf, 0xff, 0xfc, 0x0, 0xff, 0xc0, 0x0, 0x0,
    0x0, 0x0, 0x0, 0x0, 0x0, 0x0, 0x0, 0x0,
    0x0, 0x0, 0x0, 0x0, 0xff, 0x0, 0xf, 0xff,
    0xf0, 0x0, 0xff, 0x0, 0x0, 0x0, 0x0, 0xcf,
    0x10, 0xc, 0xff, 0xc0, 0x1, 0xfc, 0x0, 0x0,
    0x0, 0x0, 0x0, 0x0, 0x0, 0x0, 0x0, 0x0,
    0x0, 0x0, 0x0,

    /* U+F12A8 "󱊨" */
    0x4d, 0xff, 0xff, 0xff, 0xff, 0xff, 0xff, 0xff,
    0xff, 0xd4, 0xef, 0xff, 0xff, 0xff, 0xff, 0xff,
    0xff, 0xff, 0xff, 0xfd, 0xff, 0x0, 0x0, 0x0,
    0x0, 0x0, 0x0, 0x0, 0x0, 0xff, 0xff, 0x0,
    0x0, 0x0, 0x2a, 0xee, 0xa2, 0x0, 0x0, 0xff,
    0xff, 0x0, 0x0, 0x2, 0xe7, 0x11, 0x7e, 0x20,
    0x0, 0xff, 0xff, 0x0, 0x0, 0xb, 0x70, 0x0,
    0x7, 0xb0, 0x0, 0xff, 0xff, 0x0, 0x0, 0xf,
    0x10, 0xcc, 0x1, 0xf0, 0x0, 0xff, 0xff, 0x0,
    0x0, 0xf, 0x0, 0xff, 0x1, 0xf0, 0x0, 0xff,
    0xff, 0x0, 0x0, 0xb, 0x60, 0xff, 0x7, 0xb0,
    0x0, 0xff, 0xff, 0x0, 0x0, 0x2, 0xe0, 0xff,
    0xe, 0x20, 0x0, 0xff, 0xef, 0xff, 0xff, 0x0,
    0x20, 0xff, 0x2, 0x0, 0xff, 0xfe, 0x4e, 0xff,
    0xff, 0x0, 0x0, 0xff, 0x73, 0x0, 0xff, 0xe4,
    0x0, 0x0, 0x0, 0x0, 0x0, 0xff, 0xff, 0xa2,
    0x0, 0x0, 0x0, 0x0, 0x0, 0x0, 0x0, 0xff,
    0xff, 0xff, 0x91, 0x0, 0x0, 0x0, 0x0, 0x3a,
    0x20, 0xff, 0xff, 0xff, 0xfc, 0x0, 0x0, 0x0,
    0x0, 0xbf, 0xf6, 0xff, 0xff, 0xff, 0xff, 0x0,
    0x0, 0x0, 0x0, 0x1d, 0xff, 0xff, 0xff, 0xff,
    0xff, 0x0, 0x0, 0x0, 0x0, 0x1, 0xdf, 0xff,
    0xff, 0xff, 0xff, 0x0, 0x0, 0x0, 0x0, 0x0,
    0x2e, 0xff, 0xff, 0xff, 0xff, 0x0, 0x0, 0x0,
    0x0, 0x0, 0x2, 0xdf, 0xff, 0xff, 0xf8, 0x0,

    /* U+F140B "󱐋" */
    0x0, 0x0, 0x0, 0x0, 0x0, 0x0, 0x0, 0x0,
    0x0, 0x40, 0x0, 0x0, 0x0, 0x0, 0x0, 0xc0,
    0x0, 0x0, 0x0, 0x0, 0x4, 0xf0, 0x0, 0x0,
    0x0, 0x0, 0xc, 0xf0, 0x0, 0x0, 0x0, 0x0,
    0x4f, 0xf0, 0x0, 0x0, 0x0, 0x0, 0xcf, 0xf0,
    0x0, 0x0, 0x0, 0x4, 0xff, 0xf0, 0x0, 0x0,
    0x0, 0xc, 0xff, 0xf0, 0x0, 0x0, 0x0, 0x4f,
    0xff, 0xff, 0xff, 0xfb, 0x0, 0xcf, 0xff, 0xff,
    0xff, 0xf4, 0x4, 0xff, 0xff, 0xff, 0xff, 0xc0,
    0xc, 0xff, 0xff, 0xff, 0xff, 0x40, 0x4f, 0xff,
    0xff, 0xff, 0xfc, 0x0, 0xcf, 0xff, 0xff, 0xff,
    0xf4, 0x0, 0x0, 0x0, 0xf, 0xff, 0xc0, 0x0,
    0x0, 0x0, 0xf, 0xff, 0x40, 0x0, 0x0, 0x0,
    0xf, 0xfc, 0x0, 0x0, 0x0, 0x0, 0xf, 0xf4,
    0x0, 0x0, 0x0, 0x0, 0xf, 0xc0, 0x0, 0x0,
    0x0, 0x0, 0xf, 0x40, 0x0, 0x0, 0x0, 0x0,
    0xc, 0x0, 0x0, 0x0, 0x0, 0x0, 0x4, 0x0,
    0x0, 0x0, 0x0, 0x0, 0x0, 0x0, 0x0, 0x0,

    /* U+F1435 "󱐵" */
    0x0, 0x0, 0x0, 0x3, 0xdd, 0x30, 0x0, 0x12,
    0x1, 0x20, 0x22, 0x0, 0x30, 0x0, 0x0, 0xbf,
    0xfb, 0x0, 0x4, 0xf1, 0x8e, 0xd, 0xf0, 0x8f,
    0x50, 0x0, 0x9, 0xff, 0xa0, 0x0, 0x2f, 0x43,
    0xf4, 0x2b, 0x3, 0xff, 0x50, 0x0, 0x18, 0x80,
    0x0, 0x0, 0xca, 0xb, 0xe4, 0x0, 0x3, 0xff,
    0x50, 0x3d, 0x30, 0x0, 0x0, 0x6, 0xf4, 0xb,
    0xff, 0x0, 0x7e, 0xff, 0x50, 0x3c, 0x0, 0x0,
    0x0, 0xb, 0xe3, 0x3, 0x60, 0xf, 0xff, 0xff,
    0x40, 0x45, 0x0, 0x0, 0x0, 0xb, 0xf9, 0x31,
    0x0, 0xfd, 0x18, 0xff, 0x40, 0x30, 0x0, 0x0,
    0x0, 0x6, 0xdf, 0xf0, 0xf, 0xc0, 0x9f, 0xff,
    0x40, 0x2c, 0xcc, 0x0, 0x0, 0x0, 0x24, 0x0,
    0xfc, 0xd, 0xff, 0xff, 0x40, 0x4f, 0xf0, 0x0,
    0x0, 0x0, 0x0, 0xf, 0xc1, 0xff, 0xfb, 0xff,
    0x40, 0x0, 0x0, 0x0, 0x0, 0x0, 0x0, 0x0,
    0x5f, 0xff, 0x86, 0xff, 0x40, 0x0, 0x0, 0x0,
    0x0, 0x0, 0x0, 0x9, 0xff, 0xff, 0x16, 0xff,
    0x40, 0x0, 0x0, 0x0, 0x0, 0x0, 0x0, 0xdf,
    0xff, 0xfa, 0x6, 0xff, 0x40, 0x0, 0x0, 0x0,
    0x0, 0x0, 0x1f, 0xf7, 0xdf, 0xf2, 0x6, 0xff,
    0x40, 0x0, 0x0, 0x0, 0x0, 0x5, 0xff, 0x12,
    0xff, 0xa0, 0x6, 0xff, 0x30, 0x0, 0x0, 0x0,
    0x0, 0x9f, 0xb0, 0x6, 0xfc, 0x0, 0x6, 0xff,
    0x30, 0x0, 0x0, 0x0, 0xd, 0xf5, 0x0, 0xf,
    0xc0, 0x0, 0x6, 0xff, 0x30, 0x0, 0x0, 0x1,
    0xff, 0x0, 0x0, 0xfc, 0x0, 0x0, 0x6, 0xff,
    0x30, 0x0, 0x0, 0x5f, 0xa0, 0x0, 0xf, 0xc0,
    0x0, 0x0, 0x6, 0xff, 0x30, 0x0, 0x9, 0xf5,
    0x0, 0x0, 0xfc, 0x0, 0x0, 0x0, 0x6, 0xff,
    0x30, 0x0, 0xde, 0x0, 0x0, 0xf, 0xc0, 0x0,
    0x0, 0x0, 0x6, 0xfd, 0x0, 0x0, 0x0, 0x0,
    0x0, 0x0, 0x0, 0x0, 0x0, 0x0, 0x5, 0x20,
    0x0,

    /* U+F1502 "󱔂" */
    0x0, 0x0, 0x0, 0x43, 0x0, 0x0, 0x0, 0x0,
    0x0, 0x0, 0x0, 0x1, 0xee, 0x10, 0x0, 0x0,
    0x0, 0x0, 0x0, 0x0, 0xc, 0xff, 0xc0, 0x0,
    0x0, 0x0, 0x0, 0x0, 0x0, 0x8f, 0xff, 0xf8,
    0x0, 0x0, 0x0, 0x0, 0x0, 0x4, 0xff, 0xff,
    0xff, 0x30, 0x0, 0xf, 0xf0, 0x0, 0xd, 0xff,
    0xff, 0xff, 0xd0, 0x0, 0xf, 0xf0, 0x0, 0x7f,
    0xff, 0xff, 0xff, 0xf7, 0x0, 0xf, 0xf0, 0x0,
    0xef, 0xff, 0xff, 0xff, 0xfe, 0x0, 0xf, 0xf0,
    0x6, 0xff, 0xff, 0xff, 0xff, 0xff, 0x60, 0xf,
    0xf0, 0xc, 0xff, 0xff, 0xff, 0xff, 0xff, 0xb0,
    0xf, 0xf0, 0xf, 0xff, 0xff, 0xff, 0xff, 0xff,
    0xe0, 0x0, 0x0, 0xf, 0xff, 0xff, 0xff, 0xff,
    0xff, 0xe0, 0x0, 0x0, 0xc, 0xff, 0xff, 0xff,
    0xff, 0xff, 0xc0, 0xf, 0xf0, 0x6, 0xff, 0xff,
    0xff, 0xff, 0xff, 0x60, 0xf, 0xf0, 0x0, 0xcf,
    0xff, 0xff, 0xff, 0xfc, 0x0, 0x0, 0x0, 0x0,
    0x1c, 0xff, 0xff, 0xff, 0xc1, 0x0, 0x0, 0x0,
    0x0, 0x0, 0x6c, 0xff, 0xc6, 0x0, 0x0, 0x0,
    0x0, 0x0, 0x0, 0x0, 0x0, 0x0, 0x0, 0x0,
    0x0, 0x0,

    /* U+F179B "󱞛" */
    0x0, 0x0, 0x0, 0x0, 0x0, 0x0, 0x0, 0x0,
    0x0, 0x0, 0x0, 0x0, 0x16, 0x9d, 0xef, 0xfe,
    0xd9, 0x61, 0x0, 0x0, 0x0, 0x2a, 0xff, 0xff,
    0xff, 0xff, 0xff, 0xff, 0xa2, 0x0, 0x5, 0xff,
    0xfd, 0x73, 0x10, 0x1, 0x37, 0xdf, 0xff, 0x50,
    0x4f, 0xfa, 0xed, 0x20, 0x0, 0x0, 0x2, 0xde,
    0xaf, 0xf4, 0xcf, 0x70, 0x3e, 0xfc, 0x97, 0x79,
    0xcf, 0xe3, 0x8, 0xfc, 0xff, 0x0, 0x1, 0x6b,
    0xef, 0xfe, 0xb6, 0x0, 0x0, 0xff, 0xcf, 0x70,
    0x0, 0x0, 0x0, 0x0, 0x0, 0x0, 0x7, 0xfc,
    0x4f, 0xf9, 0x10, 0x0, 0x0, 0x0, 0x0, 0x1,
    0x9f, 0xf4, 0x5, 0xff, 0xfa, 0x63, 0x10, 0x1,
    0x36, 0xaf, 0xff, 0x50, 0x0, 0x29, 0xff, 0xff,
    0xff, 0xff, 0xff, 0xff, 0x92, 0x0, 0x0, 0x0,
    0x15, 0x9c, 0xef, 0xfe, 0xc9, 0x51, 0x0, 0x0,

    /* U+F17C7 "󱟇" */
    0x0, 0x0, 0x0, 0x0, 0x0, 0x0, 0x0, 0x0,
    0x0, 0x0, 0x0, 0x0, 0x0, 0xff, 0x0, 0x0,
    0x0, 0x0, 0x0, 0x0, 0x0, 0x0, 0xff, 0x0,
    0x0, 0x0, 0x0, 0x0, 0x0, 0x0, 0x0, 0xff,
    0x0, 0x0, 0x0, 0x0, 0x0, 0x0, 0x0, 0x0,
    0xff, 0x0, 0x0, 0x0, 0x0, 0x0, 0x0, 0x0,
    0x0, 0xff, 0x0, 0x0, 0x0, 0x0, 0x0, 0x0,
    0x3f, 0xff, 0xff, 0xff, 0xf3, 0x0, 0x0, 0x0,
    0x0, 0xbf, 0xff, 0xff, 0xff, 0xfb, 0x0, 0x0,
    0x0, 0x3, 0xfe, 0x10, 0x0, 0x1, 0xef, 0x30,
    0x0, 0x0, 0xb, 0xf7, 0x0, 0x0, 0x0, 0x7f,
    0xb0, 0x0, 0x0, 0x3f, 0xe0, 0x0, 0x0, 0x0,
    0xe, 0xf3, 0x0, 0x0, 0xbf, 0x70, 0x0, 0x0,
    0x0, 0x7, 0xfb, 0x0, 0x4, 0xff, 0xff, 0xff,
    0xff, 0xff, 0xff, 0xff, 0x40, 0xc, 0xff, 0xff,
    0xff, 0xff, 0xff, 0xff, 0xff, 0xc0, 0x0, 0x0,
    0x0, 0x0, 0x0, 0x0, 0x0, 0x0, 0x0, 0x0,
    0x0, 0x0, 0xe, 0xff, 0xe0, 0x0, 0x0, 0x0,
    0x0, 0x0, 0x0, 0x5, 0xee, 0x40, 0x0, 0x0,
    0x0, 0x0, 0x0, 0x0, 0x0, 0x0, 0x0, 0x0,
    0x0, 0x0,

    /* U+F18D6 "󱣖" */
    0x0, 0x0, 0x0, 0x0, 0x55, 0x0, 0x0, 0x0,
    0x0, 0x0, 0x0, 0x0, 0x0, 0x0, 0x2f, 0xe1,
    0x0, 0x0, 0x0, 0x0, 0x0, 0x0, 0x0, 0x0,
    0xc, 0xff, 0xc0, 0x0, 0x0, 0x0, 0x0, 0x0,
    0x0, 0x0, 0x1, 0x30, 0x13, 0x10, 0x0, 0x4,
    0xdd, 0x40, 0x1, 0x23, 0x10, 0x0, 0x0, 0x0,
    0x0, 0x0, 0xe3, 0x3e, 0x7, 0xff, 0xb0, 0x4,
    0xcf, 0xfc, 0x40, 0x0, 0xf, 0x0, 0xf0, 0xe,
    0xd0, 0x8, 0xff, 0xff, 0xff, 0x80, 0x0, 0xff,
    0xff, 0x0, 0x87, 0x4, 0xff, 0xff, 0xff, 0xff,
    0x40, 0xf, 0xff, 0xf0, 0x1, 0x20, 0xbf, 0xff,
    0xff, 0xff, 0xfb, 0x0, 0xff, 0xff, 0x0, 0x0,
    0xe, 0xff, 0xff, 0xff, 0xff, 0xe0, 0xf, 0xff,
    0xf0, 0x0, 0x0, 0xef, 0xff, 0xff, 0xff, 0xfe,
    0x0, 0xff, 0xff, 0x0, 0x2, 0xb, 0xff, 0xff,
    0xff, 0xff, 0xb0, 0xf, 0xff, 0xf0, 0x6, 0x80,
    0x4f, 0xff, 0xff, 0xff, 0xf4, 0x9, 0xff, 0xff,
    0x80, 0xde, 0x10, 0x8f, 0xff, 0xff, 0xf8, 0x0,
    0xff, 0xff, 0xfe, 0x5f, 0xfb, 0x0, 0x5c, 0xff,
    0xc5, 0x0, 0xe, 0xff, 0xff, 0xe0, 0x13, 0x41,
    0x0, 0x0, 0x0, 0x0, 0x0, 0x8f, 0xff, 0xf8,
    0x0, 0x0, 0x0, 0x13, 0x1, 0x31, 0x0, 0x0,
    0x8e, 0xe8, 0x0, 0x0, 0x0, 0x0, 0xcf, 0xfc,
    0x0, 0x0, 0x0, 0x0, 0x0, 0x0, 0x0, 0x0,
    0x2, 0xfe, 0x10, 0x0, 0x0, 0x0, 0x0, 0x0,
    0x0, 0x0, 0x0, 0x5, 0x50, 0x0, 0x0, 0x0,
    0x0, 0x0
};


/*---------------------
 *  GLYPH DESCRIPTION
 *--------------------*/

static const lv_font_fmt_txt_glyph_dsc_t glyph_dsc[] = {
    {.bitmap_index = 0, .adv_w = 0, .box_w = 0, .box_h = 0, .ofs_x = 0, .ofs_y = 0} /* id = 0 reserved */,
    {.bitmap_index = 0, .adv_w = 384, .box_w = 18, .box_h = 18, .ofs_x = 3, .ofs_y = 0},
    {.bitmap_index = 162, .adv_w = 384, .box_w = 19, .box_h = 21, .ofs_x = 2, .ofs_y = -3},
    {.bitmap_index = 362, .adv_w = 384, .box_w = 24, .box_h = 19, .ofs_x = 0, .ofs_y = 0},
    {.bitmap_index = 590, .adv_w = 384, .box_w = 20, .box_h = 20, .ofs_x = 2, .ofs_y = -1},
    {.bitmap_index = 790, .adv_w = 384, .box_w = 12, .box_h = 20, .ofs_x = 6, .ofs_y = -1},
    {.bitmap_index = 910, .adv_w = 384, .box_w = 12, .box_h = 20, .ofs_x = 6, .ofs_y = -1},
    {.bitmap_index = 1030, .adv_w = 384, .box_w = 12, .box_h = 20, .ofs_x = 6, .ofs_y = -1},
    {.bitmap_index = 1150, .adv_w = 384, .box_w = 12, .box_h = 20, .ofs_x = 6, .ofs_y = -1},
    {.bitmap_index = 1270, .adv_w = 384, .box_w = 12, .box_h = 20, .ofs_x = 6, .ofs_y = -1},
    {.bitmap_index = 1390, .adv_w = 384, .box_w = 12, .box_h = 20, .ofs_x = 6, .ofs_y = -1},
    {.bitmap_index = 1510, .adv_w = 384, .box_w = 12, .box_h = 20, .ofs_x = 6, .ofs_y = -1},
    {.bitmap_index = 1630, .adv_w = 384, .box_w = 12, .box_h = 20, .ofs_x = 6, .ofs_y = -1},
    {.bitmap_index = 1750, .adv_w = 384, .box_w = 12, .box_h = 20, .ofs_x = 6, .ofs_y = -1},
    {.bitmap_index = 1870, .adv_w = 384, .box_w = 24, .box_h = 24, .ofs_x = 0, .ofs_y = -3},
    {.bitmap_index = 2158, .adv_w = 384, .box_w = 8, .box_h = 12, .ofs_x = 8, .ofs_y = 3},
    {.bitmap_index = 2206, .adv_w = 384, .box_w = 20, .box_h = 20, .ofs_x = 2, .ofs_y = -1},
    {.bitmap_index = 2406, .adv_w = 384, .box_w = 20, .box_h = 20, .ofs_x = 2, .ofs_y = -1},
    {.bitmap_index = 2606, .adv_w = 384, .box_w = 18, .box_h = 6, .ofs_x = 3, .ofs_y = 6},
    {.bitmap_index = 2660, .adv_w = 384, .box_w = 21, .box_h = 20, .ofs_x = 2, .ofs_y = -1},
    {.bitmap_index = 2870, .adv_w = 384, .box_w = 16, .box_h = 19, .ofs_x = 4, .ofs_y = -1},
    {.bitmap_index = 3022, .adv_w = 384, .box_w = 12, .box_h = 20, .ofs_x = 6, .ofs_y = -1},
    {.bitmap_index = 3142, .adv_w = 384, .box_w = 20, .box_h = 20, .ofs_x = 2, .ofs_y = -1},
    {.bitmap_index = 3342, .adv_w = 384, .box_w = 20, .box_h = 20, .ofs_x = 2, .ofs_y = -1},
    {.bitmap_index = 3542, .adv_w = 384, .box_w = 24, .box_h = 23, .ofs_x = 0, .ofs_y = -2},
    {.bitmap_index = 3818, .adv_w = 384, .box_w = 14, .box_h = 20, .ofs_x = 5, .ofs_y = -1},
    {.bitmap_index = 3958, .adv_w = 384, .box_w = 14, .box_h = 20, .ofs_x = 5, .ofs_y = -1},
    {.bitmap_index = 4098, .adv_w = 384, .box_w = 18, .box_h = 22, .ofs_x = 3, .ofs_y = -1},
    {.bitmap_index = 4296, .adv_w = 384, .box_w = 18, .box_h = 18, .ofs_x = 3, .ofs_y = 0},
    {.bitmap_index = 4458, .adv_w = 384, .box_w = 18, .box_h = 18, .ofs_x = 3, .ofs_y = 0},
    {.bitmap_index = 4620, .adv_w = 384, .box_w = 20, .box_h = 20, .ofs_x = 2, .ofs_y = -1},
    {.bitmap_index = 4820, .adv_w = 384, .box_w = 18, .box_h = 18, .ofs_x = 3, .ofs_y = 0},
    {.bitmap_index = 4982, .adv_w = 384, .box_w = 20, .box_h = 20, .ofs_x = 2, .ofs_y = -1},
    {.bitmap_index = 5182, .adv_w = 384, .box_w = 20, .box_h = 20, .ofs_x = 2, .ofs_y = -1},
    {.bitmap_index = 5382, .adv_w = 384, .box_w = 18, .box_h = 18, .ofs_x = 3, .ofs_y = 0},
    {.bitmap_index = 5544, .adv_w = 384, .box_w = 20, .box_h = 18, .ofs_x = 2, .ofs_y = 0},
    {.bitmap_index = 5724, .adv_w = 384, .box_w = 18, .box_h = 24, .ofs_x = 3, .ofs_y = -3},
    {.bitmap_index = 5940, .adv_w = 384, .box_w = 18, .box_h = 18, .ofs_x = 3, .ofs_y = 0},
    {.bitmap_index = 6102, .adv_w = 384, .box_w = 12, .box_h = 20, .ofs_x = 6, .ofs_y = -1},
    {.bitmap_index = 6222, .adv_w = 384, .box_w = 20, .box_h = 12, .ofs_x = 2, .ofs_y = 3},
    {.bitmap_index = 6342, .adv_w = 384, .box_w = 20, .box_h = 12, .ofs_x = 2, .ofs_y = 3},
    {.bitmap_index = 6462, .adv_w = 384, .box_w = 18, .box_h = 24, .ofs_x = 3, .ofs_y = -3},
    {.bitmap_index = 6678, .adv_w = 384, .box_w = 18, .box_h = 18, .ofs_x = 3, .ofs_y = 0},
    {.bitmap_index = 6840, .adv_w = 384, .box_w = 12, .box_h = 18, .ofs_x = 6, .ofs_y = 0},
    {.bitmap_index = 6948, .adv_w = 384, .box_w = 24, .box_h = 14, .ofs_x = 0, .ofs_y = 2},
    {.bitmap_index = 7116, .adv_w = 384, .box_w = 24, .box_h = 18, .ofs_x = 0, .ofs_y = 0},
    {.bitmap_index = 7332, .adv_w = 384, .box_w = 21, .box_h = 23, .ofs_x = 1, .ofs_y = -2},
    {.bitmap_index = 7574, .adv_w = 384, .box_w = 21, .box_h = 21, .ofs_x = 1, .ofs_y = -1},
    {.bitmap_index = 7795, .adv_w = 384, .box_w = 24, .box_h = 20, .ofs_x = 0, .ofs_y = -1},
    {.bitmap_index = 8035, .adv_w = 384, .box_w = 24, .box_h = 20, .ofs_x = 0, .ofs_y = -1},
    {.bitmap_index = 8275, .adv_w = 384, .box_w = 24, .box_h = 21, .ofs_x = 0, .ofs_y = -2},
    {.bitmap_index = 8527, .adv_w = 384, .box_w = 18, .box_h = 20, .ofs_x = 3, .ofs_y = -1},
    {.bitmap_index = 8707, .adv_w = 384, .box_w = 19, .box_h = 20, .ofs_x = 3, .ofs_y = -1},
    {.bitmap_index = 8897, .adv_w = 384, .box_w = 22, .box_h = 18, .ofs_x = 1, .ofs_y = 0},
    {.bitmap_index = 9095, .adv_w = 384, .box_w = 23, .box_h = 18, .ofs_x = 0, .ofs_y = 0},
    {.bitmap_index = 9302, .adv_w = 384, .box_w = 18, .box_h = 20, .ofs_x = 3, .ofs_y = -1},
    {.bitmap_index = 9482, .adv_w = 384, .box_w = 18, .box_h = 20, .ofs_x = 3, .ofs_y = -1},
    {.bitmap_index = 9662, .adv_w = 384, .box_w = 20, .box_h = 20, .ofs_x = 2, .ofs_y = -1},
    {.bitmap_index = 9862, .adv_w = 384, .box_w = 12, .box_h = 18, .ofs_x = 6, .ofs_y = 0},
    {.bitmap_index = 9970, .adv_w = 384, .box_w = 22, .box_h = 22, .ofs_x = 1, .ofs_y = -2},
    {.bitmap_index = 10212, .adv_w = 384, .box_w = 18, .box_h = 20, .ofs_x = 3, .ofs_y = -1},
    {.bitmap_index = 10392, .adv_w = 384, .box_w = 14, .box_h = 16, .ofs_x = 5, .ofs_y = 0},
    {.bitmap_index = 10504, .adv_w = 384, .box_w = 14, .box_h = 16, .ofs_x = 5, .ofs_y = 0},
    {.bitmap_index = 10616, .adv_w = 384, .box_w = 20, .box_h = 20, .ofs_x = 2, .ofs_y = -1},
    {.bitmap_index = 10816, .adv_w = 384, .box_w = 18, .box_h = 18, .ofs_x = 3, .ofs_y = 0},
    {.bitmap_index = 10978, .adv_w = 384, .box_w = 20, .box_h = 19, .ofs_x = 2, .ofs_y = 0},
    {.bitmap_index = 11168, .adv_w = 384, .box_w = 18, .box_h = 12, .ofs_x = 3, .ofs_y = 3},
    {.bitmap_index = 11276, .adv_w = 384, .box_w = 20, .box_h = 18, .ofs_x = 2, .ofs_y = 0},
    {.bitmap_index = 11456, .adv_w = 384, .box_w = 20, .box_h = 18, .ofs_x = 2, .ofs_y = 0},
    {.bitmap_index = 11636, .adv_w = 384, .box_w = 21, .box_h = 20, .ofs_x = 2, .ofs_y = -1},
    {.bitmap_index = 11846, .adv_w = 384, .box_w = 20, .box_h = 21, .ofs_x = 2, .ofs_y = -3},
    {.bitmap_index = 12056, .adv_w = 384, .box_w = 20, .box_h = 20, .ofs_x = 2, .ofs_y = -1},
    {.bitmap_index = 12256, .adv_w = 384, .box_w = 20, .box_h = 20, .ofs_x = 2, .ofs_y = -1},
    {.bitmap_index = 12456, .adv_w = 384, .box_w = 22, .box_h = 22, .ofs_x = 2, .ofs_y = -1},
    {.bitmap_index = 12698, .adv_w = 384, .box_w = 18, .box_h = 24, .ofs_x = 3, .ofs_y = -3},
    {.bitmap_index = 12914, .adv_w = 384, .box_w = 22, .box_h = 22, .ofs_x = 2, .ofs_y = -1},
    {.bitmap_index = 13156, .adv_w = 384, .box_w = 21, .box_h = 20, .ofs_x = 1, .ofs_y = -1},
    {.bitmap_index = 13366, .adv_w = 384, .box_w = 20, .box_h = 20, .ofs_x = 2, .ofs_y = -1},
    {.bitmap_index = 13566, .adv_w = 384, .box_w = 20, .box_h = 18, .ofs_x = 2, .ofs_y = 0},
    {.bitmap_index = 13746, .adv_w = 384, .box_w = 12, .box_h = 20, .ofs_x = 6, .ofs_y = -1},
    {.bitmap_index = 13866, .adv_w = 384, .box_w = 12, .box_h = 20, .ofs_x = 6, .ofs_y = -1},
    {.bitmap_index = 13986, .adv_w = 384, .box_w = 22, .box_h = 16, .ofs_x = 1, .ofs_y = 0},
    {.bitmap_index = 14162, .adv_w = 384, .box_w = 22, .box_h = 17, .ofs_x = 1, .ofs_y = 0},
    {.bitmap_index = 14349, .adv_w = 384, .box_w = 20, .box_h = 20, .ofs_x = 2, .ofs_y = -1},
    {.bitmap_index = 14549, .adv_w = 384, .box_w = 12, .box_h = 24, .ofs_x = 6, .ofs_y = -3},
    {.bitmap_index = 14693, .adv_w = 384, .box_w = 23, .box_h = 23, .ofs_x = 1, .ofs_y = -2},
    {.bitmap_index = 14958, .adv_w = 384, .box_w = 18, .box_h = 18, .ofs_x = 3, .ofs_y = 0},
    {.bitmap_index = 15120, .adv_w = 384, .box_w = 20, .box_h = 12, .ofs_x = 2, .ofs_y = 3},
    {.bitmap_index = 15240, .adv_w = 384, .box_w = 18, .box_h = 18, .ofs_x = 3, .ofs_y = 0},
    {.bitmap_index = 15402, .adv_w = 384, .box_w = 21, .box_h = 20, .ofs_x = 1, .ofs_y = -1}
};

/*---------------------
 *  CHARACTER MAPPING
 *--------------------*/

static const uint16_t unicode_list_0[] = {
    0x0, 0xe, 0x22, 0x24, 0x75, 0x76, 0x78, 0x7a,
    0x7c, 0x7e, 0x7f, 0x80, 0x8a, 0xda, 0x13e, 0x14c,
    0x155, 0x1d4, 0x20c, 0x234, 0x23d, 0x296, 0x2d3, 0x315,
    0x331, 0x332, 0x33a, 0x357, 0x38e, 0x38f, 0x3d4, 0x3e1,
    0x408, 0x421, 0x4c1, 0x4e2, 0x4e3, 0x50b, 0x51d, 0x51e,
    0x561, 0x57a, 0x58a, 0x58c, 0x58d, 0x590, 0x591, 0x592,
    0x593, 0x594, 0x595, 0x599, 0x5a5, 0x5a6, 0x5aa, 0x5ad,
    0x5dc, 0x6a1, 0x6a2, 0x6b1, 0x6d5, 0x6d6, 0x713, 0x765,
    0x7cd, 0x7e0, 0x817, 0x818, 0x819, 0xa5c, 0xbbe, 0xd3f,
    0xd8d, 0xec8, 0xfc2, 0xfca, 0x101c, 0x104d, 0x10be, 0x10bf,
    0x124f, 0x1250, 0x12a4, 0x1407, 0x1431, 0x14fe, 0x1797, 0x17c3,
    0x18d2
};

/*Collect the unicode lists and glyph_id offsets*/
static const lv_font_fmt_txt_cmap_t cmaps[] =
{
    {
        .range_start = 983044, .range_length = 6355, .glyph_id_start = 1,
        .unicode_list = unicode_list_0, .glyph_id_ofs_list = NULL, .list_length = 89, .type = LV_FONT_FMT_TXT_CMAP_SPARSE_TINY
    }
};



/*--------------------
 *  ALL CUSTOM DATA
 *--------------------*/

#if LVGL_VERSION_MAJOR == 8
/*Store all the custom data of the font*/
static  lv_font_fmt_txt_glyph_cache_t cache;
#endif

#if LVGL_VERSION_MAJOR >= 8
static const lv_font_fmt_txt_dsc_t font_dsc = {
#else
static lv_font_fmt_txt_dsc_t font_dsc = {
#endif
    .glyph_bitmap = glyph_bitmap,
    .glyph_dsc = glyph_dsc,
    .cmaps = cmaps,
    .kern_dsc = NULL,
    .kern_scale = 0,
    .cmap_num = 1,
    .bpp = 4,
    .kern_classes = 0,
    .bitmap_format = 0,
#if LVGL_VERSION_MAJOR == 8
    .cache = &cache
#endif
};



/*-----------------
 *  PUBLIC FONT
 *----------------*/

/*Initialize a public general font descriptor*/
#if LVGL_VERSION_MAJOR >= 8
const lv_font_t fleet_icons_24 = {
#else
lv_font_t fleet_icons_24 = {
#endif
    .get_glyph_dsc = lv_font_get_glyph_dsc_fmt_txt,    /*Function pointer to get glyph's data*/
    .get_glyph_bitmap = lv_font_get_bitmap_fmt_txt,    /*Function pointer to get glyph's bitmap*/
    .line_height = 24,          /*The maximum line height required by the font*/
    .base_line = 3,             /*Baseline measured from the bottom of the line*/
#if !(LVGL_VERSION_MAJOR == 6 && LVGL_VERSION_MINOR == 0)
    .subpx = LV_FONT_SUBPX_NONE,
#endif
#if LV_VERSION_CHECK(7, 4, 0) || LVGL_VERSION_MAJOR >= 8
    .underline_position = 0,
    .underline_thickness = 0,
#endif
    .dsc = &font_dsc,          /*The custom font data. Will be accessed by `get_glyph_bitmap/dsc` */
#if LV_VERSION_CHECK(8, 2, 0) || LVGL_VERSION_MAJOR >= 9
    .fallback = NULL,
#endif
    .user_data = NULL,
};



#endif /*#if FLEET_ICONS_24*/

